{"name.short":"வாக்கெடுப்பு","name.full":"வாக்கெடுப்பு","composeExtensions[0].commands[0].title":"வாக்கெடுப்பை உருவாக்கு","description.short":"கேள்வி கேட்டு, மற்றவர்களின் கருத்தை அறியலாம்","description.full":"அரட்டை அல்லது சேனலில் வாக்கெடுப்பை உருவாக்குவதன் மூலம் உங்கள் அணியின் கருத்தைப் பெறுங்கள்.​ செய்தியை எழுதுக என்ற பெட்டியின் கீழ், \"…\"-இல் பயன்பாட்டைக் கண்டறியுங்கள்​. உங்கள் கேள்வியையும் விருப்பத்தேர்வுகளையும் உள்ளிடவும், நீங்கள் தொடர்வதற்குத் தயாராக இருக்கிறீர்கள். பதில்களைக் கண்காணிப்பதன் மூலம் பங்கேற்பில் தொடர்ந்து முதன்மையாக இருங்கள். உங்கள் சக ஊழியர்களுடன் பகிர, வாக்கெடுப்பு முடிவைப் பதிவிறக்குங்கள்."}