{
  "Choice": "निवड {0}",
  "ResultsVisibilitySettingsSummaryEveryone": "प्रत्‍येकाला निकाल सर्वांना दिसू शकतात",
  "ResultsVisibilitySettingsSummarySenderOnly": "निकाल फक्त मला दिसू शकतात",
  "DueInYears": "{0} वर्षांमध्ये निहित",
  "DueInYear": "{0} वर्षामध्ये निहित",
  "DueInMonths": "{0} महिन्यांमध्ये निहित",
  "DueInMonth": "{0} महिन्यामध्ये निहित",
  "DueInWeeks": "{0} आठवड्यांमध्ये निहित",
  "DueInWeek": "{0} आठवड्यामध्ये निहित",
  "DueInDays": "{0} दिवसांमध्ये निहित",
  "DueInDay": "{0} दिवसामध्ये निहित",
  "DueInHoursAndMinutes": "{0} तास, {1} मिनिटांमध्‍ये निहित",
  "DueInHourAndMinutes": "{0} तास, {1} मिनिटांमध्‍ये निहित",
  "DueInHoursAndMinute": "{0} तास, {1} मिनिटात निहित",
  "DueInHourAndMinute": "{0} तास, {1} मिनिटात निहित",
  "DueInHours": "{0} तासांमध्ये निहित",
  "DueInHour": "{0} तासामध्ये निहित",
  "DueInMinutes": "{0} मिनिटांमध्ये निहित",
  "DueInMinute": "{0} मिनिटामध्ये निहित",
  "Send": "पोल पाठवा",
  "TitleBlankError": "शीर्षक रिक्‍त ठेऊ शकत नाही",
  "PollTitlePlaceholder": "पोल प्रश्न प्रविष्ट करा",
  "Settings": "सेटिंग्ज",
  "BlankChoiceError": "निवड रिक्‍त ठेऊ शकत नाही",
  "You": "तुम्ही",
  "YetToRespond": "{0} अद्याप प्रतिसाद द्यायचा आहे",
  "ResponseFetchError": "प्रतिसाद मिळवणे अयशस्‍वी झाले. पुन्‍हा प्रयत्‍न करा.",
  "Back": "मागे",
  "ViewResponses": "प्रतिसाद पाहा",
  "Download": "डाउनलोड करा",
  "DownloadResponses": "CSV डाउनलोड करा",
  "DownloadYourResponses": "आपला प्रतिसाद डाउनलोड करा",
  "DownloadImage": "प्रतिमा डाउनलोड करा",
  "ClosedOn": "{0} रोजी बंद केले",
  "ExpiredOn": "{0} रोजी कालबाह्य झाले",
  "FeatureNotAvailable": "हे वैशिष्ट्य सध्या उपलब्ध नाही",
  "OK": "ठीक आहे",
  "SelectADate": "तारीख निवडा...",
  "SelectATime": "तारीख निवडा...",
  "SomethingWentWrong": "काहीतरी चूक झाली",
  "ChangeDueDate": "निहित तारीख बदला",
  "ChangeDate": "तारीख बदला",
  "ClosePoll": "पोल बंद करा",
  "DeletePoll": "पोल हटवा",
  "ClosePollConfirmation": "आपल्‍याला हा पोल नक्‍की बंद करायचे आहे का?",
  "DeletePollConfirmation": "आपण हा पोल हटवू इच्छित असल्याची आपल्याला खात्री आहे?",
  "Participation": "सहभाग {0}%",
  "BarPercentage": "{0}%",
  "ParticipationIndicatorSingular": "{1} पैकी {0} नी प्रतिसाद दिला",
  "ParticipationIndicatorPlural": "{1} पैकी {0} नी प्रतिसाद दिला",
  "Responders": "प्रतिसादकर्ते",
  "NonResponders": "अद्याप प्रतिसाद द्यायचा आहे",
  "NotResponded": "तुम्ही प्रतिसाद दिलेला नाही",
  "YourResponse": "आपला प्रतिसाद: {0}",
  "VisibilityCreatorOnlyLabel": "निकाल फक्त या पोलच्या प्रेषकाला दृश्यमान असतील",
  "Cancel": "रद्द करा",
  "Change": "बदल करा",
  "Confirm": "पुष्टी करा",
  "dueBy": "द्वारे निहित",
  "dueByDate": "{0} पर्यंत निहित",
  "multipleResponses": "एकाधिक प्रतिसादांना अनुमती द्या",
  "responseOptions": "प्रतिसाद पर्याय",
  "resultsVisibleTo": "निकाल यांना दृश्‍यमान असतील",
  "resultsVisibleToAll": "प्रत्येकजण",
  "resultsVisibleToSender": "फक्त मी",
  "datePickerPlaceholder": "तारीख निवडा...",
  "timePickerPlaceholder": "तारीख निवडा...",
  "PollResult": "पोल निकाल - {0}",
  "UnknownMember": "अज्ञात सदस्‍य",
  "AddChoice": "पर्याय निवडा",
  "DeleteChoice": "निवड हटवा",
  "GotIt": "समजले",
  "ChatLieErrorText": "हे संभाषण सुरू करण्यासाठी एक संदेश पाठवा आणि नंतर पोल वर परत या",
  "DismissMenu": "मेनू डिसमिस करा",
  "MoreOptions": "अधिक पर्याय",
  "PollOptions": "पोल पर्याय",
  "GenericError": "या अनुप्रयोगावर पोहोचण्यात समस्या आली. कृपया थोड्या वेळाने प्रयत्न करा.",
  "PollDeletedError": "हा पोल हटवण्यात आला आहे.",
  "PollDeletedErrorDescription": "हे मतदान यापुढे संबंधित नाही आणि निर्मात्याद्वारे हटविण्यात आले.",
  "Close": "बंद करा",
  "ResponderAccessibilityLabel": "{0} ने {1} ला {2} रोजी प्रतिसाद दिला",
  "OptionResponseAccessibility": "{0}, {1} प्रतिसादकर्ते, {2}",
  "Next": "पुढील",
  "DeleteChoiceX": "{0} निवड हटवा",
  "ChangeDueBy": "यानुसार बदल",
  "DialogTalkback": "{0} डायलॉग. {1}",
  "NotRespondedLabel": "आपण प्रतिसाद दिला नाही",
  "NotRespondedLabel.comment": "जेव्हा परिणाम दृश्यमानता केवळ निर्मात्यावर सेट केली जाते आणि पोल बंद केला जातो किंवा कालबाह्य होतो आणि प्रयोक्त्याने प्रतिसाद दिला नसेल तेव्हा पोल तयार न केलेल्या निर्मात्यांसाठी संदेश",
  "PollDeleted": "हा पोल हटवण्‍यात आला आहे",
  "PollClosed": "पोल बंद झाला",
  "PollExpired": "पोल कालबाह्य झाला",
  "ResultEveryone": "प्रतिसाद प्रत्‍येकाला दृश्‍यमान असतील",
  "ResultCreator": "प्रतिसाद फक्‍त निर्मात्‍यांना दृश्‍यमान असतील",
  "Submit": "मत सबमिट करा",
  "Results": "निकाल पाहा",
  "BeTheFirstOneToRespond": "पोल देणारे सर्वात पहिले बना",
  "OneResponded": "{0} नी प्रतिसाद दिला",
  "TwoResponded": "{0} आणि {1} ने प्रतिसाद दिला",
  "ThreeResponded": "{0}, {1} आणि {2} नी प्रतिसाद दिला",
  "ThreeAndOneOtherResponded": "{0}, {1}, {2} आणि आणखी 1 ने प्रतिसाद दिला",
  "ThreeAndOthersResponded": "{0}, {1}, {2} आणि आणखी {3} नी प्रतिसाद दिला",
  "CreateNewPoll": "नवीन पोल तयार करा",
  "ResultsTitle": "निकाल दृश्य",
  "$manifest.name": "पोल",
  "$manifest.views.LaunchView.header": "पोल तयार करा",
  "$manifest.description": "प्रश्न विचारा आणि लोकांचे मत जाणून घ्या",
  "$manifest.msTeamsProps.name.short": "पोल",
  "$manifest.msTeamsProps.name.full": "पोल",
  "$manifest.msTeamsProps.description.short": "प्रश्न विचारा आणि लोकांचे मत जाणून घ्या",
  "$manifest.msTeamsProps.description.full": "चॅट किंवा चॅनलमध्ये पोल तयार करून आपल्या संघाची मते मिळवा.​ संदेश रचना बॉक्स​ अंतर्गत ‘…’ मधील अनुप्रयोग शोधा. आपला प्रश्न आणि निवडी प्रविष्ठ करा आणि आपण प्रारंभ करण्यासाठी सज्ज आहात. प्रतिसाद ट्रॅक करून सहभागाच्या सर्वात वर राहा.आपल्या सहकर्मचार्यांसह सामायिक करण्यासाठी पोल परिणाम डाउनलोड करा."
}