{
  "Choice": "{0} من الاختيارات",
  "ResultsVisibilitySettingsSummaryEveryone": "النتائج مرئية للكل",
  "ResultsVisibilitySettingsSummarySenderOnly": "النتائج مرئية لي فقط",
  "DueInYears": "يُستحق خلال {0} من السنين",
  "DueInYear": "يُستحق خلال سنة {0}",
  "DueInMonths": "يُستحق خلال {0} من الشهور",
  "DueInMonth": "يُستحق خلال شهر {0}",
  "DueInWeeks": "يُستحق خلال {0} من الأسابيع",
  "DueInWeek": "يُستحق خلال أسبوع {0}",
  "DueInDays": "يُستحق في غضون {0} من الأيام",
  "DueInDay": "يستحق خلال يوم {0}",
  "DueInHoursAndMinutes": "يُستحق خلال {0} من الساعات و{1} من الدقائق",
  "DueInHourAndMinutes": "يُستحق خلال ساعة {0} و{1} من الدقائق",
  "DueInHoursAndMinute": "يُستحق خلال {0} من الساعات ودقيقة {1}",
  "DueInHourAndMinute": "يُستحق خلال ساعة {0} ودقيقة {1}",
  "DueInHours": "يُستحق خلال {0} من الساعات",
  "DueInHour": "يُستحق الساعة {0}",
  "DueInMinutes": "يُستحق خلال {0} من الدقائق",
  "DueInMinute": "يُستحق خلال دقيقة {0}",
  "Send": "إرسال الاستقصاء",
  "TitleBlankError": "لا يمكن ترك العنوان فارغاً",
  "PollTitlePlaceholder": "إدخال سؤال الاستقصاء",
  "Settings": "إعدادات",
  "BlankChoiceError": "لا يمكن ترك الاختيار فارغاً",
  "You": "أنت",
  "YetToRespond": "لم يستجيب {0} من الأشخاص حتى الآن",
  "ResponseFetchError": "فشل إحضار الاستجابة. حاول مرة أخرى.",
  "Back": "السابق",
  "ViewResponses": "عرض الاستجابات",
  "Download": "تحميل",
  "DownloadResponses": "تنزيل ملف CSV",
  "DownloadYourResponses": "تنزيل استجابتك",
  "DownloadImage": "تنزيل الصورة",
  "ClosedOn": "مغلق في {0}",
  "ExpiredOn": "انتهت الصلاحية في {0}",
  "FeatureNotAvailable": "هذه الميزة غير متوفرة حالياً",
  "OK": "موافق",
  "SelectADate": "تحديد تاريخ...",
  "SelectATime": "تحديد وقت...",
  "SomethingWentWrong": "حدث خطأ ما",
  "ChangeDueDate": "تغيير تاريخ الاستحقاق",
  "ChangeDate": "تغيير التاريخ",
  "ClosePoll": "إغلاق الاستطلاع الرأي",
  "DeletePoll": "حذف الاستقصاء",
  "ClosePollConfirmation": "هل تريد بالتأكيد إغلاق هذا الاستقصاء؟",
  "DeletePollConfirmation": "هل تريد بالتأكيد حذف هذا الاستقصاء؟",
  "Participation": "المشاركة {0}%",
  "BarPercentage": "{0}%",
  "ParticipationIndicatorSingular": "استجاب {0} من {1}",
  "ParticipationIndicatorPlural": "استجاب {0} من {1}",
  "Responders": "المستجيبون",
  "NonResponders": "حتى يستجيب",
  "NotResponded": "لم تستجب بعد",
  "YourResponse": "استجابتك: {0}",
  "VisibilityCreatorOnlyLabel": "لن تظهر النتائج إلا لمُرسِل هذا الاستقصاء فقط",
  "Cancel": "إلغاء الأمر",
  "Change": "تغيير",
  "Confirm": "تأكيد",
  "dueBy": "تاريخ الاستحقاق",
  "dueByDate": "تاريخ الاستحقاق {0}",
  "multipleResponses": "السماح باستجابات متعددة",
  "responseOptions": "خيارات الاستجابة",
  "resultsVisibleTo": "النتائج مرئية لـ",
  "resultsVisibleToAll": "الكل",
  "resultsVisibleToSender": "أنا فقط",
  "datePickerPlaceholder": "تحديد تاريخ...",
  "timePickerPlaceholder": "تحديد وقت...",
  "PollResult": "نتيجة الاستقصاء-{0}",
  "UnknownMember": "عضو غير معروف",
  "AddChoice": "إضافة اختيار",
  "DeleteChoice": "حذف الاختيار",
  "GotIt": "حسناً",
  "ChatLieErrorText": "أرسل رسالة لبدء هذه المحادثة، ومن ثم ارجع مجدداً إلى \"الاستقصاء\"",
  "DismissMenu": "تجاهل القائمة",
  "MoreOptions": "مزيد من الخيارات",
  "PollOptions": "خيارات الاستقصاء",
  "GenericError": "حدثت مشكلة ما أثناء الوصول إلى هذا التطبيق. الرجاء المحاولة لاحقاً.",
  "PollDeletedError": "تم حذف استطلاع الرأي هذا.",
  "PollDeletedErrorDescription": "لم يعد الاستطلاع الرأي هذا ذو صلة وتم حذفه بواسطة المنشئ.",
  "Close": "إغلاق",
  "ResponderAccessibilityLabel": "{0} تمت الاستجابة {1} على {2}",
  "OptionResponseAccessibility": "{0}، استجابات {1}، {2}",
  "Next": "التالي",
  "DeleteChoiceX": "حذف الاختيار {0}",
  "ChangeDueBy": "تغيير تاريخ الاستحقاق",
  "DialogTalkback": "مربع الحوار{0}. {1}",
  "NotRespondedLabel": "لم تستجب له",
  "NotRespondedLabel.comment": "رسالة للأشخاص غير المعدين لاستطلاع الرأي عندما تكون رؤية النتيجة معينة فقط لمعد استطلاع الرأي حيث تم إغلاقه أو انتهت صلاحيته ولم يستجب المستخدم له",
  "PollDeleted": "تم حذف هذا الاستقصاء",
  "PollClosed": "تم إغلاق الاستقصاء",
  "PollExpired": "انتهت صلاحية الاستقصاء",
  "ResultEveryone": "الاستجابات مرئية للجميع",
  "ResultCreator": "الاستجابات مرئية للمنشئ فقط",
  "Submit": "إرسال الصوت",
  "Results": "عرض النتيجة",
  "BeTheFirstOneToRespond": "كن أول مَن يُجري هذا الاستقصاء",
  "OneResponded": "استجاب {0}",
  "TwoResponded": "استجاب {0} و{1}",
  "ThreeResponded": "استجاب {0} و{1} و{2}",
  "ThreeAndOneOtherResponded": "استجاب {0} و{1} و{2} ومستخدم واحد آخر",
  "ThreeAndOthersResponded": "استجاب {0} و{1} و{2} و{3} آخرين",
  "CreateNewPoll": "إنشاء استقصاء جديد",
  "ResultsTitle": "عرض النتائج",
  "$manifest.name": "استقصاء",
  "$manifest.views.LaunchView.header": "إنشاء استقصاء",
  "$manifest.description": "طرح سؤال والحصول على آراء الأشخاص",
  "$manifest.msTeamsProps.name.short": "استقصاء",
  "$manifest.msTeamsProps.name.full": "استقصاء",
  "$manifest.msTeamsProps.description.short": "طرح سؤال والحصول على آراء الأشخاص",
  "$manifest.msTeamsProps.description.full": "تعرف على آراء فريقك من خلال إنشاء استقصاء في دردشة أو قناة.​• يمكنك العثور على التطبيق من \"…\" ضمن مربع إنشاء الرسالة​. أدخل السؤال والاختيارات وستعثر عليه. أبقَ على اطلاع بالمشاركات من خلال تتبع الاستجابات. قم بتنزيل نتيجة الاستقصاء لمشاركتها مع زملائك."
}