{
  "Choice": "{0}. választási lehetőség",
  "ResultsVisibilitySettingsSummaryEveryone": "Mindenki láthatja az eredményt",
  "ResultsVisibilitySettingsSummarySenderOnly": "Csak én láthatom az eredményt",
  "DueInYears": "{0} év múlva esedékes",
  "DueInYear": "{0} év múlva esedékes",
  "DueInMonths": "{0} hónap múlva esedékes",
  "DueInMonth": "{0} hónap múlva esedékes",
  "DueInWeeks": "{0} hét múlva esedékes",
  "DueInWeek": "{0} hét múlva esedékes",
  "DueInDays": "{0} nap múlva esedékes",
  "DueInDay": "{0} nap múlva esedékes",
  "DueInHoursAndMinutes": "{0} órán és {1} percen belül esedékes",
  "DueInHourAndMinutes": "{0} órán és {1} percen belül esedékes",
  "DueInHoursAndMinute": "{0} órán és {1} percen belül esedékes",
  "DueInHourAndMinute": "{0} órán és {1} percen belül esedékes",
  "DueInHours": "{0} óra múlva esedékes",
  "DueInHour": "{0} óra múlva esedékes",
  "DueInMinutes": "{0} perc múlva esedékes",
  "DueInMinute": "{0} perc múlva esedékes",
  "Send": "Szavazás küldése",
  "TitleBlankError": "A cím megadása kötelező.",
  "PollTitlePlaceholder": "Írja be a szavazásban feltenni kívánt kérdést",
  "Settings": "Beállítások",
  "BlankChoiceError": "Kötelező megadni a választási lehetőséget.",
  "You": "Ön",
  "YetToRespond": "{0} személy még nem válaszolt",
  "ResponseFetchError": "Nem sikerült beolvasni a választ. Próbálkozzon újra.",
  "Back": "Vissza",
  "ViewResponses": "Válaszok megtekintése",
  "Download": "Letöltés",
  "DownloadResponses": "CSV-fájl letöltése",
  "DownloadYourResponses": "Töltse le a válaszát",
  "DownloadImage": "Kép letöltése",
  "ClosedOn": "Lezárva: {0}",
  "ExpiredOn": "Lejárt: {0}",
  "FeatureNotAvailable": "Ez a funkció egyelőre nem működik.",
  "OK": "OK",
  "SelectADate": "Dátum kiválasztása...",
  "SelectATime": "Időpont kiválasztása...",
  "SomethingWentWrong": "Hiba történt",
  "ChangeDueDate": "Határidő módosítása",
  "ChangeDate": "Dátum módosítása",
  "ClosePoll": "Szavazás lezárása",
  "DeletePoll": "Szavazás törlése",
  "ClosePollConfirmation": "Biztos, hogy lezárja a szavazást?",
  "DeletePollConfirmation": "Biztos, hogy törli a szavazást?",
  "Participation": "Részvételi arány: {0}%",
  "BarPercentage": "{0}%",
  "ParticipationIndicatorSingular": "{1} személyből {0} válaszolt",
  "ParticipationIndicatorPlural": "{1} személyből {0} válaszolt",
  "Responders": "Válaszadók",
  "NonResponders": "Még nem válaszoltak",
  "NotResponded": "Ön még nem válaszolt",
  "YourResponse": "Ön ezt válaszolta: {0}",
  "VisibilityCreatorOnlyLabel": "Csak a szavazás küldője láthatja az eredményeket",
  "Cancel": "Mégse",
  "Change": "Módosítás",
  "Confirm": "Jóváhagyás",
  "dueBy": "Határidő",
  "dueByDate": "Esedékes: {0}",
  "multipleResponses": "Több válasz engedélyezése",
  "responseOptions": "Válaszlehetőségek",
  "resultsVisibleTo": "Kik láthatják az eredményt?",
  "resultsVisibleToAll": "Mindenki",
  "resultsVisibleToSender": "Csak én",
  "datePickerPlaceholder": "Dátum kiválasztása...",
  "timePickerPlaceholder": "Időpont kiválasztása...",
  "PollResult": "Szavazás eredménye: {0}",
  "UnknownMember": "Ismeretlen tag",
  "AddChoice": "Választási lehetőség hozzáadása",
  "DeleteChoice": "Választási lehetőség törlése",
  "GotIt": "Értem",
  "ChatLieErrorText": "Küldjön egy üzenetet a beszélgetés elkezdéséhez, majd lépjen vissza a szavazásra.",
  "DismissMenu": "Menü bezárása",
  "MoreOptions": "További beállítások",
  "PollOptions": "Szavazási lehetőségek",
  "GenericError": "Nem találjuk az appot. Kérjük, próbálkozzon újra egy kicsit később.",
  "PollDeletedError": "A szavazást törölték.",
  "PollDeletedErrorDescription": "Ez a szavazás már nem releváns, és a készítője törölte.",
  "Close": "Bezárás",
  "ResponderAccessibilityLabel": "{0} {2} időpontban ezt válaszolta: {1}",
  "OptionResponseAccessibility": "{0}, {1} válaszadó, {2}",
  "Next": "Tovább",
  "DeleteChoiceX": "{0}. választási lehetőség törlése",
  "ChangeDueBy": "Határidő módosítása",
  "DialogTalkback": "{0} párbeszédpanel. {1}",
  "NotRespondedLabel": "Ön nem válaszolt.",
  "NotRespondedLabel.comment": "A szavazás nem alkotóinak szóló üzenet, ha az eredmény láthatósága csak létrehozóra van beállítva, és a szavazás le van zárva vagy lejárt, és a felhasználó nem válaszolt.",
  "PollDeleted": "Szavazás törölve",
  "PollClosed": "Szavazás lezárva",
  "PollExpired": "Lejárt a szavazás",
  "ResultEveryone": "Mindenki láthatja a válaszokat",
  "ResultCreator": "Csak a létrehozó láthatja a válaszokat",
  "Submit": "Szavazat elküldése",
  "Results": "Eredmény megtekintése",
  "BeTheFirstOneToRespond": "Ön lehet az első szavazó",
  "OneResponded": "{0} válaszolt",
  "TwoResponded": "{0} és {1} válaszolt",
  "ThreeResponded": "{0}, {1} és {2} válaszolt",
  "ThreeAndOneOtherResponded": "{0}, {1}, {2} és egy másik személy válaszolt",
  "ThreeAndOthersResponded": "{0}, {1}, {2} és {3} másik személy válaszolt",
  "CreateNewPoll": "Új szavazás létrehozása",
  "ResultsTitle": "Eredmények nézet",
  "$manifest.name": "Szavazás",
  "$manifest.views.LaunchView.header": "Szavazás létrehozása",
  "$manifest.description": "Kérdés feltevése és mások véleményének kikérése",
  "$manifest.msTeamsProps.name.short": "Szavazás",
  "$manifest.msTeamsProps.name.full": "Szavazás",
  "$manifest.msTeamsProps.description.short": "Kérdés feltevése és mások véleményének kikérése",
  "$manifest.msTeamsProps.description.full": "Egy csevegésben vagy csatornában szavazást létrehozva megtudhatja csapata véleményét.​ Keresse meg az appot az üzenet szövegbeviteli mező alatti „…” helyen.​ Adja meg a kérdését és beállításait, és már kezdheti is. A válaszok nyomon követésével figyelemmel kísérheti a részvételt. A szavazás eredményét letöltheti és megoszthatja a munkatársaival."
}