{
  "Choice": "{0}. seçenek",
  "ResultsVisibilitySettingsSummaryEveryone": "Sonuçları herkes görebilir",
  "ResultsVisibilitySettingsSummarySenderOnly": "Sonuçları yalnızca siz görebilirsiniz",
  "DueInYears": "{0} yıl sonra sona süresi dolacak",
  "DueInYear": "{0} yıl sonra sona süresi dolacak",
  "DueInMonths": "{0} ay sonra süresi dolacak",
  "DueInMonth": "{0} ay sonra süresi dolacak",
  "DueInWeeks": "{0} hafta sonra süresi dolacak",
  "DueInWeek": "{0} hafta sonra süresi dolacak",
  "DueInDays": "{0} gün sonra süresi dolacak",
  "DueInDay": "{0} gün sonra süresi dolacak",
  "DueInHoursAndMinutes": "{0} saat {1} dakika sonra süresi dolacak",
  "DueInHourAndMinutes": "{0} saat {1} dakika sonra süresi dolacak",
  "DueInHoursAndMinute": "{0} saat {1} dakika sonra süresi dolacak",
  "DueInHourAndMinute": "{0} saat {1} dakika sonra süresi dolacak",
  "DueInHours": "{0} saat sonra süresi dolacak",
  "DueInHour": "{0} saat sonra süresi dolacak",
  "DueInMinutes": "{0} dakika sonra süresi dolacak",
  "DueInMinute": "{0} dakika sonra süresi dolacak",
  "Send": "Anketi Gönder",
  "TitleBlankError": "Başlık boş bırakılamaz",
  "PollTitlePlaceholder": "Anket sorusu girin",
  "Settings": "Ayarlar",
  "BlankChoiceError": "Seçenek boş bırakılamaz",
  "You": "Siz",
  "YetToRespond": "{0} Kişi Henüz Yanıtlamadı",
  "ResponseFetchError": "Yanıt Getirilemedi. Yeniden deneyin.",
  "Back": "Geri",
  "ViewResponses": "Yanıtları Görüntüle",
  "Download": "İndir",
  "DownloadResponses": "CSV dosyasını indir",
  "DownloadYourResponses": "Yanıtınızı İndirin",
  "DownloadImage": "Resmi indir",
  "ClosedOn": "Kapatıldığı zaman: {0}",
  "ExpiredOn": "Sona erdiği zaman: {0}",
  "FeatureNotAvailable": "Bu özellik şu anda kullanılamıyor",
  "OK": "Tamam",
  "SelectADate": "Tarih Seçin...",
  "SelectATime": "Saat Seçin...",
  "SomethingWentWrong": "Bir sorun oluştu",
  "ChangeDueDate": "Son tarihi değiştir",
  "ChangeDate": "Tarihi Değiştir",
  "ClosePoll": "Anketi Kapat",
  "DeletePoll": "Anketi Sil",
  "ClosePollConfirmation": "Bu anketi kapatmak istediğinizden emin misiniz?",
  "DeletePollConfirmation": "Bu anketi silmek istediğinizden emin misiniz?",
  "Participation": "Katılım: %{0}",
  "BarPercentage": "%{0}",
  "ParticipationIndicatorSingular": "{1} kişi içinden {0} kişi yanıtladı",
  "ParticipationIndicatorPlural": "{1} kişi içinden {0} kişi yanıtladı",
  "Responders": "Yanıtlayanlar",
  "NonResponders": "Henüz yanıtlamadı",
  "NotResponded": "Yanıtlamadınız",
  "YourResponse": "Yanıtınız: {0}",
  "VisibilityCreatorOnlyLabel": "Sonuçları yalnızca bu anketi gönderen görebilir",
  "Cancel": "İptal",
  "Change": "Değiştir",
  "Confirm": "Onayla",
  "dueBy": "Son tarih",
  "dueByDate": "Son tarih: {0}",
  "multipleResponses": "Birden çok yanıta izin ver",
  "responseOptions": "Yanıt Seçenekleri",
  "resultsVisibleTo": "Sonuçları görebilenler",
  "resultsVisibleToAll": "Herkes",
  "resultsVisibleToSender": "Yalnızca Ben",
  "datePickerPlaceholder": "Tarih Seçin...",
  "timePickerPlaceholder": "Saat Seçin...",
  "PollResult": "Anket Sonucu - {0}",
  "UnknownMember": "Bilinmeyen üye",
  "AddChoice": "Seçenek Ekle",
  "DeleteChoice": "Seçeneği Sil",
  "GotIt": "Tamam",
  "ChatLieErrorText": "Görüşmeyi başlatmak için bir mesaj gönderin ve sonra Ankete geri dönün",
  "DismissMenu": "Menüyü Kapat",
  "MoreOptions": "Diğer Seçenekler",
  "PollOptions": "Anket Seçenekleri",
  "GenericError": "Bu uygulamaya erişilirken bir sorun oluştu. Lütfen daha sonra yeniden deneyin.",
  "PollDeletedError": "Bu anket silindi.",
  "PollDeletedErrorDescription": "Bu anket artık konuyla ilgili değil ve oluşturan tarafından silindi.",
  "Close": "Kapat",
  "ResponderAccessibilityLabel": "{0}, {2} tarihinde {1} yanıtını verdi",
  "OptionResponseAccessibility": "{0}, {1} yanıtlayan, {2}",
  "Next": "İleri",
  "DeleteChoiceX": "{0}. Seçeneği Sil",
  "ChangeDueBy": "Son Tarihi Değiştir",
  "DialogTalkback": "{0} iletişim kutusu. {1}",
  "NotRespondedLabel": "Yanıtlamadınız",
  "NotRespondedLabel.comment": "Sonuç görünürlüğü yalnızca oluşturan olarak ayarlandığında, anket kapatıldığında veya süresi dolduğundan ve kullanıcı yanıt vermediğinde, anketin oluşturucusu olmayan kullanıcılara yönelik ileti",
  "PollDeleted": "Bu anket silindi",
  "PollClosed": "Anket Kapatıldı",
  "PollExpired": "Anketin Süresi Doldu",
  "ResultEveryone": "Yanıtları herkes görebilir",
  "ResultCreator": "Yanıtları yalnızca oluşturan kişi görebilir",
  "Submit": "Oyu Gönder",
  "Results": "Sonucu Görüntüle",
  "BeTheFirstOneToRespond": "Bu ankete ilk siz katılın",
  "OneResponded": "{0} yanıtladı",
  "TwoResponded": "{0} ve {1} yanıtladı",
  "ThreeResponded": "{0}, {1} ve {2} adlı kişiler yanıtladı",
  "ThreeAndOneOtherResponded": "{0}, {1}, {2} ve 1 kişi daha yanıtladı",
  "ThreeAndOthersResponded": "{0}, {1}, {2} ve {3} kişi daha yanıtladı",
  "CreateNewPoll": "Yeni anket oluştur",
  "ResultsTitle": "Sonuç görünümü",
  "$manifest.name": "Anket",
  "$manifest.views.LaunchView.header": "Anket Oluştur",
  "$manifest.description": "Soru sorma ve başkalarının fikirlerini öğrenme",
  "$manifest.msTeamsProps.name.short": "Anket",
  "$manifest.msTeamsProps.name.full": "Anket",
  "$manifest.msTeamsProps.description.short": "Soru sorma ve başkalarının fikirlerini öğrenme",
  "$manifest.msTeamsProps.description.full": "Bir sohbet veya kanalda anket oluşturarak ekibinizin görüşlerini alın.​ Uygulamayı ileti oluşturma kutusunun alında, \"…\" menüsünde bulun​ Sorunuzu ve seçimlerinizi girin, işte hepsi bu. Yanıtları izleyerek katılım konusunda bilgi sahibi olun. İş arkadaşlarınızla paylaşmak için anket sonucunu indirin."
}