{
  "Choice": "{0} escolha",
  "ResultsVisibilitySettingsSummaryEveryone": "Resultados visíveis a todos",
  "ResultsVisibilitySettingsSummarySenderOnly": "Resultados visíveis apenas a mim",
  "DueInYears": "A concluir daqui a {0} anos",
  "DueInYear": "A concluir daqui a {0} ano",
  "DueInMonths": "A concluir daqui a {0} meses",
  "DueInMonth": "A concluir daqui a {0} mês",
  "DueInWeeks": "A concluir daqui a {0} semanas",
  "DueInWeek": "A concluir daqui a {0} semana",
  "DueInDays": "A concluir daqui a {0} dias",
  "DueInDay": "A concluir daqui a {0} dia",
  "DueInHoursAndMinutes": "A concluir daqui a {0} horas e {1} minutos",
  "DueInHourAndMinutes": "A concluir daqui a {0} hora e {1} minutos",
  "DueInHoursAndMinute": "A concluir daqui a {0} horas e {1} minuto",
  "DueInHourAndMinute": "A concluir daqui a {0} hora e {1} minuto",
  "DueInHours": "A concluir daqui a {0} horas",
  "DueInHour": "A concluir daqui a {0} hora",
  "DueInMinutes": "A concluir daqui a {0} minutos",
  "DueInMinute": "A concluir daqui a {0} minuto",
  "Send": "Enviar inquérito",
  "TitleBlankError": "O título não pode ficar em branco",
  "PollTitlePlaceholder": "Introduzir pergunta do inquérito",
  "Settings": "Definições",
  "BlankChoiceError": "A opção não pode ficar em branco",
  "You": "O utilizador",
  "YetToRespond": "{0} pessoas ainda não responderam",
  "ResponseFetchError": "Não foi possível obter a resposta. Tente novamente.",
  "Back": "Anterior",
  "ViewResponses": "Ver respostas",
  "Download": "Descarregar",
  "DownloadResponses": "Descarregar CSV",
  "DownloadYourResponses": "Transferir a Sua Resposta",
  "DownloadImage": "Descarregar Imagem",
  "ClosedOn": "Fechado a {0}",
  "ExpiredOn": "Expirou a {0}",
  "FeatureNotAvailable": "Esta funcionalidade não está atualmente disponível",
  "OK": "OK",
  "SelectADate": "Selecione uma data...",
  "SelectATime": "Selecione uma hora...",
  "SomethingWentWrong": "Ocorreu um erro",
  "ChangeDueDate": "Alterar a data para conclusão",
  "ChangeDate": "Alterar data",
  "ClosePoll": "Fechar inquérito",
  "DeletePoll": "Eliminar inquérito",
  "ClosePollConfirmation": "Quer mesmo fechar este inquérito?",
  "DeletePollConfirmation": "Quer mesmo eliminar estre inquérito?",
  "Participation": "Participação: {0}%",
  "BarPercentage": "{0}%",
  "ParticipationIndicatorSingular": "{0} de {1} pessoas respondeu",
  "ParticipationIndicatorPlural": "{0} de {1} pessoas responderam",
  "Responders": "Inquiridos",
  "NonResponders": "Ainda sem resposta",
  "NotResponded": "Não respondeu",
  "YourResponse": "A sua resposta: {0}",
  "VisibilityCreatorOnlyLabel": "Os resultados são visíveis apenas para o remetente desta votação",
  "Cancel": "Cancelar",
  "Change": "Alterar",
  "Confirm": "Confirmar",
  "dueBy": "A concluir a",
  "dueByDate": "Conclusão a {0}",
  "multipleResponses": "Permitir múltiplas respostas",
  "responseOptions": "Opções de resposta",
  "resultsVisibleTo": "Resultados visíveis para",
  "resultsVisibleToAll": "Todos",
  "resultsVisibleToSender": "Apenas eu",
  "datePickerPlaceholder": "Selecione uma data...",
  "timePickerPlaceholder": "Selecione uma hora...",
  "PollResult": "Resultado do inquérito – {0}",
  "UnknownMember": "Membro desconhecido",
  "AddChoice": "Adicionar escolha",
  "DeleteChoice": "Eliminar opção",
  "GotIt": "OK",
  "ChatLieErrorText": "Envie uma mensagem para iniciar esta conversa e, em seguida, regresse a Votação",
  "DismissMenu": "Dispensar menu",
  "MoreOptions": "Mais opções",
  "PollOptions": "Opções da votação",
  "GenericError": "Ocorreu um problema ao aceder a esta aplicação. Tente novamente após alguns minutos.",
  "PollDeletedError": "Esta sondagem foi eliminada.",
  "PollDeletedErrorDescription": "Esta sondagem não é mais relevante e foi eliminada pelo criador.",
  "Close": "Fechar",
  "ResponderAccessibilityLabel": "{0} respondeu {1} a {2}",
  "OptionResponseAccessibility": "{0}, {1} inquiridos, {2}",
  "Next": "Seguinte",
  "DeleteChoiceX": "Eliminar escolha {0}",
  "ChangeDueBy": "Alteração da data para conclusão",
  "DialogTalkback": "Caixa de diálogo {0}. {1}",
  "NotRespondedLabel": "Não respondeu",
  "NotRespondedLabel.comment": "Mensagem para os não autores da votação quando a visibilidade do resultado estiver definida apenas para o autor, e a votação estiver fechada ou tiver expirado e o utilizador não tiver respondido",
  "PollDeleted": "Este inquérito foi eliminado",
  "PollClosed": "Inquérito fechado",
  "PollExpired": "O inquérito expirou",
  "ResultEveryone": "As respostas são visíveis para todos",
  "ResultCreator": "As respostas só são visíveis para o criador",
  "Submit": "Submeter voto",
  "Results": "Ver resultado",
  "BeTheFirstOneToRespond": "Seja o primeiro a responder ao inquérito",
  "OneResponded": "{0} respondeu",
  "TwoResponded": "{0} e {1} responderam",
  "ThreeResponded": "{0}, {1} e {2} responderam",
  "ThreeAndOneOtherResponded": "{0}, {1}, {2} e mais 1 pessoa responderam",
  "ThreeAndOthersResponded": "{0}, {1}, {2} e mais {3} pessoas responderam",
  "CreateNewPoll": "Criar uma nova votação",
  "ResultsTitle": "Vista de resultados",
  "$manifest.name": "Votação",
  "$manifest.views.LaunchView.header": "Criar Inquérito",
  "$manifest.description": "Faça uma pergunta e conheça a opinião das pessoas",
  "$manifest.msTeamsProps.name.short": "Votação",
  "$manifest.msTeamsProps.name.full": "Votação",
  "$manifest.msTeamsProps.description.short": "Faça uma pergunta e conheça a opinião das pessoas",
  "$manifest.msTeamsProps.description.full": "Obtenha a opinião da sua equipa ao criar um inquérito numa conversa ou canal​. Encontre a aplicação no símbolo '…' por baixo da caixa de composição de mensagens​. Basta introduzir a sua pergunta e as opções de resposta. Mantenha-se a par da participação ao monitorizar as respostas. Transfira o resultado do inquérito para partilhar com os seus colegas de trabalho."
}