{
  "Choice": "{0} pasirinkimas",
  "ResultsVisibilitySettingsSummaryEveryone": "Rezultatai matomi visiems",
  "ResultsVisibilitySettingsSummarySenderOnly": "Rezultatai matomi tik man",
  "DueInYears": "Terminas po {0} m.",
  "DueInYear": "Terminas po {0} m.",
  "DueInMonths": "Terminas po {0} mėn.",
  "DueInMonth": "Terminas po {0} mėn.",
  "DueInWeeks": "Terminas po {0} sav.",
  "DueInWeek": "Terminas po {0} sav.",
  "DueInDays": "Terminas po {0} d.",
  "DueInDay": "Terminas po {0} d.",
  "DueInHoursAndMinutes": "Terminas po {0} val. {1} min.",
  "DueInHourAndMinutes": "Terminas po {0} val. {1} min.",
  "DueInHoursAndMinute": "Terminas po {0} val. {1} min.",
  "DueInHourAndMinute": "Terminas po {0} val. {1} min.",
  "DueInHours": "Terminas po {0} val.",
  "DueInHour": "Terminas po {0} val.",
  "DueInMinutes": "Terminas po {0} min.",
  "DueInMinute": "Terminas po {0} min.",
  "Send": "Siųsti apklausą",
  "TitleBlankError": "Pavadinimas negali būti paliktas tuščias",
  "PollTitlePlaceholder": "Įveskite apklausos klausimą",
  "Settings": "Parametrai",
  "BlankChoiceError": "Pasirinkimas negali būti paliktas tuščias",
  "You": "Jūs",
  "YetToRespond": "Dar turi atsakyti {0}",
  "ResponseFetchError": "Nepavyko gauti atsakymo. Bandykite dar kartą.",
  "Back": "Grįžti",
  "ViewResponses": "Peržiūrėti atsakymus",
  "Download": "Atsisiųsti",
  "DownloadResponses": "Atsisiųsti CSV",
  "DownloadYourResponses": "Atsisiųskite savo atsakymą",
  "DownloadImage": "Atsisiųsti vaizdą",
  "ClosedOn": "Uždaryta {0}",
  "ExpiredOn": "Galiojimas baigėsi {0}",
  "FeatureNotAvailable": "Šios funkcijos šiuo metu nėra",
  "OK": "Gerai",
  "SelectADate": "Pasirinkite datą...",
  "SelectATime": "Pasirinkite laiką...",
  "SomethingWentWrong": "Kažkas nepavyko",
  "ChangeDueDate": "Keisti terminą",
  "ChangeDate": "Keisti datą",
  "ClosePoll": "Uždaryti trumpąją apklausą",
  "DeletePoll": "Naikinti apklausą",
  "ClosePollConfirmation": "Ar tikrai norite uždaryti šią apklausą?",
  "DeletePollConfirmation": "Ar tikrai norite panaikinti šią apklausą?",
  "Participation": "Dalyvavimas {0} %",
  "BarPercentage": "{0}%",
  "ParticipationIndicatorSingular": "{0} iš {1} atsakė",
  "ParticipationIndicatorPlural": "{0} iš {1} atsakė",
  "Responders": "Respondentai",
  "NonResponders": "Dar reikia atsakyti",
  "NotResponded": "Jūs neatsakėte",
  "YourResponse": "Jūsų atsakymas: {0}",
  "VisibilityCreatorOnlyLabel": "Rezultatai matomi tik šios apklausos siuntėjui",
  "Cancel": "Atšaukti",
  "Change": "Keisti",
  "Confirm": "Patvirtinti",
  "dueBy": "Terminas",
  "dueByDate": "Terminas {0}",
  "multipleResponses": "Leisti kelis atsakymus",
  "responseOptions": "Atsakymų parinktys",
  "resultsVisibleTo": "Rezultatai matomi",
  "resultsVisibleToAll": "Visi",
  "resultsVisibleToSender": "Tik aš",
  "datePickerPlaceholder": "Pasirinkite datą...",
  "timePickerPlaceholder": "Pasirinkite laiką...",
  "PollResult": "Apklausos rezultatas – {0}",
  "UnknownMember": "Nežinomas narys",
  "AddChoice": "Įtraukti pasirinkimą",
  "DeleteChoice": "Naikinti pasirinkimą",
  "GotIt": "Supratau",
  "ChatLieErrorText": "Norėdami pradėti šį pokalbį išsiųskite žinutę, o tada grįžkite į sritį Sparčioji apklausa",
  "DismissMenu": "Išjungti meniu",
  "MoreOptions": "Daugiau parinkčių",
  "PollOptions": "Apklausos atsakymų variantai",
  "GenericError": "Bandant pasiekti šią programą, kilo problema. Bandykite praėjus šiek tiek laiko.",
  "PollDeletedError": "Ši apklausa panaikinta.",
  "PollDeletedErrorDescription": "Ši apklausa nebeaktuali ir autorius ją panaikino.",
  "Close": "Uždaryti",
  "ResponderAccessibilityLabel": "{0} atsakė {1} {2}",
  "OptionResponseAccessibility": "{0}, respondentų: {1}, {2}",
  "Next": "Pirmyn",
  "DeleteChoiceX": "Naikinti {0} pasirinkimą",
  "ChangeDueBy": "Keitimo terminas",
  "DialogTalkback": "Dialogo langas „{0}“. {1}",
  "NotRespondedLabel": "Jūs neatsakėte",
  "NotRespondedLabel.comment": "Pranešimas ne apklausos kūrėjams, kai rezultatų matomumas nustatytas kaip tik kūrėjui, o apklausa uždaryta arba jos galiojimas baigėsi ir vartotojas neatsakė",
  "PollDeleted": "Ši apklausa panaikinta",
  "PollClosed": "Apklausa uždaryta",
  "PollExpired": "Apklausa nebegalioja",
  "ResultEveryone": "Atsakymai matomi visiems",
  "ResultCreator": "Atsakymai matomi tik kūrėjui",
  "Submit": "Pateikti balsą",
  "Results": "Peržiūrėti rezultatą",
  "BeTheFirstOneToRespond": "Būkite pirmieji, dalyvavę apklausoje",
  "OneResponded": "{0} atsakė",
  "TwoResponded": "{0} ir {1} atsakė",
  "ThreeResponded": "{0}, {1} ir {2} atsakė",
  "ThreeAndOneOtherResponded": "{0}, {1}, {2} ir dar 1 atsakė",
  "ThreeAndOthersResponded": "{0}, {1}, {2} ir dar {3} atsakė",
  "CreateNewPoll": "Kurti naują apklausą",
  "ResultsTitle": "Rezultatų rodinys",
  "$manifest.name": "Apklausa",
  "$manifest.views.LaunchView.header": "Kurti apklausą",
  "$manifest.description": "Užduokite klausimą ir sužinokite žmonių nuomonę",
  "$manifest.msTeamsProps.name.short": "Apklausa",
  "$manifest.msTeamsProps.name.full": "Apklausa",
  "$manifest.msTeamsProps.description.short": "Užduokite klausimą ir sužinokite žmonių nuomonę",
  "$manifest.msTeamsProps.description.full": "Sužinokite savo komandos nuomonę, sukurdami apklausą pokalbyje arba kanale.​ Raskite programą pasirinkę …“ po pranešimo kūrimo lauku​. Įveskite savo klausimą ir pasirinkimus ir tai viskas. Matykite, kaip vyksta dalyvavimas, stebėdami atsakymus. Atsisiųskite apklausos rezultatą, kad galėtumėte bendrinti su kolegomis."
}