{
  "Choice": "Opsyon {0}",
  "ResultsVisibilitySettingsSummaryEveryone": "Makikita ng lahat ang mga resulta",
  "ResultsVisibilitySettingsSummarySenderOnly": "Ako lang ang makakakita sa mga resulta",
  "DueInYears": "Nakatakda sa loob ng {0} (na) taon",
  "DueInYear": "Nakatakda sa loob ng {0} taon",
  "DueInMonths": "Nakatakda sa loob ng {0} (na) buwan",
  "DueInMonth": "Nakatakda sa loob ng {0} buwan",
  "DueInWeeks": "Nakatakda sa loob ng {0} (na) linggo",
  "DueInWeek": "Nakatakda sa loob ng {0} linggo",
  "DueInDays": "Nakatakda sa loob ng {0} (na) araw",
  "DueInDay": "Nakatakda sa loob ng {0} araw",
  "DueInHoursAndMinutes": "Nakatakda sa loob ng {0} (na) oras, {1} (na) minuto",
  "DueInHourAndMinutes": "Nakatakda sa loob ng {0} oras, {1} (na) minuto",
  "DueInHoursAndMinute": "Nakatakda sa loob ng {0} (na) oras, {1} minuto",
  "DueInHourAndMinute": "Nakatakda sa loob ng {0} oras, {1} minuto",
  "DueInHours": "Nakatakda sa loob ng {0} (na) oras",
  "DueInHour": "Nakatakda sa loob ng {0} oras",
  "DueInMinutes": "Nakatakda sa loob ng {0} (na) minuto",
  "DueInMinute": "Nakatakda sa loob ng {0} minuto",
  "Send": "Magpadala ng Poll",
  "TitleBlankError": "Hindi maaaring iwanang blangko ang pamagat",
  "PollTitlePlaceholder": "Magpasok ng tanong sa poll",
  "Settings": "Mga Setting",
  "BlankChoiceError": "Hindi maaaring blangko ang opsyon",
  "You": "Ikaw",
  "YetToRespond": "{0} ang Hindi Pa Tumutugon",
  "ResponseFetchError": "Hindi Nakuha ang Tugon. Subukang muli.",
  "Back": "Bumalik",
  "ViewResponses": "Tingnan ang Mga Tugon",
  "Download": "I-download",
  "DownloadResponses": "I-download ang CSV",
  "DownloadYourResponses": "I-download ang Iyong Tugon",
  "DownloadImage": "I-download ang Larawan",
  "ClosedOn": "Sarado sa {0}",
  "ExpiredOn": "Nag-expire noong {0}",
  "FeatureNotAvailable": "Ang tampok na ito ay kasalukuyang hindi available",
  "OK": "OK",
  "SelectADate": "Pumili ng Petsa...",
  "SelectATime": "Pumili ng Oras...",
  "SomethingWentWrong": "Nagkaroon ng problema",
  "ChangeDueDate": "Baguhin ang takdang petsa",
  "ChangeDate": "Baguhin ang Petsa",
  "ClosePoll": "Isara ang Poll",
  "DeletePoll": "Tanggalin ang Poll",
  "ClosePollConfirmation": "Sigurado ka bang gusto mong isara ang poll na ito?",
  "DeletePollConfirmation": "Sigurado ka bang gusto mong tanggalin ang poll na ito?",
  "Participation": "Partisipasyon {0}%",
  "BarPercentage": "{0}%",
  "ParticipationIndicatorSingular": "{0} sa {1} ang tumugon",
  "ParticipationIndicatorPlural": "{0} sa {1} ang tumugon",
  "Responders": "Mga Responder",
  "NonResponders": "Tutugon pa lang",
  "NotResponded": "Hindi ka pa tumutugon",
  "YourResponse": "Tugon mo: {0}",
  "VisibilityCreatorOnlyLabel": "Ang nagpadala lang ng poll na ito ang makakakita sa mga resulta",
  "Cancel": "Kanselahin",
  "Change": "Baguhin",
  "Confirm": "Kumpirmahin",
  "dueBy": "Nakatakda sa",
  "dueByDate": "Nakatakda sa {0}",
  "multipleResponses": "Payagan ang maraming sagot",
  "responseOptions": "Mga Opsyon sa Tugon",
  "resultsVisibleTo": "Nakikita ng mga sumusunod ang mga resulta",
  "resultsVisibleToAll": "Lahat",
  "resultsVisibleToSender": "Ako Lang",
  "datePickerPlaceholder": "Pumili ng Petsa...",
  "timePickerPlaceholder": "Pumili ng Oras...",
  "PollResult": "Resulta ng Poll - {0}",
  "UnknownMember": "Di-kilalang miyembro",
  "AddChoice": "Magdagdag ng Opsyon",
  "DeleteChoice": "Tanggalin ang Pagpipilian",
  "GotIt": "Okay",
  "ChatLieErrorText": "Magpadala ng mensahe para simulan ang usapang ito, at pagkatapos ay bumalik sa Poll",
  "DismissMenu": "Alisin ang Menu",
  "MoreOptions": "Higit Pang Opsyon",
  "PollOptions": "Mga Opsyon sa Poll",
  "GenericError": "Nagkaproblema sa pag-abot sa app na ito. Pakisubukang muli pagkalipas ng ilang sandali.",
  "PollDeletedError": "Tinanggal ang poll na ito.",
  "PollDeletedErrorDescription": "Hindi na nauugnay ang poll na ito at tinanggal ng lumikha.",
  "Close": "Isara",
  "ResponderAccessibilityLabel": "Tumugon si {0} ng {1} noong {2}",
  "OptionResponseAccessibility": "{0}, {1} (na) responder, {2}",
  "Next": "Susunod",
  "DeleteChoiceX": "Tanggalin ang Pagpipilian {0}",
  "ChangeDueBy": "Takdang Petsa ng Pagbabago",
  "DialogTalkback": "{0} na dialog. {1}",
  "NotRespondedLabel": "Hindi ka tumugon",
  "NotRespondedLabel.comment": "Ang mensahe para sa mga hindi creator ng botohan kapag ang visibility ng resulta ay itinakda sa creator lang at ang botohan ay sarado o paso na o hindi tumugon ang user",
  "PollDeleted": "Tinanggal ang poll na ito",
  "PollClosed": "Sarado ang Poll",
  "PollExpired": "Nag-expire ang Poll",
  "ResultEveryone": "Nakikita ng lahat ang mga tugon",
  "ResultCreator": "Creator lang ang nakakakita sa mga tugon",
  "Submit": "Isumite ang Boto",
  "Results": "Tingnan ang Resulta",
  "BeTheFirstOneToRespond": "Maging una sa pagkuha sa poll",
  "OneResponded": "{0} ang tumugon",
  "TwoResponded": "Tumugon sina {0} at {1}",
  "ThreeResponded": "Tumugon sina {0}, {1} at {2}",
  "ThreeAndOneOtherResponded": "Tumugon sina {0}, {1}, {2} at ang 1 pa",
  "ThreeAndOthersResponded": "Tumugon sina {0}, {1}, {2} at ang {3} pa",
  "CreateNewPoll": "Gumawa ng bagong poll",
  "ResultsTitle": "View ng resulta",
  "$manifest.name": "Poll",
  "$manifest.views.LaunchView.header": "Gumawa ng Poll",
  "$manifest.description": "Magtanong at kunin ang opinyon ng mga tao",
  "$manifest.msTeamsProps.name.short": "Poll",
  "$manifest.msTeamsProps.name.full": "Poll",
  "$manifest.msTeamsProps.description.short": "Magtanong at kunin ang opinyon ng mga tao",
  "$manifest.msTeamsProps.description.full": "Kunin ang opinyon ng iyong team sa pamamagitan ng paggawa ng poll sa isang chat o channel.​ Hanapin ang app sa '…' sa ilalim ng kahon ng pagsulat ng mensahe​. Ipasok ang iyong mga tanong at pagpipilian at handa ka na. Manataling nakatuon sa partisipasyon sa pamamagitan ng pagsubaybay sa mga tugon. I-download ang resulta ng poll para maibahagi sa iyong mga katrabaho."
}