{
  "Choice": "Seçim {0}",
  "ResultsVisibilitySettingsSummaryEveryone": "Nəticələr hamıya görünəndir",
  "ResultsVisibilitySettingsSummarySenderOnly": "Nəticələr yalnız mənə görünəndir",
  "DueInYears": "{0} ilə müddət bitir",
  "DueInYear": "{0} ilə müddəti bitir",
  "DueInMonths": "{0} aya müddəti bitir",
  "DueInMonth": "{0} aya müddəti bitir",
  "DueInWeeks": "{0} həftəyə müddəti bitir",
  "DueInWeek": "{0} həftəyə müddəti bitir",
  "DueInDays": "{0} günə müddəti bitir",
  "DueInDay": "{0} günə müddəti bitir",
  "DueInHoursAndMinutes": "{0} saat, {1} dəqiqəyə müddəti bitir",
  "DueInHourAndMinutes": "{0} saat, {1} dəqiqəyə müddəti bitir",
  "DueInHoursAndMinute": "{0} saat, {1} dəqiqəyə müddəti bitir",
  "DueInHourAndMinute": "{0} saat, {1} dəqiqəyə müddəti bitir",
  "DueInHours": "{0} saata müddəti bitir",
  "DueInHour": "{0} saata müddəti bitir",
  "DueInMinutes": "{0} dəqiqəyə müddəti bitir",
  "DueInMinute": "{0} dəqiqəyə müddəti bitir",
  "Send": "Səsvermə göndər",
  "TitleBlankError": "Başlıq boş saxlana bilməz",
  "PollTitlePlaceholder": "Səsvermə sualını daxil et",
  "Settings": "Parametrlər",
  "BlankChoiceError": "Seçim boş saxlana bilməz",
  "You": "Siz",
  "YetToRespond": "{0} Hələ Cavab Verməyənlər",
  "ResponseFetchError": "Cavabın əldə edilməsi alınmadı. Yenidən cəhd edin.",
  "Back": "Geri",
  "ViewResponses": "Cavablara bax",
  "Download": "Yüklə",
  "DownloadResponses": "CSV-ni yüklə",
  "DownloadYourResponses": "Cavabını yüklə",
  "DownloadImage": "Təsviri yüklə",
  "ClosedOn": "{0} tarixində bağlanıb",
  "ExpiredOn": "{0} tarixində müddəti bitib",
  "FeatureNotAvailable": "Hazırda bu xüsusiyyət əlçatan deyil",
  "OK": "OK",
  "SelectADate": "Tarix seçin...",
  "SelectATime": "Vaxt seçin...",
  "SomethingWentWrong": "Səhv baş verdi",
  "ChangeDueDate": "Son tarixi dəyiş",
  "ChangeDate": "Tarixi dəyişin",
  "ClosePoll": "Səsverməni bağla",
  "DeletePoll": "Səsverməni sil",
  "ClosePollConfirmation": "Bu səsverməni bağlamaq istədiyinizə əminsiniz?",
  "DeletePollConfirmation": "Bu səsverməni silmək istədiyinizə əminsiniz?",
  "Participation": "İştirak {0}%",
  "BarPercentage": "{0}%",
  "ParticipationIndicatorSingular": "{1}/{0} nəfər cavab verdi",
  "ParticipationIndicatorPlural": "{1}/{0} nəfər cavab verdi",
  "Responders": "Cavabverənlər",
  "NonResponders": "Hələ cavab verməyənlər",
  "NotResponded": "Cavab verməmisiniz",
  "YourResponse": "Cavabınız: {0}",
  "VisibilityCreatorOnlyLabel": "Nəticələr yalnız bu səsvermənin göndərəni üçün görünəndir",
  "Cancel": "Ləğv et",
  "Change": "Dəyiş",
  "Confirm": "Təsdiq et",
  "dueBy": "Son tarix:",
  "dueByDate": "Son tarix: {0}",
  "multipleResponses": "Çoxsaylı cavablara icazə ver",
  "responseOptions": "Cavab seçimləri",
  "resultsVisibleTo": "Nəticələr bu şəxslərə göstərilir",
  "resultsVisibleToAll": "Hər kəs",
  "resultsVisibleToSender": "Yalnız Mən",
  "datePickerPlaceholder": "Tarix seçin...",
  "timePickerPlaceholder": "Vaxt seçin...",
  "PollResult": "Səsvermənin nəticəsi - {0}",
  "UnknownMember": "Naməlum üzv",
  "AddChoice": "Seçim əlavə et",
  "DeleteChoice": "Seçimi sil",
  "GotIt": "Anladım",
  "ChatLieErrorText": "Bu söhbəti başlatmaq üçün mesaj göndərin və daha sonra Səsverməyə qayıdın",
  "DismissMenu": "Menyunu rədd et",
  "MoreOptions": "Digər Seçimlər",
  "PollOptions": "Səsvermə seçimləri",
  "GenericError": "Bu proqrama daxil olarkən problem baş verdi. Bir müddət sonra yenidən cəhd edin.",
  "PollDeletedError": "Bu səsvermə silinib.",
  "PollDeletedErrorDescription": "Bu səsvermə artıq uyğun deyil və yaradıcı tərəfindən silinib.",
  "Close": "Bağla",
  "ResponderAccessibilityLabel": "{0} {2}tarixində {1} cavabını verdi",
  "OptionResponseAccessibility": "{0}, {1} cavabverən, {2}",
  "Next": "Növbəti",
  "DeleteChoiceX": "{0} seçimini sil",
  "ChangeDueBy": "Son tarixi dəyiş:",
  "DialogTalkback": "{0} dialoqu. {1}",
  "NotRespondedLabel": "Cavab vermədiniz",
  "NotRespondedLabel.comment": "Nəticənin görünmə dərəcəsi yalnız yaradıcılar üçün təyin edildikdə, həmçinin səsvermə bağlandıqda, yaxud müddəti bitdikdə və istifadəçi cavab vermədikdə qeyri-yaradıcılar üçün göstərilən mesaj",
  "PollDeleted": "Bu səsvermə silinib",
  "PollClosed": "Səsvermə bağlandı",
  "PollExpired": "Səsvermənin müddəti bitdi",
  "ResultEveryone": "Cavablar hər kəs üçün görünəndir",
  "ResultCreator": "Cavabları yalnız yaradıcı görə bilir",
  "Submit": "Səs göndər",
  "Results": "Nəticəyə bax",
  "BeTheFirstOneToRespond": "Səs verən ilk şəxs ol",
  "OneResponded": "{0} cavab verdi",
  "TwoResponded": "{0} və {1} cavab verdi",
  "ThreeResponded": "{0}, {1} və {2} cavab verdi",
  "ThreeAndOneOtherResponded": "{0}, {1}, {2} və başqa 1 nəfər cavab verdi",
  "ThreeAndOthersResponded": "{0}, {1}, {2} və başqa {3} nəfər cavab verdi",
  "CreateNewPoll": "Yeni səsvermə yaradın",
  "ResultsTitle": "Nəticə görünüşü",
  "$manifest.name": "Səsvermə",
  "$manifest.views.LaunchView.header": "Səsvermə Yaradın",
  "$manifest.description": "Sual verin və insanların fikrini öyrənin",
  "$manifest.msTeamsProps.name.short": "Səsvermə",
  "$manifest.msTeamsProps.name.full": "Səsvermə",
  "$manifest.msTeamsProps.description.short": "Sual verin və insanların fikrini öyrənin",
  "$manifest.msTeamsProps.description.full": "Çat və ya kanalda sorğu yaratmaqla komandanızın fikrini öyrənin.​ Mesaj yarat xanasının altında '…' bölməsində proqramı tapın​. Suallarınızı və seçimləri daxil edin və sorğunu başalda bilərsiniz. Cavabları izləməklə iştirak haqqında məlumat alın. Sorğu nəticələrini həmkarlarınızla paylaşmaq üçün endirin."
}