{"name.short":"Aptauja","name.full":"Aptauja","composeExtensions[0].commands[0].title":"Izveidot aptauju","description.short":"Uzdodiet jautājumu un saņemiet lietotāju viedokli","description.full":"Iegūstiet savas komandas viedokli, izveidojot balsošanas aptauju tērzēšanas sarunā vai kanālā.​ Atrodiet programmu, izmantojot \"…\" zem ziņojuma sastādīšanas lodziņa​. Ievadiet savu jautājumu un izvēles iespējas, un aptauja ir gatava izmantošanai. Uzmaniet dalību, izsekojot atbildes. Lejupielādējiet aptaujas rezultātus, lai koplietotu tos ar kolēģiem."}