{"name.short":"ভোট","name.full":"ভোট","composeExtensions[0].commands[0].title":"ভোট তৈরি করুন","description.short":"একটি প্রশ্ন জিজ্ঞাসা করুন এবং লোকজনের মতামত পান","description.full":"একটি চ্যাট বা চ্যানেলে একটি পোল তৈরি করে আপনার দলের মতামত প্রাপ্ত করুন।​ বার্তা রচনার বক্সের অধীনে \"…\" তে অ্যাপটি খুঁজে বের করুন ​. আপনার প্রশ্ন এবং পছন্দগুলি লিখলেই আপনার কাজ শেষ। প্রতিক্রিয়াগুলি ট্র্যাক করে অংশগ্রহণের শীর্ষে থাকুন। আপনার সহ-কর্মীদের সঙ্গে পোলের ফলাফল শেয়ার করতে সেটি ডাউনলোড করুন।"}