{"name.short":"투표","name.full":"투표","composeExtensions[0].commands[0].title":"투표 만들기","description.short":"질문하고 사람들의 의견을 받습니다.","description.full":"채팅 또는 채널에서 투표를 만들어 팀의 의견을 확인하세요.​ 메시지 작성 상자의 ‘…’에서 앱을 찾습니다.​ 질문 및 선택 사항을 입력하면 준비가 된 것입니다. 응답을 추적하여 참여를 파악합니다. 투표 결과를 다운로드하여 동료와 공유합니다."}