{"name.short":"Sondeo","name.full":"Sondeo","composeExtensions[0].commands[0].title":"Crear sondeo","description.short":"Formula una pregunta y recibe la opinión de los usuarios.","description.full":"Recibe la opinión de tu equipo creando una encuesta en un chat o un canal.​ Encuentra la aplicación en '…' debajo del cuadro de redacción del mensaje​. Escribe la pregunta y las opciones y ya está listo para empezar. Mantente informado de la participación haciendo un seguimiento de las respuestas. Descarga los resultados de la encuesta y compártelos con tus compañeros de trabajo."}