{"name.short":"Sondage","name.full":"Sondage","composeExtensions[0].commands[0].title":"Créer un sondage","description.short":"Poser une question et solliciter l'avis des autres","description.full":"Obtenez l’opinion de votre équipe en créant un sondage dans une conversation ou un canal.​ Recherchez l’application dans «…» sous la zone de composition du message​. Entrez votre question et vos choix, et le tour est joué. Restez au fait de la participation en suivant les réponses. Téléchargez les résultats du sondage pour les partager avec vos collègues."}