{"name.short":"Anket","name.full":"Anket","composeExtensions[0].commands[0].title":"Anket Oluştur","description.short":"Soru sorma ve başkalarının fikirlerini öğrenme","description.full":"Bir sohbet veya kanalda anket oluşturarak ekibinizin görüşlerini alın.​ Uygulamayı ileti oluşturma kutusunun alında, \"…\" menüsünde bulun​ Sorunuzu ve seçimlerinizi girin, işte hepsi bu. Yanıtları izleyerek katılım konusunda bilgi sahibi olun. İş arkadaşlarınızla paylaşmak için anket sonucunu indirin."}