{
  "Choice": "{0} পছন্দ করুন",
  "ResultsVisibilitySettingsSummaryEveryone": "প্রত্যেকের কাছে ফলাফলগুলি দৃশ্যমান হয়",
  "ResultsVisibilitySettingsSummarySenderOnly": "ফলাফলগুলি কেবলমাত্র আমার কাছে দৃশ্যমান",
  "DueInYears": "{0} বছরের মধ্যে মেয়াদ উত্তীর্ণ",
  "DueInYear": "{0} বছরের মধ্যে মেয়াদ উত্তীর্ণ",
  "DueInMonths": "{0} মাসের মধ্যে মেয়াদ উত্তীর্ণ",
  "DueInMonth": "{0} মাসের মধ্যে মেয়াদ উত্তীর্ণ",
  "DueInWeeks": "{0} সপ্তাহের মধ্যে মেয়াদ উত্তীর্ণ",
  "DueInWeek": "{0} সপ্তাহের মধ্যে মেয়াদ উত্তীর্ণ",
  "DueInDays": "{0} দিনের মধ্যে মেয়াদ উত্তীর্ণ",
  "DueInDay": "{0} দিনের মধ্যে মেয়াদ উত্তীর্ণ",
  "DueInHoursAndMinutes": "{0} ঘন্টা, {1} মিনিটের মধ্যে মেয়াদ উত্তীর্ণ",
  "DueInHourAndMinutes": "{0} ঘন্টা, {1} মিনিটের মধ্যে মেয়াদ উত্তীর্ণ",
  "DueInHoursAndMinute": "{0} ঘন্টা, {1} মিনিটের মধ্যে মেয়াদ উত্তীর্ণ",
  "DueInHourAndMinute": "{0} ঘন্টা, {1} মিনিটের মধ্যে মেয়াদ উত্তীর্ণ",
  "DueInHours": "{0} ঘন্টার মধ্যে মেয়াদ উত্তীর্ণ",
  "DueInHour": "{0} ঘন্টার মধ্যে মেয়াদ উত্তীর্ণ",
  "DueInMinutes": "{0} মিনিটের মধ্যে মেয়াদ উত্তীর্ণ",
  "DueInMinute": "{0} মিনিটের মধ্যে মেয়াদ উত্তীর্ণ",
  "Send": "ভোট পাঠান",
  "TitleBlankError": "শিরোনাম ফাঁকা থাকতে পারে না",
  "PollTitlePlaceholder": "পোলের প্রশ্ন লিখুন",
  "Settings": "সেটিংস",
  "BlankChoiceError": "পছন্দ ফাঁকা রাখা যাবে না",
  "You": "আপনি",
  "YetToRespond": "{0} টি প্রতিক্রিয়া বাকি রয়েছে",
  "ResponseFetchError": "প্রতিক্রিয়াগুলি পেতে ব্যর্থ হয়েছে৷ আবার চেষ্টা করুন",
  "Back": "ফিরুন",
  "ViewResponses": "প্রতিক্রিয়াগুলি দেখুন",
  "Download": "ডাউনলোড করুন",
  "DownloadResponses": "CSV ডাউনলোড করুন",
  "DownloadYourResponses": "আপনার প্রতিক্রিয়া ডাউনলোড করুন",
  "DownloadImage": "প্রতিচ্ছবি ডাউনলোড করুন",
  "ClosedOn": "{0}-এ বন্ধ হয়েছে",
  "ExpiredOn": "{0}-এ মেয়াদ উত্তীর্ণ হয়েছে",
  "FeatureNotAvailable": "এই বৈশিষ্ট্যটি বর্তমানে উপলব্ধ নয়",
  "OK": "ঠিক আছে",
  "SelectADate": "একটি তারিখ নির্বাচন করুন...",
  "SelectATime": "একটি সময় নির্বাচন করুন...",
  "SomethingWentWrong": "কিছু ভুল হয়েছে",
  "ChangeDueDate": "নির্দিষ্ট তারিখ পরিবর্তন করুন",
  "ChangeDate": "তারিখ পরিবর্তন করুন",
  "ClosePoll": "ভোট বন্ধ করুন",
  "DeletePoll": "ভোট মুছুন",
  "ClosePollConfirmation": "আপনি কি এই পোলটি বন্ধ করতে চাওয়ার ব্যাপারে নিশ্চিত?",
  "DeletePollConfirmation": "আপনি কি এই পোলটি মুছে ফেলতে চাওয়ার ব্যাপারে নিশ্চিত?",
  "Participation": "অংশগ্রহণকারী {0}%",
  "BarPercentage": "{0}%",
  "ParticipationIndicatorSingular": "{1} জনের মধ্যে {0} জন উত্তর দিয়েছে",
  "ParticipationIndicatorPlural": "{1} জনের মধ্যে {0} জন উত্তর দিয়েছে",
  "Responders": "প্রতিক্রিয়াকারীগণ",
  "NonResponders": "এখনও মতামত জানাবে",
  "NotResponded": "আপনি প্রতিক্রিয়া জানান নি",
  "YourResponse": "আপনার প্রতিক্রিয়া: {0}",
  "VisibilityCreatorOnlyLabel": "এই পোলের ফলাফলগুলি শুধুমাত্র প্রেরকের কাছে দৃশ্যমান হয়",
  "Cancel": "বাতিল করুন",
  "Change": "পরিবর্তন করুন",
  "Confirm": "নিশ্চিত করুন",
  "dueBy": "এ মেয়াদ উত্তীর্ণ",
  "dueByDate": "{0}-এ নির্ধারিত",
  "multipleResponses": "একাধিক প্রতিক্রিয়ার মঞ্জুরি দিন",
  "responseOptions": "প্রতিক্রিয়ার বিকল্পসমূহ",
  "resultsVisibleTo": "ফলাফলগুলি এতে দৃশ্যমান",
  "resultsVisibleToAll": "সকলে",
  "resultsVisibleToSender": "শুধুমাত্র আমি",
  "datePickerPlaceholder": "একটি তারিখ নির্বাচন করুন...",
  "timePickerPlaceholder": "একটি সময় নির্বাচন করুন...",
  "PollResult": "ভোটের ফলাফল- {0}",
  "UnknownMember": "অজানা সদস্য",
  "AddChoice": "পছন্দ যোগ করুন",
  "DeleteChoice": "পছন্দ মুছুন",
  "GotIt": "বুঝেছি",
  "ChatLieErrorText": "এই কথোপকথনটি শুরু করতে একটি বার্তা পাঠান এবং তারপর পোলে ফিরে আসুন",
  "DismissMenu": "সূচি খারিজ করুন",
  "MoreOptions": "আরও বিকল্প",
  "PollOptions": "পোলের বিকল্পগুলি",
  "GenericError": "এই অ্যাপ-টিতে পৌঁছাতে কিছু সমস্যা ছিল। দয়া করে কিছুক্ষণ পরে চেষ্টা করুন।",
  "PollDeletedError": "এই পোল মুছে ফেলা হয়েছে।",
  "PollDeletedErrorDescription": "এই পোল আর প্রাসঙ্গিক নয় এবং প্রণেতা দ্বারা মুছে ফেলা হয়েছে।",
  "Close": "বন্ধ করুন",
  "ResponderAccessibilityLabel": "{0} {1}-তে {2}-এ সাড়া দিয়েছে",
  "OptionResponseAccessibility": "{0} {1} রেসপন্ডার, {2}",
  "Next": "পরবর্তী",
  "DeleteChoiceX": "পছন্দ {0} মুছুন",
  "ChangeDueBy": "এর মধ্যে পরিবর্তন করুন",
  "DialogTalkback": "{0} কথোপকথন৷ {1}",
  "NotRespondedLabel": "আপনি প্রতিক্রিয়া দেননি",
  "NotRespondedLabel.comment": "ভোটের অ নির্মাতার জন্য বার্তা যখন ফলাফলের দৃশ্যমানতা শুধুমাত্র স্রষ্টার প্রতি সেট করা হয় এবং ভোট বন্ধ বা মেয়াদোত্তীর্ণ হয়় এবং ব্যবহারকারী কোনও প্রতিক্রিয়া জানিয়েছেন না",
  "PollDeleted": "এই পোলটি মুছে ফেলা হয়েছে",
  "PollClosed": "পোল বন্ধ করা হয়েছে",
  "PollExpired": "ভোটের মেয়াদ উত্তীর্ণ হয়েছে",
  "ResultEveryone": "প্রতিক্রিয়াগুলি সকলের কাছে দৃশ্যমান",
  "ResultCreator": "প্রতিক্রিয়াগুলি শুধু নির্মাতার কাছে দৃশ্যমান",
  "Submit": "ভোট জমা দিন",
  "Results": "ফলাফল দেখুন",
  "BeTheFirstOneToRespond": "সবার প্রথমে পোলটি নিন",
  "OneResponded": "{0} প্রতিক্রিয়া জানিয়েছেন",
  "TwoResponded": "{0} এবং {1} প্রতিক্রিয়া জানিয়েছেন",
  "ThreeResponded": "{0}, {1} এবং {2} প্রতিক্রিয়া জানিয়েছেন",
  "ThreeAndOneOtherResponded": "{0}, {1}, {2} এবং অন্য 1 জন প্রতিক্রিয়া জানিয়েছেন",
  "ThreeAndOthersResponded": "{0}, {1}, {2} এবং অন্য {3} জন প্রতিক্রিয়া জানিয়েছেন",
  "CreateNewPoll": "একটি নতুন পোল তৈরি করুন",
  "ResultsTitle": "ফলাফল দর্শন",
  "$manifest.name": "ভোট",
  "$manifest.views.LaunchView.header": "ভোট তৈরি করুন",
  "$manifest.description": "একটি প্রশ্ন জিজ্ঞাসা করুন এবং লোকজনের মতামত পান",
  "$manifest.msTeamsProps.name.short": "ভোট",
  "$manifest.msTeamsProps.name.full": "ভোট",
  "$manifest.msTeamsProps.description.short": "একটি প্রশ্ন জিজ্ঞাসা করুন এবং লোকজনের মতামত পান",
  "$manifest.msTeamsProps.description.full": "একটি চ্যাট বা চ্যানেলে একটি পোল তৈরি করে আপনার দলের মতামত প্রাপ্ত করুন।​ বার্তা রচনার বক্সের অধীনে \"…\" তে অ্যাপটি খুঁজে বের করুন ​. আপনার প্রশ্ন এবং পছন্দগুলি লিখলেই আপনার কাজ শেষ। প্রতিক্রিয়াগুলি ট্র্যাক করে অংশগ্রহণের শীর্ষে থাকুন। আপনার সহ-কর্মীদের সঙ্গে পোলের ফলাফল শেয়ার করতে সেটি ডাউনলোড করুন।"
}