{"name.short":"Pôl Piniwn","name.full":"Pôl Piniwn","composeExtensions[0].commands[0].title":"Creu Pôl Piniwn","description.short":"Gofyn cwestiwn a chael barn pobl","description.full":"Cael barn eich tîm drwy greu pôl piniwn mewn sgwrs neu sianel.​ Dewch o hyd i’r ap yn '…' o dan flwch cyfansoddi’r neges​. Rhowch eich cwestiwn a’ch dewisiadau a rydych chi’n barod i fynd. Cadwch olwg ar gyfranogiad drwy dracio ymatebion. Llwythwch ganlyniad y pôl piniwn i lawr i'w rannu â’ch cydweithwyr"}