{
  "Choice": "{0} aukera",
  "ResultsVisibilitySettingsSummaryEveryone": "Denek ikus ditzake emaitzak",
  "ResultsVisibilitySettingsSummarySenderOnly": "Niri bakarrik ikus ditzaket emaitzak",
  "DueInYears": "Epemuga: {0} urte barru",
  "DueInYear": "Epemuga: {0} urte barru",
  "DueInMonths": "Epemuga: {0} hilabete barru",
  "DueInMonth": "Epemuga: {0} hilabete barru",
  "DueInWeeks": "Epemuga: {0} aste barru",
  "DueInWeek": "Epemuga: {0} aste barru",
  "DueInDays": "Epemuga: {0} egun barru",
  "DueInDay": "Epemuga :{0} egun barru",
  "DueInHoursAndMinutes": "Epemuga: {0} ordu eta {1} minutu barru",
  "DueInHourAndMinutes": "Epemuga: {0} ordu eta {1} minutu barru",
  "DueInHoursAndMinute": "Epemuga: {0} ordu eta {1} minutu barru",
  "DueInHourAndMinute": "Epemuga: {0} ordu eta {1} minutu barru",
  "DueInHours": "Epemuga: {0} ordu barru",
  "DueInHour": "Epemuga {0} ordu barru",
  "DueInMinutes": "Epemuga: {0} minutu barru",
  "DueInMinute": "Epemuga: {0} minutu barru",
  "Send": "Bidali galdeketa",
  "TitleBlankError": "Izenburua ezin da hutsik egon",
  "PollTitlePlaceholder": "Idatzi galdeketako galderak",
  "Settings": "Ezarpenak",
  "BlankChoiceError": "Aukera ezin da hutsik egon",
  "You": "Zu",
  "YetToRespond": "{0} Erantzuteke",
  "ResponseFetchError": "Ezin izan da erantzuna eskuratu. Saiatu berriro.",
  "Back": "Atzera",
  "ViewResponses": "Ikuspegi erantzunak",
  "Download": "Deskargatu",
  "DownloadResponses": "Deskargatu CSV fitxategia",
  "DownloadYourResponses": "Deskargatu zure erantzuna",
  "DownloadImage": "Deskargatu irudia",
  "ClosedOn": "Itxiera-data: {0}",
  "ExpiredOn": "Data honetan iraungia: {0}",
  "FeatureNotAvailable": "Eginbide hori ez dago erabilgarri une honetan.",
  "OK": "ADOS",
  "SelectADate": "Hautatu data...",
  "SelectATime": "Hautatu ordua...",
  "SomethingWentWrong": "Arazoren bat izan da",
  "ChangeDueDate": "Aldatu epemuga",
  "ChangeDate": "Aldatu data",
  "ClosePoll": "Itxi bozketa",
  "DeletePoll": "Ezabatu bozketa",
  "ClosePollConfirmation": "Ziur galdeketa itxi nahi duzula?",
  "DeletePollConfirmation": "Ziur galdeketa hau ezabatu nahi duzula?",
  "Participation": "Partaidetza: % {0}",
  "BarPercentage": "% {0}",
  "ParticipationIndicatorSingular": "{1} erabiltzailetatik {0}ek erantzun dute",
  "ParticipationIndicatorPlural": "{1} erabiltzailetatik {0}ek erantzun dute",
  "Responders": "Erantzuleak",
  "NonResponders": "Oraindik erantzuteke",
  "NotResponded": "Ez duzu erantzun",
  "YourResponse": "Zure erantzuna: {0}",
  "VisibilityCreatorOnlyLabel": "Inkesta honen bidaltzaileak bakarrik ikus ditzake emaitzak",
  "Cancel": "Utzi",
  "Change": "Aldatu",
  "Confirm": "Berretsi",
  "dueBy": "Epemuga:",
  "dueByDate": "Epemuga: {0}",
  "multipleResponses": "Hainbat erantzun onartu nahi dituzu?",
  "responseOptions": "Erantzuteko aukerak",
  "resultsVisibleTo": "Emaitzak ikusgai",
  "resultsVisibleToAll": "Guztiak",
  "resultsVisibleToSender": "Nik bakarrik",
  "datePickerPlaceholder": "Hautatu data...",
  "timePickerPlaceholder": "Hautatu ordua...",
  "PollResult": "Galdeketan emaitza - {0}",
  "UnknownMember": "Kide ezezaguna",
  "AddChoice": "Gehitu aukera",
  "DeleteChoice": "Ezabatu aukera",
  "GotIt": "Ados",
  "ChatLieErrorText": "Bidali mezu bat elkarrizketari ekiteko eta, ondoren, itzuli Galdeketak atalera.",
  "DismissMenu": "Baztertu menua",
  "MoreOptions": "Aukera gehiago",
  "PollOptions": "Bozketaren aukerak",
  "GenericError": "Arazo bat izan dugu aplikazio honetara iristeko. Saiatu berriro geroago.",
  "PollDeletedError": "Bozketa hau ezabatu egin da.",
  "PollDeletedErrorDescription": "Galdeketa hau jada ez da garrantzitsua, eta sortzaileak ezabatu egin du.",
  "Close": "Itxi",
  "ResponderAccessibilityLabel": "{0} erabiltzaileak {1} erantzun du data honetan: {2}",
  "OptionResponseAccessibility": "{0}, {1} erantzule, % {2}",
  "Next": "Hurrengoa",
  "DeleteChoiceX": "Ezabatu {0} aukera",
  "ChangeDueBy": "Aldatu Epemugaren arabera",
  "DialogTalkback": "{0} elkarrizketa. {1}",
  "NotRespondedLabel": "Ez duzu erantzun",
  "NotRespondedLabel.comment": "Erabiltzaileak galdeketari erantzun ez dionean eta itxi edo iraungi denean eta emaitzak soilik sortzaileak ikus ditzakeenean sortzaile ez direnei erakusten zaien mezua",
  "PollDeleted": "Bozketa hau ezabatu egin da",
  "PollClosed": "Galdeketa itxita dago",
  "PollExpired": "Galdeketa iraungi da",
  "ResultEveryone": "Denek ikus ditzakete erantzunak",
  "ResultCreator": "Sortzaileak soilik ikus ditzake erantzunak",
  "Submit": "Bidali botoa",
  "Results": "Ikusi emaitza",
  "BeTheFirstOneToRespond": "Izan lehena galdeketa egiten",
  "OneResponded": "Honek erantzun du: {0}",
  "TwoResponded": "{0} eta {1} erabiltzaileek erantzun dute",
  "ThreeResponded": "{0}, {1} eta {2} erabiltzaileek erantzun dute",
  "ThreeAndOneOtherResponded": "{0}, {1}, {2} eta beste erabiltzaile batek erantzun dute",
  "ThreeAndOthersResponded": "{0}, {1}, {2} eta beste {3} erabiltzailek erantzun dute",
  "CreateNewPoll": "Sortu bozketa",
  "ResultsTitle": "Emaitza-ikuspegia",
  "$manifest.name": "Galdeketa",
  "$manifest.views.LaunchView.header": "Sortu galdeketa bat",
  "$manifest.description": "Egin galdera bat eta eskuratu jendearen iritzia",
  "$manifest.msTeamsProps.name.short": "Galdeketa",
  "$manifest.msTeamsProps.name.full": "Galdeketa",
  "$manifest.msTeamsProps.description.short": "Egin galdera bat eta eskuratu jendearen iritzia",
  "$manifest.msTeamsProps.description.full": "Lortu taldearen iritzia txat edo kanal batean galdeketa bat sortuta.​ Bilatu aplikazioa \"...\" atalean, mezua idazteko koadroaren azpian​. Idatzi galdera eta aukerak, eta erabiltzeko prest egongo da. Izan partaidetzaren berri erantzunen jarraipena eginda. Deskargatu galdeketen emaitza lankideekin partekatzeko."
}