{"name.short":"Kosning","name.full":"Kosning","composeExtensions[0].commands[0].title":"Búa til könnun","description.short":"Spyrðu spurningar og fáðu álit fólks","description.full":"Fáðu skoðanir frá teyminu þínu með því að búa til skoðanakönnun í spjalli eða rás.​ Finndu forritið í „...“ undir skilaboðareitnum​. Skrifaðu inn spurningar og valmöguleika og þú ert reiðubúin(n). Haltu utan um þátttökuna með því að fylgjast með svörum. Sæktu niðurstöður könnunarinnar og deildu með vinnufélögum þínum."}