{
  "Choice": "Opción {0}",
  "ResultsVisibilitySettingsSummaryEveryone": "Resultados visibles para todos",
  "ResultsVisibilitySettingsSummarySenderOnly": "Resultados visibles solo para mí",
  "DueInYears": "Vence en {0} años",
  "DueInYear": "Vence en {0} año",
  "DueInMonths": "Vence en {0} meses",
  "DueInMonth": "Vence en {0} mes",
  "DueInWeeks": "Vence en {0} semanas",
  "DueInWeek": "Vence en {0} semana",
  "DueInDays": "Vence en {0} días",
  "DueInDay": "Vence en {0} día",
  "DueInHoursAndMinutes": "Vence en {0} horas y {1} minutos",
  "DueInHourAndMinutes": "Vence en {0} hora y {1} minutos",
  "DueInHoursAndMinute": "Vence en {0} horas y {1} minuto",
  "DueInHourAndMinute": "Vence en {0} hora, {1} minuto",
  "DueInHours": "Vence en {0} horas",
  "DueInHour": "Vence en {0} hora",
  "DueInMinutes": "Vence en {0} minutos",
  "DueInMinute": "Vence en {0} minuto",
  "Send": "Enviar encuesta",
  "TitleBlankError": "El título no puede dejarse en blanco",
  "PollTitlePlaceholder": "Introduce pregunta de encuesta",
  "Settings": "Configuración",
  "BlankChoiceError": "La opción no se puede dejar en blanco",
  "You": "Tú",
  "YetToRespond": "{0} por responder",
  "ResponseFetchError": "Error al acceder a la respuesta. Vuelve a intentarlo.",
  "Back": "Volver",
  "ViewResponses": "Ver respuestas",
  "Download": "Descargar",
  "DownloadResponses": "Descargar CSV",
  "DownloadYourResponses": "Descargar la respuesta",
  "DownloadImage": "Descargar imagen",
  "ClosedOn": "Se cerró el {0}",
  "ExpiredOn": "Venció el {0}",
  "FeatureNotAvailable": "Esta función no está disponible actualmente",
  "OK": "Aceptar",
  "SelectADate": "Selecciona una fecha...",
  "SelectATime": "Selecciona una hora...",
  "SomethingWentWrong": "Se produjo un error",
  "ChangeDueDate": "Fecha vencimiento de cambio",
  "ChangeDate": "Fecha de cambio",
  "ClosePoll": "Cerrar encuesta",
  "DeletePoll": "Eliminar encuesta",
  "ClosePollConfirmation": "¿Estás seguro de que quieres cerrar esta encuesta?",
  "DeletePollConfirmation": "¿Estás seguro de que quieres eliminar esta encuesta?",
  "Participation": "{0}% de participación",
  "BarPercentage": "{0}%",
  "ParticipationIndicatorSingular": "Respondieron {0} de {1}",
  "ParticipationIndicatorPlural": "Respondieron {0} de {1}",
  "Responders": "Respondedores",
  "NonResponders": "Por responder",
  "NotResponded": "No has respondido",
  "YourResponse": "Tu respuesta: {0}",
  "VisibilityCreatorOnlyLabel": "Resultados visibles solo para el remitente de este encuesta",
  "Cancel": "Cancelar",
  "Change": "Cambiar",
  "Confirm": "Confirmar",
  "dueBy": "Vence el",
  "dueByDate": "Vence el {0}",
  "multipleResponses": "Permitir varias respuestas",
  "responseOptions": "Opciones de respuesta",
  "resultsVisibleTo": "Resultados visibles para",
  "resultsVisibleToAll": "Todos",
  "resultsVisibleToSender": "Solo yo",
  "datePickerPlaceholder": "Selecciona una fecha...",
  "timePickerPlaceholder": "Selecciona una hora...",
  "PollResult": "Resultado de la encuesta: {0}",
  "UnknownMember": "Miembro desconocido",
  "AddChoice": "Agregar opción",
  "DeleteChoice": "Eliminar opción",
  "GotIt": "De acuerdo",
  "ChatLieErrorText": "Envía un mensaje para iniciar esta conversación y después vuelve a Encuesta",
  "DismissMenu": "Descartar menú",
  "MoreOptions": "Más opciones",
  "PollOptions": "Opciones del sondeo",
  "GenericError": "Hubo un problema al establecer contacto con esta aplicación. Vuelve a intentarlo más tarde.",
  "PollDeletedError": "Se eliminó esta encuesta.",
  "PollDeletedErrorDescription": "Esta encuesta ya no es relevante y el creador la eliminó.",
  "Close": "Cerrar",
  "ResponderAccessibilityLabel": "{0} respondió {1} el {2}",
  "OptionResponseAccessibility": "{0}, {1} encuestados, {2}",
  "Next": "Siguiente",
  "DeleteChoiceX": "Eliminar opción {0}",
  "ChangeDueBy": "Cambio vence el",
  "DialogTalkback": "Cuadro de diálogo {0}. {1}",
  "NotRespondedLabel": "No respondiste",
  "NotRespondedLabel.comment": "Mensaje para los usuarios que no son creadores de encuestas cuando la visibilidad del resultado está establecida solo para el creador y la encuesta está cerrada o venció y el usuario no ha respondido",
  "PollDeleted": "Esta encuesta se eliminó",
  "PollClosed": "Encuesta cerrada",
  "PollExpired": "Encuesta vencida",
  "ResultEveryone": "Las respuestas son visibles para todos",
  "ResultCreator": "Solo el creador puede ver las respuestas",
  "Submit": "Enviar voto",
  "Results": "Ver resultado",
  "BeTheFirstOneToRespond": "Sé el primero en responder la encuesta",
  "OneResponded": "{0} respondió",
  "TwoResponded": "{0} y {1} respondieron",
  "ThreeResponded": "{0}, {1} y {2} respondieron",
  "ThreeAndOneOtherResponded": "{0}, {1}, {2} y 1 más respondieron",
  "ThreeAndOthersResponded": "{0}, {1}, {2} y {3} más respondieron",
  "CreateNewPoll": "Crear una encuesta nueva",
  "ResultsTitle": "Vista de resultados",
  "$manifest.name": "Sondeo",
  "$manifest.views.LaunchView.header": "Crear sondeo",
  "$manifest.description": "Formula una pregunta y recibe la opinión de los usuarios.",
  "$manifest.msTeamsProps.name.short": "Sondeo",
  "$manifest.msTeamsProps.name.full": "Sondeo",
  "$manifest.msTeamsProps.description.short": "Formula una pregunta y recibe la opinión de los usuarios.",
  "$manifest.msTeamsProps.description.full": "Recibe la opinión de tu equipo creando una encuesta en un chat o un canal.​ Encuentra la aplicación en '…' debajo del cuadro de redacción del mensaje​. Escribe la pregunta y las opciones y ya está listo para empezar. Mantente informado de la participación haciendo un seguimiento de las respuestas. Descarga los resultados de la encuesta y compártelos con tus compañeros de trabajo."
}