{
  "Choice": "{0}개 선택",
  "ResultsVisibilitySettingsSummaryEveryone": "모든 사람이 볼 수 있는 결과",
  "ResultsVisibilitySettingsSummarySenderOnly": "나만 볼 수 있는 결과",
  "DueInYears": "{0}년 후 만료",
  "DueInYear": "{0}년 후 만료",
  "DueInMonths": "{0}개월 후 만료",
  "DueInMonth": "{0}개월 후 만료",
  "DueInWeeks": "{0}주 후 만료",
  "DueInWeek": "{0}주 후 만료",
  "DueInDays": "{0}일 후 만료",
  "DueInDay": "{0}일 후 만료",
  "DueInHoursAndMinutes": "{0}시간 {1}분 후 만료",
  "DueInHourAndMinutes": "{0}시간 {1}분 후 만료",
  "DueInHoursAndMinute": "{0}시간 {1}분 후 만료",
  "DueInHourAndMinute": "{0}시간 {1}분 후 만료",
  "DueInHours": "{0}시간 후 만료",
  "DueInHour": "{0}시간 후 만료",
  "DueInMinutes": "{0}분 후 만료",
  "DueInMinute": "{0}분 후 만료",
  "Send": "투표 보내기",
  "TitleBlankError": "제목은 비워 둘 수 없습니다.",
  "PollTitlePlaceholder": "투표 질문 입력",
  "Settings": "설정",
  "BlankChoiceError": "선택 항목을 비워 둘 수 없습니다.",
  "You": "나",
  "YetToRespond": "{0}명이 아직 응답하지 않았습니다.",
  "ResponseFetchError": "응답을 가져오지 못했습니다. 다시 시도해 보세요.",
  "Back": "뒤로",
  "ViewResponses": "응답 보기",
  "Download": "다운로드",
  "DownloadResponses": "CSV 다운로드",
  "DownloadYourResponses": "응답 다운로드",
  "DownloadImage": "이미지 다운로드",
  "ClosedOn": "{0}에 종료함",
  "ExpiredOn": "{0}에 만료됨",
  "FeatureNotAvailable": "현재 이 기능을 사용할 수 없습니다.",
  "OK": "확인",
  "SelectADate": "날짜 선택...",
  "SelectATime": "시간 선택...",
  "SomethingWentWrong": "문제가 발생했습니다.",
  "ChangeDueDate": "기한 변경",
  "ChangeDate": "날짜 변경",
  "ClosePoll": "투표를 종료하세요.",
  "DeletePoll": "투표 삭제",
  "ClosePollConfirmation": "이 투표를 종료하시겠습니까?",
  "DeletePollConfirmation": "이 투표를 삭제하시겠습니까?",
  "Participation": "참가 {0}%",
  "BarPercentage": "{0}%",
  "ParticipationIndicatorSingular": "{1}명 중 {0}명이 응답했습니다.",
  "ParticipationIndicatorPlural": "{1}명 중 {0}명이 응답했습니다.",
  "Responders": "응답기",
  "NonResponders": "아직 응답하지 않았습니다.",
  "NotResponded": "아직 응답하지 않았습니다.",
  "YourResponse": "내 응답: {0}",
  "VisibilityCreatorOnlyLabel": "이 설문 조사를 보낸 사람에게만 결과가 표시됩니다.",
  "Cancel": "취소",
  "Change": "변경",
  "Confirm": "확인",
  "dueBy": "기한:",
  "dueByDate": "{0}에 만료",
  "multipleResponses": "복수 응답 허용",
  "responseOptions": "응답 옵션",
  "resultsVisibleTo": "결과 표시 대상",
  "resultsVisibleToAll": "모든 사용자",
  "resultsVisibleToSender": "나만",
  "datePickerPlaceholder": "날짜 선택...",
  "timePickerPlaceholder": "시간 선택...",
  "PollResult": "투표 결과 - {0}",
  "UnknownMember": "알 수 없는 구성원",
  "AddChoice": "선택 추가",
  "DeleteChoice": "선택 항목 삭제",
  "GotIt": "확인",
  "ChatLieErrorText": "이 대화를 시작하려면 메시지를 보낸 후 투표로 돌아오세요.",
  "DismissMenu": "메뉴 해제",
  "MoreOptions": "옵션 더 보기",
  "PollOptions": "투표 옵션",
  "GenericError": "이 앱에 연결하는 동안 문제가 발생했습니다. 잠시 후 시도하세요.",
  "PollDeletedError": "이 투표는 삭제되었습니다.",
  "PollDeletedErrorDescription": "이 투표는 더 이상 관련이 없으며 생성자에 의해 삭제되었습니다.",
  "Close": "닫기",
  "ResponderAccessibilityLabel": "{0} 님이 {2}에 {1}에 응답했습니다.",
  "OptionResponseAccessibility": "{0}, 응답자 {1}명, {2}",
  "Next": "다음",
  "DeleteChoiceX": "선택 {0}개 삭제",
  "ChangeDueBy": "기한 변경",
  "DialogTalkback": "{0} 대화 상자입니다. {1}",
  "NotRespondedLabel": "응답하지 않았습니다.",
  "NotRespondedLabel.comment": "결과가 생성자에게만 표시되도록 설정된 경우, 투표가 종료되었거나 만료된 경우, 그리고 사용자가 응답하지 않은 경우의 투표 비생성자에 대한 메시지",
  "PollDeleted": "이 투표가 삭제되었습니다.",
  "PollClosed": "투표 종료됨",
  "PollExpired": "투표 만료됨",
  "ResultEveryone": "모든 사람이 응답을 볼 수 있습니다.",
  "ResultCreator": "응답은 만든 이만 볼 수 있습니다.",
  "Submit": "투표 제출",
  "Results": "결과 보기",
  "BeTheFirstOneToRespond": "이 투표에 가장 먼저 참여해 보세요.",
  "OneResponded": "{0} 님이 응답했습니다.",
  "TwoResponded": "{0} 님과 {1} 님이 응답했습니다.",
  "ThreeResponded": "{0}, {1}, {2} 님이 응답했습니다.",
  "ThreeAndOneOtherResponded": "{0}, {1}, {2} 님 외 1명이 응답했습니다.",
  "ThreeAndOthersResponded": "{0}, {1}, {2} 님 외 {3}명이 응답했습니다.",
  "CreateNewPoll": "새 투표 만들기",
  "ResultsTitle": "결과 보기",
  "$manifest.name": "투표",
  "$manifest.views.LaunchView.header": "투표 만들기",
  "$manifest.description": "질문하고 사람들의 의견을 받습니다.",
  "$manifest.msTeamsProps.name.short": "투표",
  "$manifest.msTeamsProps.name.full": "투표",
  "$manifest.msTeamsProps.description.short": "질문하고 사람들의 의견을 받습니다.",
  "$manifest.msTeamsProps.description.full": "채팅 또는 채널에서 투표를 만들어 팀의 의견을 확인하세요.​ 메시지 작성 상자의 ‘…’에서 앱을 찾습니다.​ 질문 및 선택 사항을 입력하면 준비가 된 것입니다. 응답을 추적하여 참여를 파악합니다. 투표 결과를 다운로드하여 동료와 공유합니다."
}