{
  "Choice": "Вариант {0}",
  "ResultsVisibilitySettingsSummaryEveryone": "Результаты видны всем",
  "ResultsVisibilitySettingsSummarySenderOnly": "Результаты видны только мне",
  "DueInYears": "Срок истекает через {0} гг.",
  "DueInYear": "Срок истекает через {0} год",
  "DueInMonths": "Срок истекает через {0} мес.",
  "DueInMonth": "Срок истекает через {0} мес.",
  "DueInWeeks": "Срок истекает через {0} нед.",
  "DueInWeek": "Срок истекает через {0} неделю",
  "DueInDays": "Срок истекает через {0} дн.",
  "DueInDay": "Срок истекает через {0} дн.",
  "DueInHoursAndMinutes": "Срок истекает через {0} ч {1} мин",
  "DueInHourAndMinutes": "Срок истекает через {0} ч {1} мин",
  "DueInHoursAndMinute": "Срок истекает через {0} ч {1} мин",
  "DueInHourAndMinute": "Срок истекает через {0} ч {1} мин",
  "DueInHours": "Срок истекает через {0} ч",
  "DueInHour": "Срок истекает через {0} ч",
  "DueInMinutes": "Срок истекает через {0} мин",
  "DueInMinute": "Срок истекает через {0} мин",
  "Send": "Отправить опрос",
  "TitleBlankError": "Название не может быть пустым",
  "PollTitlePlaceholder": "Введите вопрос опроса",
  "Settings": "Настройки",
  "BlankChoiceError": "Выбранный вариант не может быть пустым",
  "You": "Вы",
  "YetToRespond": "Еще не ответили: {0}",
  "ResponseFetchError": "Не удалось получить ответ. Повторите попытку.",
  "Back": "Назад",
  "ViewResponses": "Просмотреть ответы",
  "Download": "Скачать",
  "DownloadResponses": "Скачать CSV-файл",
  "DownloadYourResponses": "Скачать свой ответ",
  "DownloadImage": "Скачать изображение",
  "ClosedOn": "Закрыто: {0}",
  "ExpiredOn": "Срок действия истек: {0}",
  "FeatureNotAvailable": "Эта возможность сейчас недоступна",
  "OK": "ОК",
  "SelectADate": "Выберите дату",
  "SelectATime": "Выберите время",
  "SomethingWentWrong": "Что-то пошло не так",
  "ChangeDueDate": "Изменить срок",
  "ChangeDate": "Изменить дату",
  "ClosePoll": "Закрыть опрос",
  "DeletePoll": "Удалить опрос",
  "ClosePollConfirmation": "Действительно закрыть этот опрос?",
  "DeletePollConfirmation": "Действительно удалить этот опрос?",
  "Participation": "Участие: {0}%",
  "BarPercentage": "{0}%",
  "ParticipationIndicatorSingular": "Ответил {0} человек из {1}",
  "ParticipationIndicatorPlural": "Ответило людей: {0} из {1}",
  "Responders": "Ответили",
  "NonResponders": "Еще не ответили",
  "NotResponded": "Вы не ответили",
  "YourResponse": "Ваш ответ: {0}",
  "VisibilityCreatorOnlyLabel": "Результаты видны только отправителю этого опроса",
  "Cancel": "Отмена",
  "Change": "Изменить",
  "Confirm": "Подтвердить",
  "dueBy": "Срок выполнения",
  "dueByDate": "Срок выполнения: {0}",
  "multipleResponses": "Разрешить несколько ответов",
  "responseOptions": "Параметры ответа",
  "resultsVisibleTo": "Отображение результатов",
  "resultsVisibleToAll": "Все",
  "resultsVisibleToSender": "Только я",
  "datePickerPlaceholder": "Выберите дату",
  "timePickerPlaceholder": "Выберите время",
  "PollResult": "Результат опроса — {0}",
  "UnknownMember": "Неизвестный участник",
  "AddChoice": "Добавить вариант",
  "DeleteChoice": "Удалить вариант",
  "GotIt": "Закрыть",
  "ChatLieErrorText": "Отправьте сообщение, чтобы начать беседу, а затем вернитесь к опросу",
  "DismissMenu": "Закрыть меню",
  "MoreOptions": "Дополнительные параметры",
  "PollOptions": "Варианты опроса",
  "GenericError": "Не удалось связаться с приложением. Повторите попытку через некоторое время.",
  "PollDeletedError": "Этот опрос был удален.",
  "PollDeletedErrorDescription": "Этот опрос больше не актуален и удален создателем.",
  "Close": "Закрыть",
  "ResponderAccessibilityLabel": "Пользователь {0} ответил \"{1}\" {2}",
  "OptionResponseAccessibility": "Вариант \"{0}\", респондентов: {1}, {2}",
  "Next": "Далее",
  "DeleteChoiceX": "Удалить вариант выбора {0}",
  "ChangeDueBy": "Изменить срок выполнения",
  "DialogTalkback": "Диалоговое окно \"{0}\". Кнопка \"{1}\"",
  "NotRespondedLabel": "Вы не ответили",
  "NotRespondedLabel.comment": "Сообщение для пользователей, не являющихся создателями опроса, когда результаты настроены для отображения только создателю и опрос закрыт или истек, а пользователь не ответил",
  "PollDeleted": "Этот опрос удален",
  "PollClosed": "Опрос закрыт",
  "PollExpired": "Срок действия опроса истек",
  "ResultEveryone": "Ответы видны всем",
  "ResultCreator": "Ответы видны только автору",
  "Submit": "Проголосовать",
  "Results": "Просмотреть результат",
  "BeTheFirstOneToRespond": "Пройдите опрос раньше всех",
  "OneResponded": "Ответило людей: {0}",
  "TwoResponded": "Ответили {0} и {1}",
  "ThreeResponded": "Ответили {0}, {1} и {2}",
  "ThreeAndOneOtherResponded": "Ответили {0}, {1}, {2} и еще 1 человек",
  "ThreeAndOthersResponded": "Ответили {0}, {1}, {2} и другие люди ({3})",
  "CreateNewPoll": "Создание опроса",
  "ResultsTitle": "Представление результатов",
  "$manifest.name": "Опрос",
  "$manifest.views.LaunchView.header": "Создание опроса",
  "$manifest.description": "Задайте вопрос, чтобы узнать мнение людей",
  "$manifest.msTeamsProps.name.short": "Опрос",
  "$manifest.msTeamsProps.name.full": "Опрос",
  "$manifest.msTeamsProps.description.short": "Задайте вопрос, чтобы узнать мнение людей",
  "$manifest.msTeamsProps.description.full": "Узнайте мнение своей команды, создав опрос в чате или канале.​ Найдите приложение в меню \"…\" под полем создания сообщения​. Введите вопрос с вариантами ответов, и все готово! Узнавайте об участии, отслеживая ответы. Скачивайте результаты опроса, чтобы поделиться ими с коллегами."
}