{
  "Choice": "Keuze {0}",
  "ResultsVisibilitySettingsSummaryEveryone": "Resultaten zichtbaar voor iedereen",
  "ResultsVisibilitySettingsSummarySenderOnly": "Resultaten alleen zichtbaar voor mij",
  "DueInYears": "Einddatum over {0} jaar",
  "DueInYear": "Einddatum over {0} jaar",
  "DueInMonths": "Einddatum over {0} maanden",
  "DueInMonth": "Einddatum over {0} maand",
  "DueInWeeks": "Einddatum over {0} weken",
  "DueInWeek": "Einddatum over {0} week",
  "DueInDays": "Einddatum over {0} dagen",
  "DueInDay": "Einddatum over {0} dag",
  "DueInHoursAndMinutes": "Einddatum over {0} uur, {1} minuten",
  "DueInHourAndMinutes": "Einddatum over {0} uur, {1} minuten",
  "DueInHoursAndMinute": "Einddatum over {0} uur, {1} minuut",
  "DueInHourAndMinute": "Einddatum over {0} uur, {1} minuut",
  "DueInHours": "Einddatum over {0} uur",
  "DueInHour": "Einddatum over {0} uur",
  "DueInMinutes": "Einddatum over {0} minuten",
  "DueInMinute": "Einddatum over {0} minuut",
  "Send": "Enquête verzenden",
  "TitleBlankError": "Titel mag niet leeg zijn",
  "PollTitlePlaceholder": "Enquêtevraag invoeren",
  "Settings": "Instellingen",
  "BlankChoiceError": "Keuzeveld mag niet leeg zijn",
  "You": "U",
  "YetToRespond": "{0} moeten nog reageren",
  "ResponseFetchError": "Ophalen van antwoord is mislukt. Probeer het opnieuw.",
  "Back": "Terug",
  "ViewResponses": "Antwoorden weergeven",
  "Download": "Downloaden",
  "DownloadResponses": "CSV downloaden",
  "DownloadYourResponses": "Uw antwoord downloaden",
  "DownloadImage": "Afbeelding downloaden",
  "ClosedOn": "Gesloten op {0}",
  "ExpiredOn": "Verlopen op {0}",
  "FeatureNotAvailable": "Deze functie is momenteel niet beschikbaar",
  "OK": "OK",
  "SelectADate": "Datum selecteren...",
  "SelectATime": "Tijd selecteren...",
  "SomethingWentWrong": "Er is iets misgegaan",
  "ChangeDueDate": "Einddatum wijzigen",
  "ChangeDate": "Datum wijzigen",
  "ClosePoll": "Enquête sluiten",
  "DeletePoll": "Peiling verwijderen",
  "ClosePollConfirmation": "Weet u zeker dat u deze enquête wilt sluiten?",
  "DeletePollConfirmation": "Weet u zeker dat u deze enquête wilt verwijderen?",
  "Participation": "Deelname {0}%",
  "BarPercentage": "{0}%",
  "ParticipationIndicatorSingular": "{0} van {1} hebben gereageerd",
  "ParticipationIndicatorPlural": "{0} van {1} hebben gereageerd",
  "Responders": "Respondenten",
  "NonResponders": "Moet nog reageren",
  "NotResponded": "U hebt niet gereageerd",
  "YourResponse": "Uw antwoord: {0}",
  "VisibilityCreatorOnlyLabel": "Resultaten zijn alleen zichtbaar voor de afzender van deze enquête",
  "Cancel": "Annuleren",
  "Change": "Wijzigen",
  "Confirm": "Bevestigen",
  "dueBy": "Einddatum",
  "dueByDate": "Einddatum: {0}",
  "multipleResponses": "Meerdere antwoorden toestaan",
  "responseOptions": "Opties voor antwoorden",
  "resultsVisibleTo": "Resultaten zichtbaar voor",
  "resultsVisibleToAll": "Iedereen",
  "resultsVisibleToSender": "Alleen ik",
  "datePickerPlaceholder": "Datum selecteren...",
  "timePickerPlaceholder": "Tijd selecteren...",
  "PollResult": "Resultaat voor enquête - {0}",
  "UnknownMember": "Onbekend lid",
  "AddChoice": "Keuze toevoegen",
  "DeleteChoice": "Keuze verwijderen",
  "GotIt": "Begrepen",
  "ChatLieErrorText": "Verzend een bericht om dit gesprek op gang te brengen en kom vervolgens terug naar Poll",
  "DismissMenu": "Menu sluiten",
  "MoreOptions": "Meer opties",
  "PollOptions": "Opties voor enquête",
  "GenericError": "Er is een probleem opgetreden bij het bereiken van deze app. Probeer het later opnieuw.",
  "PollDeletedError": "Deze peiling is verwijderd.",
  "PollDeletedErrorDescription": "Deze peiling is niet meer relevant en is verwijderd door de maker.",
  "Close": "Sluiten",
  "ResponderAccessibilityLabel": "{0} heeft op {2} gereageerd met {1}",
  "OptionResponseAccessibility": "{0}, {1} respondenten, {2}",
  "Next": "Volgende",
  "DeleteChoiceX": "Keuze {0} verwijderen",
  "ChangeDueBy": "Einddatum wijzigen",
  "DialogTalkback": "Dialoogvenster {0}. {1}",
  "NotRespondedLabel": "U niet hebt gereageerd",
  "NotRespondedLabel.comment": "Bericht voor niet-makers van enquête wanneer weergave van de resultaten is ingesteld op Alleen maker en enquête is gesloten of verlopen en de gebruiker niet heeft gereageerd",
  "PollDeleted": "Deze enquête is verwijderd",
  "PollClosed": "Enquête is gesloten",
  "PollExpired": "Enquête is verlopen",
  "ResultEveryone": "Antwoorden zijn zichtbaar voor iedereen",
  "ResultCreator": "Antwoorden zijn alleen zichtbaar voor de maker",
  "Submit": "Stem verzenden",
  "Results": "Resultaat weergeven",
  "BeTheFirstOneToRespond": "Vul de poll als eerste in",
  "OneResponded": "{0} heeft gereageerd",
  "TwoResponded": "{0} en {1} hebben gereageerd",
  "ThreeResponded": "{0}, {1} en {2} hebben gereageerd",
  "ThreeAndOneOtherResponded": "{0}, {1}, {2} en 1 andere persoon hebben gereageerd",
  "ThreeAndOthersResponded": "{0}, {1}, {2} en {3} anderen hebben gereageerd",
  "CreateNewPoll": "Nieuwe enquête maken",
  "ResultsTitle": "Resultaatweergave",
  "$manifest.name": "Peiling",
  "$manifest.views.LaunchView.header": "Peiling maken",
  "$manifest.description": "Een vraag stellen en de mening van anderen horen",
  "$manifest.msTeamsProps.name.short": "Peiling",
  "$manifest.msTeamsProps.name.full": "Poll",
  "$manifest.msTeamsProps.description.short": "Een vraag stellen en de mening van anderen horen",
  "$manifest.msTeamsProps.description.full": "Vraag naar de mening van uw team door een peiling te maken in een chat of kanaal.​ Zoek de app in '…' onder het vak voor het opstellen van een bericht​ Voer uw vraag en keuzen in en u bent klaar. Houd de deelname in de gaten door antwoorden bij te houden. Download de resultaten van de peiling om ze te delen met uw collega's."
}