{"name.short":"Опитування","name.full":"Опитування","composeExtensions[0].commands[0].title":"Створити опитування","description.short":"Поставте запитання та дізнайтеся думки людей","description.full":"Дізнайтеся думку своєї команди, створивши опитування в чаті або на каналі.​ Знайдіть програму в \"…\" під полем створення повідомлення​. Введіть свої запитання й варіанти відповідей – і все готово. Слідкуйте за перебігом опитування, відстежуючи відповіді. Завантажте результати опитування, щоб поділитися ними зі співробітниками."}