{
  "Choice": "{0}. izvēles iespēja",
  "ResultsVisibilitySettingsSummaryEveryone": "Rezultāti redzami visiem",
  "ResultsVisibilitySettingsSummarySenderOnly": "Rezultāti redzami tikai man",
  "DueInYears": "Izpildes datums pēc {0} gadiem",
  "DueInYear": "Izpildes datums pēc {0} gada",
  "DueInMonths": "Izpildes datums pēc {0} mēnešiem",
  "DueInMonth": "Izpildes datums pēc {0} mēneša",
  "DueInWeeks": "Izpildes datums pēc {0} mēneša",
  "DueInWeek": "Izpildes datums pēc {0} mēneša",
  "DueInDays": "Izpildes datums pēc {0} dienām",
  "DueInDay": "Izpildes datums pēc {0} dienas",
  "DueInHoursAndMinutes": "Izpildes datums pēc {0} stundām {1} minūtēm",
  "DueInHourAndMinutes": "Izpildes datums pēc {0} stundas {1} minūtēm",
  "DueInHoursAndMinute": "Izpildes datums pēc {0} stundām {1} minūtes",
  "DueInHourAndMinute": "Izpildes datums pēc {0} stundas {1} minūtes",
  "DueInHours": "Izpildes datums pēc {0} stundām",
  "DueInHour": "Izpildes datums pēc {0} stundas",
  "DueInMinutes": "Izpildes datums pēc {0} minūtēm",
  "DueInMinute": "Izpildes datums pēc {0} minūtes",
  "Send": "Nosūtīt balsošanas aptauju",
  "TitleBlankError": "Virsrakstu nevar atstāt tukšu",
  "PollTitlePlaceholder": "Ievadiet balsošanas jautājumu",
  "Settings": "Iestatījumi",
  "BlankChoiceError": "Izvēli nevar atstāt tukšu",
  "You": "Jūs",
  "YetToRespond": "{0} vēl jāatbild",
  "ResponseFetchError": "Atbildes ienese neizdevās. Mēģiniet vēlreiz.",
  "Back": "Atpakaļ",
  "ViewResponses": "Skatīt atbildes",
  "Download": "Lejupielādēt",
  "DownloadResponses": "Lejupielādēt CSV failu",
  "DownloadYourResponses": "Lejuplādējiet savu atbildi",
  "DownloadImage": "Lejupielādēt attēlu",
  "ClosedOn": "Slēgts: {0}",
  "ExpiredOn": "Derīgums beidzās: {0}",
  "FeatureNotAvailable": "Šis līdzeklis pašlaik nav pieejams",
  "OK": "LABI",
  "SelectADate": "Atlasiet datumu...",
  "SelectATime": "Atlasiet laiku...",
  "SomethingWentWrong": "Radās problēma",
  "ChangeDueDate": "Mainīt izpildes datumu",
  "ChangeDate": "Mainīt datumu",
  "ClosePoll": "Aizvērt balsošanu",
  "DeletePoll": "Dzēst balsošanas aptauju",
  "ClosePollConfirmation": "Vai tiešām vēlaties aizvērt šo balsošanu?",
  "DeletePollConfirmation": "Vai tiešām vēlaties izdzēst šo balsošanu?",
  "Participation": "Dalība: {0}%",
  "BarPercentage": "{0}%",
  "ParticipationIndicatorSingular": "Atbildēja {0} no {1} lietotājiem",
  "ParticipationIndicatorPlural": "Atbildēja {0} no {1} lietotājiem",
  "Responders": "Atbildēja",
  "NonResponders": "Vēl jāatbild",
  "NotResponded": "Jūs neesat atbildējis",
  "YourResponse": "Jūsu atbilde: {0}",
  "VisibilityCreatorOnlyLabel": "Rezultāti redzami tikai šīs balsošanas aptaujas sūtītājam",
  "Cancel": "Atcelt",
  "Change": "Mainīt",
  "Confirm": "Apstiprināt",
  "dueBy": "Izpildes datums",
  "dueByDate": "Izpildes termiņš: {0}",
  "multipleResponses": "Atļaut vairākas atbildes",
  "responseOptions": "Atbilžu opcijas",
  "resultsVisibleTo": "Rezultātus redz",
  "resultsVisibleToAll": "Visi",
  "resultsVisibleToSender": "Tikai es",
  "datePickerPlaceholder": "Atlasiet datumu...",
  "timePickerPlaceholder": "Atlasiet laiku...",
  "PollResult": "Balsošanas rezultāts – {0}",
  "UnknownMember": "Nezināms dalībnieks",
  "AddChoice": "Pievienot izvēli",
  "DeleteChoice": "Dzēst izvēli",
  "GotIt": "Sapratu",
  "ChatLieErrorText": "Nosūtiet ziņu, lai sāktu sarunu, un pēc tam atgriezieties pie balsošanas",
  "DismissMenu": "Aizvērt izvēlni",
  "MoreOptions": "Citas opcijas",
  "PollOptions": "Balsošanas varianti",
  "GenericError": "Mēģinot sasniegt šo programmu, radās problēma. Lūdzu, pēc brīža mēģiniet vēlreiz.",
  "PollDeletedError": "Šī balsošana ir izdzēsta.",
  "PollDeletedErrorDescription": "Šī balsošana vairs nav vajadzīga, to izdzēsa izveidotājs.",
  "Close": "Aizvērt",
  "ResponderAccessibilityLabel": "{0} atbildēja ar {1} datumā {2}",
  "OptionResponseAccessibility": "{0}, {1} respondenti, {2}",
  "Next": "Tālāk",
  "DeleteChoiceX": "Dzēst izvēli {0}",
  "ChangeDueBy": "Mainīt līdz datumam",
  "DialogTalkback": "Dialogs {0}. {1}",
  "NotRespondedLabel": "Jūs nesniedzāt atbildi",
  "NotRespondedLabel.comment": "Ziņojums balsošanas aptaujas lietotājiem, kas nav veidotāji, ja rezultātu redzamība ir iestatīta tikai veidotājam un balsošanas aptauja ir slēgta vai ir beidzies tās derīgums, bet lietotājs nav sniedzis atbildi",
  "PollDeleted": "Šī balsošana ir izdzēsta",
  "PollClosed": "Balsošana slēgta",
  "PollExpired": "Balsošanas derīgums beidzies",
  "ResultEveryone": "Atbildes ir redzamas visiem",
  "ResultCreator": "Atbildes ir redzamas tikai veidotājam",
  "Submit": "Balsot",
  "Results": "Skatīt rezultātu",
  "BeTheFirstOneToRespond": "Esiet pirmais, kas piedalās balsošanā",
  "OneResponded": "{0} atbildēja",
  "TwoResponded": "{0} un {1} atbildēja",
  "ThreeResponded": "{0}, {1} un {2} atbildēja",
  "ThreeAndOneOtherResponded": "{0}, {1}, {2} un 1 cits lietotājs atbildēja",
  "ThreeAndOthersResponded": "{0}, {1}, {2} un {3} citi atbildēja",
  "CreateNewPoll": "Izveidot jaunu balsošanu",
  "ResultsTitle": "Rezultātu skats",
  "$manifest.name": "Aptauja",
  "$manifest.views.LaunchView.header": "Izveidot aptauju",
  "$manifest.description": "Uzdodiet jautājumu un saņemiet lietotāju viedokli",
  "$manifest.msTeamsProps.name.short": "Aptauja",
  "$manifest.msTeamsProps.name.full": "Aptauja",
  "$manifest.msTeamsProps.description.short": "Uzdodiet jautājumu un saņemiet lietotāju viedokli",
  "$manifest.msTeamsProps.description.full": "Iegūstiet savas komandas viedokli, izveidojot balsošanas aptauju tērzēšanas sarunā vai kanālā.​ Atrodiet programmu, izmantojot \"…\" zem ziņojuma sastādīšanas lodziņa​. Ievadiet savu jautājumu un izvēles iespējas, un aptauja ir gatava izmantošanai. Uzmaniet dalību, izsekojot atbildes. Lejupielādējiet aptaujas rezultātus, lai koplietotu tos ar kolēģiem."
}