{
  "Choice": "Pilihan {0}",
  "ResultsVisibilitySettingsSummaryEveryone": "Hasil dapat dilihat semua orang",
  "ResultsVisibilitySettingsSummarySenderOnly": "Hasil terlihat hanya oleh saya",
  "DueInYears": "Berakhir dalam {0} tahun",
  "DueInYear": "Berakhir dalam {0} tahun",
  "DueInMonths": "Berakhir dalam {0} bulan",
  "DueInMonth": "Berakhir dalam {0} bulan",
  "DueInWeeks": "Berakhir dalam {0} minggu",
  "DueInWeek": "Berakhir dalam {0} minggu",
  "DueInDays": "Berakhir dalam {0} hari",
  "DueInDay": "Berakhir dalam {0} hari",
  "DueInHoursAndMinutes": "Berakhir dalam {0} jam, {1} menit",
  "DueInHourAndMinutes": "Berakhir dalam {0} jam, {1} menit",
  "DueInHoursAndMinute": "Berakhir dalam {0} jam, {1} menit",
  "DueInHourAndMinute": "Berakhir dalam {0} jam, {1} menit",
  "DueInHours": "Berakhir dalam {0} jam",
  "DueInHour": "Berakhir dalam {0} jam",
  "DueInMinutes": "Berakhir dalam {0} menit",
  "DueInMinute": "Berakhir dalam {0} menit",
  "Send": "Kirim Polling",
  "TitleBlankError": "Judul tidak boleh kosong",
  "PollTitlePlaceholder": "Masukkan pertanyaan jajak pendapat",
  "Settings": "Pengaturan",
  "BlankChoiceError": "Pilihan tidak boleh kosong",
  "You": "Anda",
  "YetToRespond": "{0} Belum Merespons",
  "ResponseFetchError": "Gagal Mengambil Respons. Coba lagi.",
  "Back": "Kembali",
  "ViewResponses": "Lihat Respons",
  "Download": "Unduh",
  "DownloadResponses": "Unduh CSV",
  "DownloadYourResponses": "Unduh Respons Anda",
  "DownloadImage": "Unduh Gambar",
  "ClosedOn": "Ditutup pada {0}",
  "ExpiredOn": "Kedaluwarsa pada {0}",
  "FeatureNotAvailable": "Fitur ini tidak tersedia untuk saat ini",
  "OK": "OK",
  "SelectADate": "Pilih Tanggal...",
  "SelectATime": "Pilih Waktu...",
  "SomethingWentWrong": "Terjadi kesalahan",
  "ChangeDueDate": "Ubah tanggal jatuh tempo",
  "ChangeDate": "Ubah Tanggal",
  "ClosePoll": "Tutup Jajak Pendapat",
  "DeletePoll": "Hapus Polling",
  "ClosePollConfirmation": "Anda yakin ingin menutup polling ini?",
  "DeletePollConfirmation": "Anda yakin ingin menghapus polling ini?",
  "Participation": "Partisipasi {0}%",
  "BarPercentage": "{0}%",
  "ParticipationIndicatorSingular": "{0} dari {1} merespons",
  "ParticipationIndicatorPlural": "{0} dari {1} merespons",
  "Responders": "Pemberi Respons",
  "NonResponders": "Belum merespons",
  "NotResponded": "Anda belum menanggapi",
  "YourResponse": "Respons Anda: {0}",
  "VisibilityCreatorOnlyLabel": "Hasil hanya terlihat untuk pengirim polling ini",
  "Cancel": "Batal",
  "Change": "Ubah",
  "Confirm": "Konfirmasi",
  "dueBy": "Berakhir pada",
  "dueByDate": "Berakhir pada {0}",
  "multipleResponses": "Izinkan beberapa respons",
  "responseOptions": "Opsi Respons",
  "resultsVisibleTo": "Hasil terlihat oleh",
  "resultsVisibleToAll": "Semua orang",
  "resultsVisibleToSender": "Hanya Saya",
  "datePickerPlaceholder": "Pilih Tanggal...",
  "timePickerPlaceholder": "Pilih Waktu...",
  "PollResult": "Hasil Polling - {0}",
  "UnknownMember": "Anggota tidak dikenal",
  "AddChoice": "Tambahkan Pilihan",
  "DeleteChoice": "Hapus Pilihan",
  "GotIt": "Mengerti",
  "ChatLieErrorText": "Kirim pesan untuk memulai percakapan ini, lalu kembali ke Polling",
  "DismissMenu": "Tutup Menu",
  "MoreOptions": "Opsi Lainnya",
  "PollOptions": "Opsi Polling",
  "GenericError": "Terjadi masalah saat menghubungi aplikasi ini. Silakan coba setelah beberapa saat.",
  "PollDeletedError": "Polling ini telah dihapus.",
  "PollDeletedErrorDescription": "Polling ini sudah tidak relevan dan dihapus oleh pembuatnya.",
  "Close": "Tutup",
  "ResponderAccessibilityLabel": "{0} menanggapi {1} pada {2}",
  "OptionResponseAccessibility": "{0}, {1} responden, {2}",
  "Next": "Berikutnya",
  "DeleteChoiceX": "Hapus Pilihan {0}",
  "ChangeDueBy": "Ubah Jatuh Tempo Sebelum",
  "DialogTalkback": "Dialog {0}. {1}",
  "NotRespondedLabel": "Anda tidak merespons",
  "NotRespondedLabel.comment": "Pesan untuk bukan pembuat polling saat visibilitas hasil ditetapkan ke pembuat saja dan polling ditutup atau kedaluwarsa sementara pengguna belum merespons",
  "PollDeleted": "Polling ini telah dihapus",
  "PollClosed": "Jajak Pendapat Ditutup",
  "PollExpired": "Polling Kedaluwarsa",
  "ResultEveryone": "Respons dapat dilihat oleh semua orang",
  "ResultCreator": "Respons dapat dilihat oleh pembuat saja",
  "Submit": "Kirimkan Suara",
  "Results": "Lihat Hasil",
  "BeTheFirstOneToRespond": "Jadilah yang pertama untuk mengikuti polling",
  "OneResponded": "{0} merespons",
  "TwoResponded": "{0} dan {1} merespons",
  "ThreeResponded": "{0}, {1} dan {2} merespons",
  "ThreeAndOneOtherResponded": "{0}, {1}, {2} dan 1 lainnya merespons",
  "ThreeAndOthersResponded": "{0}, {1}, {2} dan {3} lainnya merespons",
  "CreateNewPoll": "Buat polling baru",
  "ResultsTitle": "Tampilan hasil",
  "$manifest.name": "Polling",
  "$manifest.views.LaunchView.header": "Buat Polling",
  "$manifest.description": "Ajukan pertanyaan dan dapatkan pendapat orang",
  "$manifest.msTeamsProps.name.short": "Polling",
  "$manifest.msTeamsProps.name.full": "Polling",
  "$manifest.msTeamsProps.description.short": "Ajukan pertanyaan dan dapatkan pendapat orang",
  "$manifest.msTeamsProps.description.full": "Dapatkan pendapat tim dengan membuat polling dalam obrolan atau saluran.​ Temukan aplikasi di '…' di bawah kotak tulis pesan​. Masukkan pertanyaan serta pilihan, dan Anda siap. Pantau terus partisipasi dengan melacak respons. Unduh hasil polling untuk dibagikan dengan rekan kerja."
}