{"name.short":"Опрос","name.full":"Опрос","composeExtensions[0].commands[0].title":"Создание опроса","description.short":"Задайте вопрос, чтобы узнать мнение людей","description.full":"Узнайте мнение своей команды, создав опрос в чате или канале.​ Найдите приложение в меню \"…\" под полем создания сообщения​. Введите вопрос с вариантами ответов, и все готово! Узнавайте об участии, отслеживая ответы. Скачивайте результаты опроса, чтобы поделиться ими с коллегами."}