{
  "Choice": "Elección {0}",
  "ResultsVisibilitySettingsSummaryEveryone": "Resultados visibles para todos",
  "ResultsVisibilitySettingsSummarySenderOnly": "Resultados visibles solo para mi",
  "DueInYears": "Vence en {0} años",
  "DueInYear": "Vence en {0} año",
  "DueInMonths": "Vence en {0} meses",
  "DueInMonth": "Vence en {0} mes",
  "DueInWeeks": "Vence en {0} semanas",
  "DueInWeek": "Vence en {0} semana",
  "DueInDays": "Vence en {0} días",
  "DueInDay": "Vence en {0} día",
  "DueInHoursAndMinutes": "Vence en {0} horas, {1} minutos",
  "DueInHourAndMinutes": "Vence en {0} hora, {1} minutos",
  "DueInHoursAndMinute": "Vence en {0} horas, {1} minuto",
  "DueInHourAndMinute": "Vence en {0} hora, {1} minuto",
  "DueInHours": "Vence en {0} horas",
  "DueInHour": "Vence en {0} hora",
  "DueInMinutes": "Vence en {0} minutos",
  "DueInMinute": "Vence en {0} minuto",
  "Send": "Enviar sondeo",
  "TitleBlankError": "El título no puede dejarse en blanco",
  "PollTitlePlaceholder": "Escriba la pregunta del sondeo",
  "Settings": "Configuración",
  "BlankChoiceError": "La opción no se puede dejar en blanco",
  "You": "Tú",
  "YetToRespond": "{0} por responder",
  "ResponseFetchError": "Error al acceder a la respuesta. Vuelva a intentarlo.",
  "Back": "Volver",
  "ViewResponses": "Ver respuestas",
  "Download": "Descargar",
  "DownloadResponses": "Descargar CSV",
  "DownloadYourResponses": "Descargar la respuesta",
  "DownloadImage": "Descargar imagen",
  "ClosedOn": "Se cierra el {0}",
  "ExpiredOn": "Expiró el {0}",
  "FeatureNotAvailable": "Esta característica no está disponible actualmente",
  "OK": "Aceptar",
  "SelectADate": "Seleccione una fecha...",
  "SelectATime": "Seleccione una hora...",
  "SomethingWentWrong": "Hubo un problema",
  "ChangeDueDate": "Cambiar la fecha de vencimiento",
  "ChangeDate": "Cambiar fecha",
  "ClosePoll": "Cerrar sondeo",
  "DeletePoll": "Eliminar sondeo",
  "ClosePollConfirmation": "¿Está seguro de que quiere cerrar este sondeo?",
  "DeletePollConfirmation": "¿Está seguro de que quiere eliminar este sondeo?",
  "Participation": "{0} % de participación",
  "BarPercentage": "{0}%",
  "ParticipationIndicatorSingular": "{0} de {1} han respondido",
  "ParticipationIndicatorPlural": "{0} de {1} han respondido",
  "Responders": "Respondedores",
  "NonResponders": "Respuesta pendiente",
  "NotResponded": "No has respondido.",
  "YourResponse": "Tu respuesta: {0}",
  "VisibilityCreatorOnlyLabel": "Resultados visibles solo para el remitente de este sondeo",
  "Cancel": "Cancelar",
  "Change": "Cambiar",
  "Confirm": "Confirmar",
  "dueBy": "Vence el",
  "dueByDate": "Vence el {0}",
  "multipleResponses": "Permitir varias respuestas",
  "responseOptions": "Opciones de respuesta",
  "resultsVisibleTo": "Resultados visibles para",
  "resultsVisibleToAll": "Todos",
  "resultsVisibleToSender": "Solo yo",
  "datePickerPlaceholder": "Seleccione una fecha...",
  "timePickerPlaceholder": "Seleccione una hora...",
  "PollResult": "Resultado del sondeo: {0}",
  "UnknownMember": "Miembro desconocido",
  "AddChoice": "Agregar opción",
  "DeleteChoice": "Eliminar opción",
  "GotIt": "Entendido",
  "ChatLieErrorText": "Envía un mensaje para iniciar esta conversación y después vuelve a Sondeo",
  "DismissMenu": "Descartar menú",
  "MoreOptions": "Más opciones",
  "PollOptions": "Opciones del sondeo",
  "GenericError": "Ha habido un problema al establecer contacto con esta aplicación. Vuelve a intentarlo más tarde.",
  "PollDeletedError": "Este sondeo se ha eliminado.",
  "PollDeletedErrorDescription": "Este sondeo ya no es relevante y ha sido eliminado por el creador.",
  "Close": "Cerrar",
  "ResponderAccessibilityLabel": "{0} {1} respondió el {2}",
  "OptionResponseAccessibility": "{0}, {1} encuestados, {2}",
  "Next": "Siguiente",
  "DeleteChoiceX": "Eliminar opción {0}",
  "ChangeDueBy": "Cambiar vencimiento por",
  "DialogTalkback": "Cuadro de diálogo {0}. {1}",
  "NotRespondedLabel": "No respondió",
  "NotRespondedLabel.comment": "Mensaje para los que no son creadores de sondeos cuando la visibilidad del resultado está establecida como creador solo y el sondeo está cerrado o expirado y el usuario no ha respondido",
  "PollDeleted": "Este sondeo se ha eliminado",
  "PollClosed": "Sondeo cerrado",
  "PollExpired": "El sondeo ha expirado",
  "ResultEveryone": "Las respuestas son visibles para todos",
  "ResultCreator": "Solo el creador puede ver las respuestas",
  "Submit": "Enviar voto",
  "Results": "Ver resultado",
  "BeTheFirstOneToRespond": "Sé el primero en realizar el sondeo",
  "OneResponded": "{0} ha respondido",
  "TwoResponded": "{0} y {1} han respondido",
  "ThreeResponded": "{0}, {1} y {2} han respondido",
  "ThreeAndOneOtherResponded": "{0}, {1}, {2} y 1 más han respondido",
  "ThreeAndOthersResponded": "{0}, {1}, {2} y {3} más han respondido",
  "CreateNewPoll": "Crear un sondeo",
  "ResultsTitle": "Vista de resultados",
  "$manifest.name": "Sondeo",
  "$manifest.views.LaunchView.header": "Crear sondeo",
  "$manifest.description": "Formule una pregunta y reciba la opinión de los usuarios.",
  "$manifest.msTeamsProps.name.short": "Sondeo",
  "$manifest.msTeamsProps.name.full": "Sondeo",
  "$manifest.msTeamsProps.description.short": "Formule una pregunta y reciba la opinión de los usuarios.",
  "$manifest.msTeamsProps.description.full": "Reciba la opinión de su equipo creando una encuesta en un chat o un canal.​ Encuentre la aplicación en '…' debajo del cuadro de redacción del mensaje​. Escriba la pregunta y las opciones y ya está listo para empezar. Manténgase informado de la participación haciendo un seguimiento de las respuestas. Descargue los resultados de la encuesta y compártalos con sus compañeros de trabajo."
}