{
  "Choice": "Izbor {0}",
  "ResultsVisibilitySettingsSummaryEveryone": "Rezultati su vidljivi svima",
  "ResultsVisibilitySettingsSummarySenderOnly": "Rezultati su vidljivi samo meni",
  "DueInYears": "Krajnji rok za {0} god.",
  "DueInYear": "Krajnji rok za {0} god.",
  "DueInMonths": "Krajnji rok za {0} meseca/i",
  "DueInMonth": "Krajnji rok za {0} mesec",
  "DueInWeeks": "Krajnji rok za {0} sedmice/a",
  "DueInWeek": "Krajnji rok za {0} sedmicu",
  "DueInDays": "Krajnji rok za {0} dan(a)",
  "DueInDay": "Krajnji rok za {0} dan",
  "DueInHoursAndMinutes": "Krajnji rok za {0} č., {1} min.",
  "DueInHourAndMinutes": "Krajnji rok za {0} č., {1} min.",
  "DueInHoursAndMinute": "Krajnji rok za {0} č., {1} min.",
  "DueInHourAndMinute": "Krajnji rok za {0} č., {1} min.",
  "DueInHours": "Krajnji rok za {0} č.",
  "DueInHour": "Krajnji rok za {0} sat",
  "DueInMinutes": "Krajnji rok za {0} min.",
  "DueInMinute": "Krajnji rok za {0} min.",
  "Send": "Pošalji anketu",
  "TitleBlankError": "Naslov ne može da ostane prazan",
  "PollTitlePlaceholder": "Unesite pitanje za anketu",
  "Settings": "Postavke",
  "BlankChoiceError": "Izbor ne može da ostane prazan",
  "You": "Vi",
  "YetToRespond": "Tek treba da odgovore {0}",
  "ResponseFetchError": "Preuzimanje odziva nije uspelo. Pokušajte ponovo.",
  "Back": "Nazad",
  "ViewResponses": "Prikaži odgovore",
  "Download": "Preuzmi",
  "DownloadResponses": "Preuzmi CSV",
  "DownloadYourResponses": "Preuzimanje vašeg odgovora",
  "DownloadImage": "Preuzmi sliku",
  "ClosedOn": "Zatvoreno {0}",
  "ExpiredOn": "Isteklo {0}",
  "FeatureNotAvailable": "Ova funkcija trenutno nije dostupna",
  "OK": "U redu",
  "SelectADate": "Izaberite datum...",
  "SelectATime": "Izaberite vreme...",
  "SomethingWentWrong": "Nešto nije u redu",
  "ChangeDueDate": "Promena krajnjeg roka",
  "ChangeDate": "Promeni datum",
  "ClosePoll": "Zatvori uptinik",
  "DeletePoll": "Izbriši anketu",
  "ClosePollConfirmation": "Želite li zaista da zatvorite ovu anketu?",
  "DeletePollConfirmation": "Želite li zaista da izbrišete ovu anketu?",
  "Participation": "Učešće {0}%",
  "BarPercentage": "{0}%",
  "ParticipationIndicatorSingular": "Odgovorilo: {0} od {1}",
  "ParticipationIndicatorPlural": "Odgovorilo: {0} od {1}",
  "Responders": "Davaoci odgovora",
  "NonResponders": "Tek treba da odgovori",
  "NotResponded": "Niste odgovorili",
  "YourResponse": "Vaš odgovor: {0}",
  "VisibilityCreatorOnlyLabel": "Rezultati su vidljivi samo pošiljaocu ove ankete",
  "Cancel": "Otkaži",
  "Change": "Promeni",
  "Confirm": "Potvrdi",
  "dueBy": "Krajnji rok",
  "dueByDate": "Krajnji rok: {0}",
  "multipleResponses": "Dozvoli višestruke odgovore",
  "responseOptions": "Opcije odgovora",
  "resultsVisibleTo": "Rezultate mogu da vide",
  "resultsVisibleToAll": "Svi",
  "resultsVisibleToSender": "Samo ja",
  "datePickerPlaceholder": "Izaberite datum...",
  "timePickerPlaceholder": "Izaberite vreme...",
  "PollResult": "Rezultat ankete – {0}",
  "UnknownMember": "Nepoznati član",
  "AddChoice": "Dodaj izbor",
  "DeleteChoice": "Izbriši izbor",
  "GotIt": "Razumem",
  "ChatLieErrorText": "Pošaljite poruku da biste započeli ovaj razgovor, a zatim se vratite na anketu",
  "DismissMenu": "Odbaci meni",
  "MoreOptions": "Još opcija",
  "PollOptions": "Opcije ankete",
  "GenericError": "Došlo je do problema prilikom uspostavljanja veze sa ovom aplikacijom. Pokušajte malo kasnije.",
  "PollDeletedError": "Ova anketa je izbrisana.",
  "PollDeletedErrorDescription": "Ova anketa više nije relevantna i izbrisana je od strane autora.",
  "Close": "Zatvori",
  "ResponderAccessibilityLabel": "Korisnik {0} je odgovorio {1} dana {2}",
  "OptionResponseAccessibility": "{0}, davalaca odgovora: {1}, {2}",
  "Next": "Dalje",
  "DeleteChoiceX": "Izbriši izbor {0}",
  "ChangeDueBy": "Promeni krajnji rok",
  "DialogTalkback": "Dijalog {0}. {1}",
  "NotRespondedLabel": "Niste odgovorili",
  "NotRespondedLabel.comment": "Poruka za ne-kreatore upitnika kada je vidljivost rezultata podešena na samo kreiranje, a upitnik je zatvoren ili je istekao, a korisnik nije odgovorio",
  "PollDeleted": "Ova anketa je izbrisana",
  "PollClosed": "Anketa je zatvorena",
  "PollExpired": "Anketa je istekla",
  "ResultEveryone": "Odgovori su vidljivi svima",
  "ResultCreator": "Odgovori su vidljivi samo autoru",
  "Submit": "Prosledi glas",
  "Results": "Prikaži rezultat",
  "BeTheFirstOneToRespond": "Budite prvi koji će odgovoriti na upitnik",
  "OneResponded": "{0} je odgovorio/la",
  "TwoResponded": "Odgovorili su {0} i {1}",
  "ThreeResponded": "Odgovorili su {0}, {1} i {2}",
  "ThreeAndOneOtherResponded": "Odgovorili su {0}, {1}, {2} i još 1 druga osoba",
  "ThreeAndOthersResponded": "Odgovorili su {0}, {1}, {2} i druge osobe ({3})",
  "CreateNewPoll": "Kreiraj novu anketu",
  "ResultsTitle": "Prikaz rezultata",
  "$manifest.name": "Upitnik",
  "$manifest.views.LaunchView.header": "Kreiranje ankete",
  "$manifest.description": "Postavite pitanje i saznajte šta ljudi misle",
  "$manifest.msTeamsProps.name.short": "Upitnik",
  "$manifest.msTeamsProps.name.full": "Upitnik",
  "$manifest.msTeamsProps.description.short": "Postavite pitanje i saznajte šta ljudi misle",
  "$manifest.msTeamsProps.description.full": "Preuzmite mišljenje tima tako što ćete kreirati anketu na ćaskanju ili kanalu.​ Pronađite aplikaciju u \"…\" ispod okvira za pisanje poruka​. Unesite pitanje i izbore i spremni ste za polazak. Budite u vrhu učešća praćenjem odgovora. Preuzmite rezultate ankete koje će se deliti sa vašim saradnicima."
}