{
  "Choice": "Избор {0}",
  "ResultsVisibilitySettingsSummaryEveryone": "Резултатите са видими за всички",
  "ResultsVisibilitySettingsSummarySenderOnly": "Резултатите са видими само за мен",
  "DueInYears": "Срок след {0} години",
  "DueInYear": "Срок след {0} година",
  "DueInMonths": "Срок след {0} месеца",
  "DueInMonth": "Срок след {0} месец",
  "DueInWeeks": "Срок след {0} седмици",
  "DueInWeek": "Срок след {0} седмица",
  "DueInDays": "Срок след {0} дни",
  "DueInDay": "Срок след {0} ден",
  "DueInHoursAndMinutes": "Срок след {0} часа и {1} минути",
  "DueInHourAndMinutes": "Срок след {0} час и {1} минути",
  "DueInHoursAndMinute": "Срок след {0} часа и {1} минута",
  "DueInHourAndMinute": "Срок след {0} час и {1} минута",
  "DueInHours": "Срок след {0} часа",
  "DueInHour": "Срок след {0} час",
  "DueInMinutes": "Срок след {0} минути",
  "DueInMinute": "Срок след {0} минута",
  "Send": "Изпращане на анкетата",
  "TitleBlankError": "Заглавието не може да бъде оставено празно",
  "PollTitlePlaceholder": "Въведете въпрос от анкетата",
  "Settings": "Настройки",
  "BlankChoiceError": "Изборът не може да бъде оставен празен",
  "You": "Вие",
  "YetToRespond": "{0} все още не са отговорили",
  "ResponseFetchError": "Неуспешно извличане на отговор. Опитайте отново.",
  "Back": "Назад",
  "ViewResponses": "Преглед на отговорите",
  "Download": "Изтегляне",
  "DownloadResponses": "Изтегляне като CSV файл",
  "DownloadYourResponses": "Изтегляне на отговора",
  "DownloadImage": "Изтегляне на изображение",
  "ClosedOn": "Затворено на {0}",
  "ExpiredOn": "Изтекло на {0}",
  "FeatureNotAvailable": "В момента тази функция не е налична",
  "OK": "OK",
  "SelectADate": "Изберете дата...",
  "SelectATime": "Изберете час...",
  "SomethingWentWrong": "Нещо се обърка",
  "ChangeDueDate": "Промяна на срока",
  "ChangeDate": "Промяна на датата",
  "ClosePoll": "Затваряне на анкетата",
  "DeletePoll": "Изтриване на анкетата",
  "ClosePollConfirmation": "Наистина ли искате да затворите тази анкета?",
  "DeletePollConfirmation": "Наистина ли искате да изтриете тази анкета?",
  "Participation": "Участие {0}%",
  "BarPercentage": "{0}%",
  "ParticipationIndicatorSingular": "{0} от {1} е отговорил/а",
  "ParticipationIndicatorPlural": "{0} от {1} са отговорили",
  "Responders": "Отговорили",
  "NonResponders": "Все още не сте отговорили",
  "NotResponded": "Още не сте отговорили",
  "YourResponse": "Вашият отговор: {0}",
  "VisibilityCreatorOnlyLabel": "Резултатите са видими само за подателя на тази анкета",
  "Cancel": "Отказ",
  "Change": "Промяна",
  "Confirm": "Потвърждаване",
  "dueBy": "Срок до",
  "dueByDate": "Срок до {0}",
  "multipleResponses": "Позволяване на много отговори",
  "responseOptions": "Опции за отговор",
  "resultsVisibleTo": "Резултатите са видими за",
  "resultsVisibleToAll": "Всеки",
  "resultsVisibleToSender": "Само за мен",
  "datePickerPlaceholder": "Изберете дата...",
  "timePickerPlaceholder": "Изберете час...",
  "PollResult": "Резултат от анкетата – {0}",
  "UnknownMember": "Неизвестен член",
  "AddChoice": "Добавяне на избор",
  "DeleteChoice": "Изтриване на избора",
  "GotIt": "Разбрано",
  "ChatLieErrorText": "Изпратете съобщение, за да започнете този разговор, а след това се върнете обратно към анкетата",
  "DismissMenu": "Отхвърляне на менюто",
  "MoreOptions": "Още опции",
  "PollOptions": "Опции в анкетата",
  "GenericError": "Възникна проблем при достъпа до това приложение. Опитайте след известно време.",
  "PollDeletedError": "Тази анкета е изтрита.",
  "PollDeletedErrorDescription": "Тази анкета вече не е подходяща и е изтрита от създателя.",
  "Close": "Затваряне",
  "ResponderAccessibilityLabel": "{0} отговори „{1}“ на {2}",
  "OptionResponseAccessibility": "{0}, {1} отговорили, {2}",
  "Next": "Напред",
  "DeleteChoiceX": "Изтриване на избора {0}",
  "ChangeDueBy": "Срок за промяната до",
  "DialogTalkback": "Диалогов прозорец „{0}“. {1}",
  "NotRespondedLabel": "Не отговорихте",
  "NotRespondedLabel.comment": "Съобщение за лицата, които не са създатели на анкетата, когато видимостта на резултата е зададена само за създателя и анкетата е затворена или е изтекла и потребителят не е отговорил",
  "PollDeleted": "Тази анкета е изтрита",
  "PollClosed": "Анкетата е затворена",
  "PollExpired": "Срокът на анкетата е изтекъл",
  "ResultEveryone": "Отговорите са видими за всички",
  "ResultCreator": "Отговорите са видими само за създателя",
  "Submit": "Подаване на глас",
  "Results": "Преглед на резултата",
  "BeTheFirstOneToRespond": "Бъдете първият, направил анкетата",
  "OneResponded": "{0} отговори",
  "TwoResponded": "{0} и {1} са отговорили",
  "ThreeResponded": "{0}, {1} и {2} са отговорили",
  "ThreeAndOneOtherResponded": "{0}, {1}, {2} и 1 друг са отговорили",
  "ThreeAndOthersResponded": "{0}, {1}, {2} и {3} други са отговорили",
  "CreateNewPoll": "Създаване на нова анкета",
  "ResultsTitle": "Изглед на резултатите",
  "$manifest.name": "Анкета",
  "$manifest.views.LaunchView.header": "Създаване на анкета",
  "$manifest.description": "Задайте въпрос и разберете мнението на хората",
  "$manifest.msTeamsProps.name.short": "Анкета",
  "$manifest.msTeamsProps.name.full": "Анкета",
  "$manifest.msTeamsProps.description.short": "Задайте въпрос и разберете мнението на хората",
  "$manifest.msTeamsProps.description.full": "Разберете мнението на екипа си, като създадете анкета в чат или канал.​ Намерете приложението в \"…\" под полето за съставяне на съобщение​. Въведете въпроса си и избора си, и сте готови. Контролирайте участието, като проследявате отговорите. Изтеглете резултата от анкетата, за да го споделите със своите колеги."
}