{
  "Choice": "Dewis {0}",
  "ResultsVisibilitySettingsSummaryEveryone": "Canlyniadau'n weladwy i bawb",
  "ResultsVisibilitySettingsSummarySenderOnly": "Canlyniadau'n weladwy i mi yn unig",
  "DueInYears": "Yn ddyledus mewn {0} o flynyddoedd",
  "DueInYear": "Yn ddyledus mewn {0} flwyddyn",
  "DueInMonths": "Yn ddyledus mewn {0} o fisoedd",
  "DueInMonth": "Yn ddyledus mewn {0} mis",
  "DueInWeeks": "Yn ddyledus mewn {0} wythnos",
  "DueInWeek": "Yn ddyledus mewn {0} wythnos",
  "DueInDays": "Yn ddyledus mewn {0} o ddyddiau",
  "DueInDay": "Dyledus mewn {0} diwrnod",
  "DueInHoursAndMinutes": "Yn ddyledus mewn {0} awr, {1} o funudau",
  "DueInHourAndMinutes": "Yn ddyledus mewn {0} awr {1} o funudau",
  "DueInHoursAndMinute": "Yn ddyledus mewn {0} awr, {1} munud",
  "DueInHourAndMinute": "Yn ddyledus mewn {0} awr {1} munud",
  "DueInHours": "Yn ddyledus mewn {0} awr",
  "DueInHour": "Yn ddyledus mewn {0} awr",
  "DueInMinutes": "Yn ddyledus mewn {0} o funudau",
  "DueInMinute": "Yn ddyledus mewn {0} munud",
  "Send": "Anfon Pôl Piniwn",
  "TitleBlankError": "Does dim modd gadael y teitl yn wag",
  "PollTitlePlaceholder": "Rhowch gwestiwn pôl piniwn",
  "Settings": "Gosodiadau",
  "BlankChoiceError": "Does dim modd gadael y dewis yn wag",
  "You": "Chi",
  "YetToRespond": "Mae {0} Eto i Ymateb",
  "ResponseFetchError": "Estyn Ymateb wedi Methu. Rhowch gynnig arall arni.",
  "Back": "Yn ôl",
  "ViewResponses": "Gweld yr Ymatebion",
  "Download": "Llwytho i lawr",
  "DownloadResponses": "Llwytho CSV i Lawr",
  "DownloadYourResponses": "Llwytho eich Ymateb i Lawr",
  "DownloadImage": "Llwytho Llun i Lawr",
  "ClosedOn": "Wedi ei gau ar {0}",
  "ExpiredOn": "Wedi dod i ben ar {0}",
  "FeatureNotAvailable": "Nid yw'r nodwedd hon ar gael ar hyn o bryd",
  "OK": "Iawn",
  "SelectADate": "Dewiswch Ddyddiad...",
  "SelectATime": "Dewiswch Amser...",
  "SomethingWentWrong": "Aeth rhywbeth o'i le",
  "ChangeDueDate": "Newid y dyddiad disgwyl",
  "ChangeDate": "Newid Dyddiad",
  "ClosePoll": "Cau'r Pôl Piniwn",
  "DeletePoll": "Dileu Pôl Piniwn",
  "ClosePollConfirmation": "Ydych chi\\'n siŵr eich bod am gau\\'r pôl piniwn hwn?",
  "DeletePollConfirmation": "Ydych chi'n siŵr eich bod am ddileu'r pôl piniwn hwn?",
  "Participation": "Cyfranogiad {0}%",
  "BarPercentage": "{0}%",
  "ParticipationIndicatorSingular": "Mae {0} o {1} wedi ymateb",
  "ParticipationIndicatorPlural": "Mae {0} o {1} wedi ymateb",
  "Responders": "Ymatebwyr",
  "NonResponders": "Eto i ymateb",
  "NotResponded": "Dydych chi ddim wedi ymateb",
  "YourResponse": "Eich ymateb: {0}",
  "VisibilityCreatorOnlyLabel": "Mae'r canlyniadau yn weladwy i anfonwr y pôl piniwn hwn yn unig",
  "Cancel": "Canslo",
  "Change": "Newid",
  "Confirm": "Cadarnhau",
  "dueBy": "Dyledus erbyn",
  "dueByDate": "Dyledus erbyn {0}",
  "multipleResponses": "Caniatáu mwy nag un ymateb",
  "responseOptions": "Dewisiadau Ymateb",
  "resultsVisibleTo": "Canlyniadau'n weladwy i",
  "resultsVisibleToAll": "Pawb",
  "resultsVisibleToSender": "Dim ond Fi",
  "datePickerPlaceholder": "Dewiswch Ddyddiad...",
  "timePickerPlaceholder": "Dewiswch Amser...",
  "PollResult": "Canlyniad Pôl Piniwn - {0}",
  "UnknownMember": "Aelod anhysbys",
  "AddChoice": "Ychwanegu Dewis",
  "DeleteChoice": "Dileu Dewis",
  "GotIt": "Deall",
  "ChatLieErrorText": "Anfonwch neges i gychwyn y sgwrs yma, ac yna dod ôl i'r Pôl Piniwn",
  "DismissMenu": "Gwaredu Dewislen",
  "MoreOptions": "Mwy o Ddewisiadau",
  "PollOptions": "Dewisiadau Pôl Piniwn",
  "GenericError": "Roedd problem wrth gyrraedd yr ap hwn. Rhowch gynnig arall wedi cyfnod o amser.",
  "PollDeletedError": "Mae’r pôl piniwn hwn wedi cael ei ddileu.",
  "PollDeletedErrorDescription": "Dydy'r pôl piniwn hwn ddim yn berthnasol mwyach ac mae'r awdur wedi'i ddileu.",
  "Close": "Cau",
  "ResponderAccessibilityLabel": "{0} wedi ymateb {1} ar {2}",
  "OptionResponseAccessibility": "{0}, {1} ymatebwr, {2}",
  "Next": "Nesaf",
  "DeleteChoiceX": "Dileu Dewis {0}",
  "ChangeDueBy": "Newid Dyddiad Disgwyliedig",
  "DialogTalkback": "Deialog {0}. {1}",
  "NotRespondedLabel": "Ni wnaethoch ymateb",
  "NotRespondedLabel.comment": "Neges ar gyfer y pôl piniwn sydd ddim yn cael ei greu pan fydd y gwelededd yn cael ei osod i greawdwr yn unig a bod pôl piniwn wedi cau neu ar fin dod i ben a bod y defnyddiwr heb ymateb",
  "PollDeleted": "Mae’r pôl piniwn hwn wedi cael ei ddileu",
  "PollClosed": "Pôl Piniwn wedi Cau",
  "PollExpired": "Pôl Piniwn wedi Dod i Ben",
  "ResultEveryone": "Mae ymatebion yn weladwy i bawb",
  "ResultCreator": "Mae ymatebion yn weladwy i'r crëwr yn unig",
  "Submit": "Cyflwyno Pleidlais",
  "Results": "Gweld y Canlyniad",
  "BeTheFirstOneToRespond": "Byddwch y cyntaf i gwblhau'r pôl piniwn",
  "OneResponded": "Mae {0} wedi ymateb",
  "TwoResponded": "Mae {0} a {1} wedi ymateb",
  "ThreeResponded": "Mae {0}, {1} a {2} wedi ymateb",
  "ThreeAndOneOtherResponded": "Ymatebodd {0}, {1}, {2} ac 1 arall",
  "ThreeAndOthersResponded": "Mae {0}, {1}, {2} a {3} arall wedi ymateb",
  "CreateNewPoll": "Creu pôl piniwn newydd",
  "ResultsTitle": "Gwedd canlyniad",
  "$manifest.name": "Pôl Piniwn",
  "$manifest.views.LaunchView.header": "Creu Pôl Piniwn",
  "$manifest.description": "Gofyn cwestiwn a chael barn pobl",
  "$manifest.msTeamsProps.name.short": "Pôl Piniwn",
  "$manifest.msTeamsProps.name.full": "Pôl Piniwn",
  "$manifest.msTeamsProps.description.short": "Gofyn cwestiwn a chael barn pobl",
  "$manifest.msTeamsProps.description.full": "Cael barn eich tîm drwy greu pôl piniwn mewn sgwrs neu sianel.​ Dewch o hyd i’r ap yn '…' o dan flwch cyfansoddi’r neges​. Rhowch eich cwestiwn a’ch dewisiadau a rydych chi’n barod i fynd. Cadwch olwg ar gyfranogiad drwy dracio ymatebion. Llwythwch ganlyniad y pôl piniwn i lawr i'w rannu â’ch cydweithwyr"
}