{"name.short":"Votação","name.full":"Votações","composeExtensions[0].commands[0].title":"Criar Votações","description.short":"Faça uma pergunta e obtenha a opinião das pessoas","description.full":"Obtenha a opinião da sua equipe, criando uma votação em um chat ou canal.​ Encontre o aplicativo em '…'  na caixa de texto de redação de mensagem​. Insira sua pergunta e opções e tudo pronto. Mantenha-se informado sobre a participação rastreando as respostas. Baixe o resultado da votação para compartilhar com seus colegas de trabalho."}