{
  "Choice": "選択肢 {0}",
  "ResultsVisibilitySettingsSummaryEveryone": "結果を全員に表示",
  "ResultsVisibilitySettingsSummarySenderOnly": "結果を自分にのみ表示",
  "DueInYears": "期限: {0} 年",
  "DueInYear": "期限: {0} 年",
  "DueInMonths": "期限: {0} か月",
  "DueInMonth": "期限: {0} か月",
  "DueInWeeks": "期限: {0} 週間",
  "DueInWeek": "期限: {0} 週間",
  "DueInDays": "期限: {0} 日",
  "DueInDay": "期限: {0} 日",
  "DueInHoursAndMinutes": "期限: {0} 時間 {1} 分",
  "DueInHourAndMinutes": "期限: {0} 時間 {1} 分",
  "DueInHoursAndMinute": "期限: {0} 時間 {1} 分",
  "DueInHourAndMinute": "期限: {0} 時間 {1} 分",
  "DueInHours": "期限: {0} 時間",
  "DueInHour": "期限: {0} 時間",
  "DueInMinutes": "期限: {0} 分",
  "DueInMinute": "期限: {0} 分",
  "Send": "投票を送信",
  "TitleBlankError": "タイトルを空白のままにすることはできません",
  "PollTitlePlaceholder": "投票の質問を入力してください",
  "Settings": "設定",
  "BlankChoiceError": "選択肢を空白のままにすることはできません",
  "You": "あなた",
  "YetToRespond": "{0} 人がまだ回答していません",
  "ResponseFetchError": "回答を取得できません。もう一度お試しください。",
  "Back": "戻る",
  "ViewResponses": "回答を表示",
  "Download": "ダウンロード",
  "DownloadResponses": "CSV をダウンロード",
  "DownloadYourResponses": "応答のダウンロード",
  "DownloadImage": "画像をダウンロード",
  "ClosedOn": "{0} に締め切り",
  "ExpiredOn": "{0} に有効期限切れ",
  "FeatureNotAvailable": "この機能は現在利用できません",
  "OK": "OK",
  "SelectADate": "日付を選択...",
  "SelectATime": "時刻を選択...",
  "SomethingWentWrong": "問題が発生しました",
  "ChangeDueDate": "期限を変更",
  "ChangeDate": "日付を変更",
  "ClosePoll": "投票を閉じる",
  "DeletePoll": "投票を削除",
  "ClosePollConfirmation": "この投票を締め切りますか?",
  "DeletePollConfirmation": "この投票を削除しますか?",
  "Participation": "参加率 {0}%",
  "BarPercentage": "{0}%",
  "ParticipationIndicatorSingular": "{0}/{1} 人が回答済み",
  "ParticipationIndicatorPlural": "{0}/{1} 人が回答済み",
  "Responders": "回答者",
  "NonResponders": "未回答",
  "NotResponded": "まだ回答していません",
  "YourResponse": "あなたの回答: {0}",
  "VisibilityCreatorOnlyLabel": "結果はこの投票の送信者にのみ表示されます",
  "Cancel": "キャンセル",
  "Change": "変更",
  "Confirm": "確認",
  "dueBy": "期限",
  "dueByDate": "期限: {0}",
  "multipleResponses": "複数の回答を許可する",
  "responseOptions": "回答のオプション",
  "resultsVisibleTo": "結果の表示対象",
  "resultsVisibleToAll": "全員",
  "resultsVisibleToSender": "自分のみ",
  "datePickerPlaceholder": "日付を選択...",
  "timePickerPlaceholder": "時刻を選択...",
  "PollResult": "投票結果 - {0}",
  "UnknownMember": "不明なメンバー",
  "AddChoice": "選択肢を追加",
  "DeleteChoice": "選択肢を削除",
  "GotIt": "OK",
  "ChatLieErrorText": "メッセージを送信してこの会話を開始し、その後投票に戻ってください",
  "DismissMenu": "メニューを閉じる",
  "MoreOptions": "その他のオプション",
  "PollOptions": "投票の選択肢",
  "GenericError": "このアプリにアクセスできませんでした。しばらくしてからお試しください。",
  "PollDeletedError": "この投票は削除されました。",
  "PollDeletedErrorDescription": "この投票は、関連性がなくなり、作成者によって削除されます。",
  "Close": "閉じる",
  "ResponderAccessibilityLabel": "{0} さんは {2} に {1} と回答しました",
  "OptionResponseAccessibility": "{0}、{1} 人の回答者、{2}",
  "Next": "次へ",
  "DeleteChoiceX": "選択肢 {0} を削除",
  "ChangeDueBy": "期限を変更",
  "DialogTalkback": "{0} ダイアログ。{1}",
  "NotRespondedLabel": "応答しませんでした",
  "NotRespondedLabel.comment": "結果の表示が作成者のみに設定され、投票が終了または期限切れになり、ユーザーが応答しなかった場合の、投票の非作成者へのメッセージ",
  "PollDeleted": "この投票は削除されました",
  "PollClosed": "投票が締め切られました",
  "PollExpired": "投票の有効期限が切れました",
  "ResultEveryone": "回答は全員に表示されます",
  "ResultCreator": "回答は作成者にのみ表示されます",
  "Submit": "投票を送信",
  "Results": "結果を表示",
  "BeTheFirstOneToRespond": "最初の投票者になりましょう",
  "OneResponded": "{0} さんが回答しました",
  "TwoResponded": "{0} さんと {1} さんが回答しました",
  "ThreeResponded": "{0} さん、{1} さん、{2} さんが回答しました",
  "ThreeAndOneOtherResponded": "{0} さん、{1} さん、{2} さんとその他 1 人が回答しました",
  "ThreeAndOthersResponded": "{0} さん、{1} さん、{2} さんとその他 {3} 人が回答しました",
  "CreateNewPoll": "新しい投票を作成",
  "ResultsTitle": "結果ビュー",
  "$manifest.name": "投票",
  "$manifest.views.LaunchView.header": "投票を作成",
  "$manifest.description": "質問をして、人々の意見を集めます",
  "$manifest.msTeamsProps.name.short": "投票",
  "$manifest.msTeamsProps.name.full": "投票",
  "$manifest.msTeamsProps.description.short": "質問をして、人々の意見を集めます",
  "$manifest.msTeamsProps.description.full": "チャットまたはチャネルで投票を作成して、チームの意見を聞いてください。​メッセージ作成ボックスの下の「…」でアプリを検索します​。質問と選択肢を入力すれば、準備完了です。回答を追跡して参加状況を把握します。同僚と共有するための投票結果をダウンロードします。"
}