{"name.short":"Votação","name.full":"Votação","composeExtensions[0].commands[0].title":"Criar Inquérito","description.short":"Faça uma pergunta e conheça a opinião das pessoas","description.full":"Obtenha a opinião da sua equipa ao criar um inquérito numa conversa ou canal​. Encontre a aplicação no símbolo '…' por baixo da caixa de composição de mensagens​. Basta introduzir a sua pergunta e as opções de resposta. Mantenha-se a par da participação ao monitorizar as respostas. Transfira o resultado do inquérito para partilhar com os seus colegas de trabalho."}