{
  "Choice": "Zgjedhja {0}",
  "ResultsVisibilitySettingsSummaryEveryone": "Rezultatet janë të dukshme për të gjithë",
  "ResultsVisibilitySettingsSummarySenderOnly": "Rezultatet janë të dukshme vetëm për mua",
  "DueInYears": "Afati i fundit për {0} vite",
  "DueInYear": "Afati i fundit për {0} vit",
  "DueInMonths": "Afati i fundit për {0} muaj",
  "DueInMonth": "Afati i fundit për {0} muaj",
  "DueInWeeks": "Afati i fundit për {0} javë",
  "DueInWeek": "Afati i fundit për {0} javë",
  "DueInDays": "Afati i fundit për {0} ditë",
  "DueInDay": "Afati i fundit për {0} ditë",
  "DueInHoursAndMinutes": "Afati i fundit për {0} orë, {1} minuta",
  "DueInHourAndMinutes": "Afati i fundit për {0} orë, {1} minuta",
  "DueInHoursAndMinute": "Afati i fundit për {0} orë, {1} minutë",
  "DueInHourAndMinute": "Afati i fundit për {0} orë, {1} minutë",
  "DueInHours": "Afati i fundit për {0} orë",
  "DueInHour": "Afati i fundit për {0} orë",
  "DueInMinutes": "Afati i fundit për {0} minuta",
  "DueInMinute": "Afati i fundit për {0} minutë",
  "Send": "Dërgo anketën",
  "TitleBlankError": "Titulli nuk mund të lihet bosh",
  "PollTitlePlaceholder": "Fut pyetjen e anketës",
  "Settings": "Parametrat",
  "BlankChoiceError": "Zgjedhja nuk mund të lihet bosh",
  "You": "Ti",
  "YetToRespond": "{0} ende për t’u përgjigjur",
  "ResponseFetchError": "Marrja e përgjigjes dështoi. Provo sërish.",
  "Back": "Prapa",
  "ViewResponses": "Paraqit përgjigjet",
  "Download": "Shkarko",
  "DownloadResponses": "Shkarko skedarin CSV",
  "DownloadYourResponses": "Shkarko përgjigjen tënde",
  "DownloadImage": "Shkarko imazhin",
  "ClosedOn": "Mbyllur më {0}",
  "ExpiredOn": "Skadoi më {0}",
  "FeatureNotAvailable": "Ky tipar nuk është aktualisht në dispozicion",
  "OK": "Në rregull",
  "SelectADate": "Përzgjidh një datë...",
  "SelectATime": "Përzgjidh një kohë...",
  "SomethingWentWrong": "Diçka nuk shkoi mirë",
  "ChangeDueDate": "Ndrysho afatin",
  "ChangeDate": "Ndrysho datën",
  "ClosePoll": "Mbyll anketën",
  "DeletePoll": "Fshi anketën",
  "ClosePollConfirmation": "A je i sigurt që dëshiron të mbyllësh këtë anketë?",
  "DeletePollConfirmation": "A je i sigurt që dëshiron të fshish këtë anketë?",
  "Participation": "Pjesëmarrja {0}%",
  "BarPercentage": "{0}%",
  "ParticipationIndicatorSingular": "{0} nga {1} u përgjigjën",
  "ParticipationIndicatorPlural": "{0} nga {1} u përgjigjën",
  "Responders": "Janë përgjigjur",
  "NonResponders": "Nuk janë përgjigjur ende",
  "NotResponded": "Nuk je përgjigjur",
  "YourResponse": "Përgjigja jote: {0}",
  "VisibilityCreatorOnlyLabel": "Rezultatet janë të dukshme vetëm për dërguesin e kësaj ankete",
  "Cancel": "Anulo",
  "Change": "Ndrysho",
  "Confirm": "Konfirmo",
  "dueBy": "Me afat deri më",
  "dueByDate": "Me afat deri më {0}",
  "multipleResponses": "Lejo më shumë përgjigje",
  "responseOptions": "Opsionet e përgjigjes",
  "resultsVisibleTo": "Rezultatet janë të dukshme për",
  "resultsVisibleToAll": "Të gjithë",
  "resultsVisibleToSender": "Vetëm për mua",
  "datePickerPlaceholder": "Përzgjidh një datë...",
  "timePickerPlaceholder": "Përzgjidh një kohë...",
  "PollResult": "Rezultati i anketës - {0}",
  "UnknownMember": "Numër i panjohur",
  "AddChoice": "Shto zgjedhjen",
  "DeleteChoice": "Fshi zgjedhjen",
  "GotIt": "E kuptova",
  "ChatLieErrorText": "Dërgo një mesazh për ta filluar këtë bisedë, më pas kthehu te votimi",
  "DismissMenu": "Hiq menynë",
  "MoreOptions": "Opsione të tjera",
  "PollOptions": "Opsionet e anketës",
  "GenericError": "Kishte një problem me arritjen e këtij aplikacioni. Provo pas pak.",
  "PollDeletedError": "Kjo anketë është fshirë.",
  "PollDeletedErrorDescription": "Ky votim nuk është më i përshtatshëm dhe u fshi nga krijuesi.",
  "Close": "Mbyll",
  "ResponderAccessibilityLabel": "{0} u përgjigj {1} më {2}",
  "OptionResponseAccessibility": "{0}, {1} persona të pyetur, {2}",
  "Next": "Tjetër",
  "DeleteChoiceX": "Fshi zgjedhjen {0}",
  "ChangeDueBy": "Ndrysho afatin",
  "DialogTalkback": "Dialogu {0}. {1}",
  "NotRespondedLabel": "Nuk u përgjigje",
  "NotRespondedLabel.comment": "Mesazh për jo krijuesit e anketës kur dukshmëria e anketës është e vendosur në vetëm për krijuesin dhe anketa është mbyllur ose ka skaduar dhe përdoruesi nuk është përgjigjur",
  "PollDeleted": "Kjo anketë është fshirë",
  "PollClosed": "Anketa është mbyllur",
  "PollExpired": "Anketa ka skaduar",
  "ResultEveryone": "Përgjigjet janë të dukshme për të gjithë",
  "ResultCreator": "Përgjigjet janë të dukshme vetëm për krijuesin",
  "Submit": "Parashtro votën",
  "Results": "Paraqit rezultatin",
  "BeTheFirstOneToRespond": "Bëhu i pari që plotëson anketën",
  "OneResponded": "{0} u përgjigj",
  "TwoResponded": "{0} dhe {1} u përgjigjën",
  "ThreeResponded": "{0}, {1} dhe {2} u përgjigjën",
  "ThreeAndOneOtherResponded": "{0}, {1}, {2} dhe 1 tjetër u përgjigjën",
  "ThreeAndOthersResponded": "{0}, {1}, {2} dhe {3} të tjerë u përgjigjën",
  "CreateNewPoll": "Krijo një anketë të re",
  "ResultsTitle": "Pamja e rezultateve",
  "$manifest.name": "Anketë",
  "$manifest.views.LaunchView.header": "Krijo sondazh",
  "$manifest.description": "Bëj një pyetje dhe merr opinionin e njerëzve",
  "$manifest.msTeamsProps.name.short": "Anketë",
  "$manifest.msTeamsProps.name.full": "Anketë",
  "$manifest.msTeamsProps.description.short": "Bëj një pyetje dhe merr opinionin e njerëzve",
  "$manifest.msTeamsProps.description.full": "Merr opinionin e ekipit duke krijuar një anketë në një bisedë ose kanal.​ Gjej aplikacionin në “...” nën kutinë e kompozimit të mesazhit​. Fute pyetjen tënde dhe zgjedhjet dhe je gati për të vazhduar. Qëndro i informuar për pjesëmarrjen duke monitoruar përgjigjet. Shkarko rezultatin e anketës për ta bashkëndarë me bashkëpunëtorët."
}