{"name.short":"Anketa","name.full":"Anketa","composeExtensions[0].commands[0].title":"Ustvarjanje ankete","description.short":"Vprašajte in pridobite mnenje ljudi","description.full":"Pridobite mnenje svoje ekipe, tako da v klepetu ali kanalu ustvarite anketo.​ Aplikacijo poiščite v razdelku »… « pod poljem za sestavljanje sporočil​ Vnesite vprašanje in možne odgovore, in že ste nared. Spremljajte sodelovanje, tako da sledite odgovorom. Prenesite rezultate ankete, ki jih želite deliti s sodelavci."}