{
  "Choice": "Val {0}",
  "ResultsVisibilitySettingsSummaryEveryone": "Niðurstöður sýnilegar öllum",
  "ResultsVisibilitySettingsSummarySenderOnly": "Niðurstöður aðeins sýnilegar mér",
  "DueInYears": "Skil eftir {0} ár",
  "DueInYear": "Skil eftir {0} ár",
  "DueInMonths": "Skil eftir {0} mánuði",
  "DueInMonth": "Skil eftir {0} mánuð",
  "DueInWeeks": "Skil eftir {0} vikur",
  "DueInWeek": "Skil eftir {0} viku",
  "DueInDays": "Skil eftir {0} daga",
  "DueInDay": "Skil eftir {0} dag",
  "DueInHoursAndMinutes": "Skil eftir {0} klukkustundir og {1} mínútur",
  "DueInHourAndMinutes": "Skil eftir {0} klukkustund og {1} mínútur",
  "DueInHoursAndMinute": "Skil eftir {0} klukkustundir og {1} mínútu",
  "DueInHourAndMinute": "Skil eftir {0} klukkustund og {1} mínútu",
  "DueInHours": "Skil eftir {0} klukkustundir",
  "DueInHour": "Skil eftir {0} klukkustund",
  "DueInMinutes": "Skil eftir {0} mínútur",
  "DueInMinute": "Skil eftir {0} mínútu",
  "Send": "Senda kosningu",
  "TitleBlankError": "Titill má ekki vera auður",
  "PollTitlePlaceholder": "Færðu inn spurningu í könnun",
  "Settings": "Stillingar",
  "BlankChoiceError": "Ekki er hægt að sleppa vali",
  "You": "Þú",
  "YetToRespond": "{0} eiga eftir að svara",
  "ResponseFetchError": "Ekki tókst að sækja svar. Reyndu aftur.",
  "Back": "Til baka",
  "ViewResponses": "Skoða svör",
  "Download": "Hlaða niður",
  "DownloadResponses": "Sækja CSV-skrá",
  "DownloadYourResponses": "Hladdu niður svari þínu",
  "DownloadImage": "Sækja mynd",
  "ClosedOn": "Lokað {0}",
  "ExpiredOn": "Rann út {0}",
  "FeatureNotAvailable": "Þessi eiginleiki er ekki tiltækur eins og er",
  "OK": "Í lagi",
  "SelectADate": "Velja dagsetningu ...",
  "SelectATime": "Velja tíma ...",
  "SomethingWentWrong": "Eitthvað fór úrskeiðis",
  "ChangeDueDate": "Breyta skiladegi",
  "ChangeDate": "Breyta dagsetningu",
  "ClosePoll": "Loka kosningu",
  "DeletePoll": "Eyða kosningu",
  "ClosePollConfirmation": "Viltu örugglega loka þessari kosningu?",
  "DeletePollConfirmation": "Viltu örugglega eyða þessari kosningu?",
  "Participation": "Þátttaka: {0}%",
  "BarPercentage": "{0}%",
  "ParticipationIndicatorSingular": "{0} af {1} svöruðu",
  "ParticipationIndicatorPlural": "{0} af {1} svöruðu",
  "Responders": "Svarendur",
  "NonResponders": "Eiga eftir að svara",
  "NotResponded": "Þú hefur ekki svarað",
  "YourResponse": "Þitt svar: {0}",
  "VisibilityCreatorOnlyLabel": "Niðurstöður eru aðeins sýnilegar sendanda þessarar kosningar",
  "Cancel": "Hætta við",
  "Change": "Breyta",
  "Confirm": "Staðfesta",
  "dueBy": "Skiladagur er",
  "dueByDate": "Skiladagur er {0}",
  "multipleResponses": "Leyfa mörg svör",
  "responseOptions": "Svarmöguleikar",
  "resultsVisibleTo": "Niðurstöður sýnilegar til",
  "resultsVisibleToAll": "Allir",
  "resultsVisibleToSender": "Aðeins ég",
  "datePickerPlaceholder": "Velja dagsetningu ...",
  "timePickerPlaceholder": "Velja tíma ...",
  "PollResult": "Niðurstaða kosningar – {0}",
  "UnknownMember": "Óþekktur meðlimur",
  "AddChoice": "Bæta við vali",
  "DeleteChoice": "Eyða vali",
  "GotIt": "Ég skil",
  "ChatLieErrorText": "Senda skilaboð til að koma samtalinu af stað og koma svo aftur í kosninguna",
  "DismissMenu": "Loka valmynd",
  "MoreOptions": "Fleiri valkostir",
  "PollOptions": "Valkostir könnunar",
  "GenericError": "Vandamál kom í upp í samskiptum við forritið. Reyndu aftur eftir smátíma.",
  "PollDeletedError": "Þessari kosningu hefur verið eytt.",
  "PollDeletedErrorDescription": "Þessi kosning á ekki lengur við og hefur verið eytt af höfundi.",
  "Close": "Loka",
  "ResponderAccessibilityLabel": "{0} svaraði {1} {2}",
  "OptionResponseAccessibility": "{0}, {1} svarendur, {2}",
  "Next": "Áfram",
  "DeleteChoiceX": "Eyða vali {0}",
  "ChangeDueBy": "Breyta skiladegi",
  "DialogTalkback": "Svarglugginn {0}. {1}",
  "NotRespondedLabel": "Þú svaraðir ekki",
  "NotRespondedLabel.comment": "Skilaboð fyrir þá sem ekki bjuggu til könnun þegar sýnileiki niðurstöðu er stilltur á höfund og könnunin er lokuð eða hún runnin út og notandi hefur ekki svarað",
  "PollDeleted": "Þessari kosningu hefur verið eytt",
  "PollClosed": "Kosningu lokið",
  "PollExpired": "Kosning útrunnin",
  "ResultEveryone": "Svör eru sýnileg öllum",
  "ResultCreator": "Svör eru aðeins sýnileg höfundinum",
  "Submit": "Senda inn atkvæði",
  "Results": "Skoða niðurstöður",
  "BeTheFirstOneToRespond": "Vertu fyrst(ur) til að taka þátt í kosningunni",
  "OneResponded": "{0} svaraði",
  "TwoResponded": "{0} og {1} svöruðu",
  "ThreeResponded": "{0}, {1} og {2} svöruðu",
  "ThreeAndOneOtherResponded": "{0}, {1}, {2} og 1 í viðbót svöruðu",
  "ThreeAndOthersResponded": "{0}, {1}, {2} og {3} í viðbót svöruðu",
  "CreateNewPoll": "Búa til nýja kosningu",
  "ResultsTitle": "Niðurstöðuyfirlit",
  "$manifest.name": "Kosning",
  "$manifest.views.LaunchView.header": "Búa til könnun",
  "$manifest.description": "Spyrðu spurningar og fáðu álit fólks",
  "$manifest.msTeamsProps.name.short": "Kosning",
  "$manifest.msTeamsProps.name.full": "Kosning",
  "$manifest.msTeamsProps.description.short": "Spyrðu spurningar og fáðu álit fólks",
  "$manifest.msTeamsProps.description.full": "Fáðu skoðanir frá teyminu þínu með því að búa til skoðanakönnun í spjalli eða rás.​ Finndu forritið í „...“ undir skilaboðareitnum​. Skrifaðu inn spurningar og valmöguleika og þú ert reiðubúin(n). Haltu utan um þátttökuna með því að fylgjast með svörum. Sæktu niðurstöður könnunarinnar og deildu með vinnufélögum þínum."
}