{
  "Choice": "Избор {0}",
  "ResultsVisibilitySettingsSummaryEveryone": "Резултатите се видливи за сите",
  "ResultsVisibilitySettingsSummarySenderOnly": "Резултати се видливи само за мене",
  "DueInYears": "За {0} години",
  "DueInYear": "За {0} година",
  "DueInMonths": "За {0} месеци",
  "DueInMonth": "За {0} месец",
  "DueInWeeks": "За {0} седмици",
  "DueInWeek": "За {0} седмица",
  "DueInDays": "За {0} дена",
  "DueInDay": "За {0} ден",
  "DueInHoursAndMinutes": "За {0} часа, {1} минути",
  "DueInHourAndMinutes": "За {0} час, {1} минути",
  "DueInHoursAndMinute": "За {0} часа, {1} минута",
  "DueInHourAndMinute": "За {0} час, {1} минута",
  "DueInHours": "За {0} часа",
  "DueInHour": "За {0} час",
  "DueInMinutes": "За {0} минути",
  "DueInMinute": "За {0} минута",
  "Send": "Испрати ја анкетата",
  "TitleBlankError": "Насловот не може да се остави празен",
  "PollTitlePlaceholder": "Внесете прашање за анкетата",
  "Settings": "Параметри",
  "BlankChoiceError": "Изборот не може да се остави празен",
  "You": "Вие",
  "YetToRespond": "{0} сѐ уште не одговориле",
  "ResponseFetchError": "Земањето на одговорот не успеа. Обидете се повторно.",
  "Back": "Назад",
  "ViewResponses": "Прикажи ги одговорите",
  "Download": "Преземи",
  "DownloadResponses": "Преземи CSV",
  "DownloadYourResponses": "Преземете го вашиот одговор",
  "DownloadImage": "Преземи ја сликата",
  "ClosedOn": "Затворено на {0}",
  "ExpiredOn": "Истечено на {0}",
  "FeatureNotAvailable": "Оваа карактеристика не е поддржана во моментов",
  "OK": "ОК",
  "SelectADate": "Изберете датум...",
  "SelectATime": "Изберете време...",
  "SomethingWentWrong": "Нешто не е во ред",
  "ChangeDueDate": "Измени го крајниот датум",
  "ChangeDate": "Измени го датумот",
  "ClosePoll": "Затвори ја анкетата",
  "DeletePoll": "Избриши ја анкетата",
  "ClosePollConfirmation": "Дали сигурно сакате да ја затворите оваа анкета?",
  "DeletePollConfirmation": "Дали сигурно сакате да ја избришете оваа анкета?",
  "Participation": "Учество {0}%",
  "BarPercentage": "{0}%",
  "ParticipationIndicatorSingular": "{0} од {1} одговориле",
  "ParticipationIndicatorPlural": "{0} од {1} одговориле",
  "Responders": "Испитаници",
  "NonResponders": "Сѐ уште не одговорил/а",
  "NotResponded": "Не сте одговориле",
  "YourResponse": "Вашиот одговор: {0}",
  "VisibilityCreatorOnlyLabel": "Резултатите се видливи само за испраќачот на оваа анкета",
  "Cancel": "Откажи",
  "Change": "Измени",
  "Confirm": "Потврди",
  "dueBy": "Краен рок",
  "dueByDate": "До {0}",
  "multipleResponses": "Дозволи повеќе одговори",
  "responseOptions": "Опции за одговарање",
  "resultsVisibleTo": "Резултатите се видливи за",
  "resultsVisibleToAll": "Сите",
  "resultsVisibleToSender": "Само јас",
  "datePickerPlaceholder": "Изберете датум...",
  "timePickerPlaceholder": "Изберете време...",
  "PollResult": "Резултат од анкетата ‒ {0}",
  "UnknownMember": "Непознат член",
  "AddChoice": "Додај го изборот",
  "DeleteChoice": "Избриши го изборот",
  "GotIt": "Сфатив",
  "ChatLieErrorText": "Испратете порака за да го започнете овој разговор, а потоа вратете се во Анкетата",
  "DismissMenu": "Отфрли го менито",
  "MoreOptions": "Повеќе опции",
  "PollOptions": "Опции за анкетата",
  "GenericError": "Се појави проблем при пристапот до оваа апликација. Обидете се по некое време.",
  "PollDeletedError": "Оваа анкета е избришана.",
  "PollDeletedErrorDescription": "Оваа анкета повеќе не е релевантна и е избришана од создавачот.",
  "Close": "Затвори",
  "ResponderAccessibilityLabel": "{0} одговори {1} на {2}",
  "OptionResponseAccessibility": "{0}, {1} испитаници, {2}",
  "Next": "Следно",
  "DeleteChoiceX": "Избриши го изборот {0}",
  "ChangeDueBy": "Измени го крајниот рок",
  "DialogTalkback": "Дијалог {0}. {1}",
  "NotRespondedLabel": "Не одговоривте",
  "NotRespondedLabel.comment": "Порака за луѓето кои не се автори на анкетата кога видливоста на резултатите е поставена само за авторот и анкетата е затворена или истечена, а корисникот не одговорил",
  "PollDeleted": "Оваа анкета е избришана",
  "PollClosed": "Анкетата е затворена",
  "PollExpired": "Анкетата истече",
  "ResultEveryone": "Одговорите се видливи за сите",
  "ResultCreator": "Одговорите се видливи само за авторот",
  "Submit": "Поднеси го гласот",
  "Results": "Прикажи ги резултатите",
  "BeTheFirstOneToRespond": "Одговорете први на анкетата",
  "OneResponded": "{0} одговори",
  "TwoResponded": "{0} и {1} одговорија",
  "ThreeResponded": "{0}, {1} и {2} одговорија",
  "ThreeAndOneOtherResponded": "{0}, {1}, {2} и уште 1 одговорија",
  "ThreeAndOthersResponded": "{0}, {1}, {2} и уште {3} одговорија",
  "CreateNewPoll": "Создајте нова анкета",
  "ResultsTitle": "Приказ на резултати",
  "$manifest.name": "Анкета",
  "$manifest.views.LaunchView.header": "Создај анкета",
  "$manifest.description": "Постави прашање и дознајте го мислењето на луѓето",
  "$manifest.msTeamsProps.name.short": "Анкета",
  "$manifest.msTeamsProps.name.full": "Анкета",
  "$manifest.msTeamsProps.description.short": "Поставете прашање и дознајте го мислењето на луѓето",
  "$manifest.msTeamsProps.description.full": "Дознајте го мислењето на вашиот тим, така што ќе создадете анкета во муабет или канал.​Најдете ја апликацијата во „…“ под полето за составување порака​. Внесете ги прашањето и изборите и подготвени сте. Бидете во тек со учеството, така што ќе ги следите одговорите. Преземете ги резултатите од анкетата за да ги споделите со колегите."
}