{"name.short":"Omröstning","name.full":"Omröstning","composeExtensions[0].commands[0].title":"Skapa omröstning","description.short":"Ställ en fråga och få reda på vad människor tycker","description.full":"Ta reda på teamets åsikter genom att skapa en omröstning i en chatt eller kanal.​Hitta appen i \"…\" under skrivrutan för meddelanden​. Skriv din fråga och ange alternativen, och sedan är det färdigt. Håll koll på deltagandet genom att spåra svar. Ladda ned omröstningsresultatet och dela det med kollegorna."}