{"name.short":"Szavazás","name.full":"Szavazás","composeExtensions[0].commands[0].title":"Szavazás létrehozása","description.short":"Kérdés feltevése és mások véleményének kikérése","description.full":"Egy csevegésben vagy csatornában szavazást létrehozva megtudhatja csapata véleményét.​ Keresse meg az appot az üzenet szövegbeviteli mező alatti „…” helyen.​ Adja meg a kérdését és beállításait, és már kezdheti is. A válaszok nyomon követésével figyelemmel kísérheti a részvételt. A szavazás eredményét letöltheti és megoszthatja a munkatársaival."}