{"name.short":"Afstemning","name.full":"Afstemning","composeExtensions[0].commands[0].title":"Opret afstemning","description.short":"Stil et spørgsmål, og få folks mening","description.full":"Få dit teams mening ved at oprette en afstemning i en chat eller en kanal.​ Find appen i \"…\" under feltet til oprettelse af en meddelelse​ Angiv dit spørgsmål og dine valg – så er du klar til at komme i gang. Hold styr på deltagelsen ved at spore svar. Download afstemningsresultatet for at dele det med dine kolleger."}