{
  "Choice": "Επιλογή {0}",
  "ResultsVisibilitySettingsSummaryEveryone": "Τα αποτελέσματα να είναι ορατά σε όλους",
  "ResultsVisibilitySettingsSummarySenderOnly": "Τα αποτελέσματα να είναι ορατά μόνο σε εμένα",
  "DueInYears": "Προθεσμία σε {0} έτη",
  "DueInYear": "Προθεσμία σε {0} έτος",
  "DueInMonths": "Προθεσμία σε {0} μήνες",
  "DueInMonth": "Προθεσμία σε {0} μήνα",
  "DueInWeeks": "Προθεσμία σε {0} εβδομάδες",
  "DueInWeek": "Προθεσμία σε {0} εβδομάδα",
  "DueInDays": "Προθεσμία σε {0} ημέρες",
  "DueInDay": "Προθεσμία σε {0} ημέρα",
  "DueInHoursAndMinutes": "Προθεσμία σε {0} ώρες, {1} λεπτά",
  "DueInHourAndMinutes": "Προθεσμία σε {0} ώρα, {1} λεπτά",
  "DueInHoursAndMinute": "Προθεσμία σε {0} ώρες, {1} λεπτό",
  "DueInHourAndMinute": "Προθεσμία σε {0} ώρα, {1} λεπτό",
  "DueInHours": "Προθεσμία σε {0} ώρες",
  "DueInHour": "Προθεσμία σε {0} ώρα",
  "DueInMinutes": "Προθεσμία σε {0} λεπτά",
  "DueInMinute": "Προθεσμία σε {0} λεπτό",
  "Send": "Αποστολή ψηφοφορίας",
  "TitleBlankError": "Ο τίτλος δεν μπορεί να παραμείνει κενός",
  "PollTitlePlaceholder": "Πληκτρολογήστε την ερώτηση ψηφοφορίας",
  "Settings": "Ρυθμίσεις",
  "BlankChoiceError": "Η επιλογή δεν μπορεί να μείνει κενή",
  "You": "Εσείς",
  "YetToRespond": "{0} δεν έχει απαντήσει ακόμα",
  "ResponseFetchError": "Η λήψη απάντησης απέτυχε. Δοκιμάστε ξανά.",
  "Back": "Πίσω",
  "ViewResponses": "Προβολή απαντήσεων",
  "Download": "Λήψη",
  "DownloadResponses": "Λήψη CSV",
  "DownloadYourResponses": "Λήψη της απάντησής σας",
  "DownloadImage": "Λήψη εικόνας",
  "ClosedOn": "Έκλεισε στις {0}",
  "ExpiredOn": "Έληξε στις {0}",
  "FeatureNotAvailable": "Αυτή η δυνατότητα δεν είναι διαθέσιμη αυτήν τη στιγμή",
  "OK": "OK",
  "SelectADate": "Επιλογή ημερομηνίας...",
  "SelectATime": "Επιλογή ώρας...",
  "SomethingWentWrong": "Παρουσιάστηκε κάποιο πρόβλημα",
  "ChangeDueDate": "Αλλαγή προθεσμίας",
  "ChangeDate": "Αλλαγή ημερομηνίας",
  "ClosePoll": "Κλείσιμο ψηφοφορίας",
  "DeletePoll": "Διαγραφή ψηφοφορίας",
  "ClosePollConfirmation": "Είστε βέβαιοι ότι θέλετε να κλείσετε αυτή την ψηφοφορία;",
  "DeletePollConfirmation": "Είστε βέβαιοι ότι θέλετε να διαγράψετε αυτή την ψηφοφορία;",
  "Participation": "Συμμετοχή {0}%",
  "BarPercentage": "{0}%",
  "ParticipationIndicatorSingular": "{0} από {1} άτομα απάντησαν",
  "ParticipationIndicatorPlural": "{0} από {1} άτομα απάντησαν",
  "Responders": "Απάντησαν",
  "NonResponders": "Δεν έχουν απαντήσει ακόμα",
  "NotResponded": "Δεν έχετε απαντήσει",
  "YourResponse": "Η απάντησή σας: {0}",
  "VisibilityCreatorOnlyLabel": "Τα αποτελέσματα είναι ορατά μόνο στον αποστολέα αυτής της ψηφοφορίας",
  "Cancel": "Άκυρο",
  "Change": "Αλλαγή",
  "Confirm": "Επιβεβαίωση",
  "dueBy": "Προθεσμία",
  "dueByDate": "Προθεσμία {0}",
  "multipleResponses": "Να επιτρέπονται πολλαπλές απαντήσεις",
  "responseOptions": "Επιλογές απάντησης",
  "resultsVisibleTo": "Αποτελέσματα ορατά σε:",
  "resultsVisibleToAll": "Όλοι",
  "resultsVisibleToSender": "Μόνο εγώ",
  "datePickerPlaceholder": "Επιλογή ημερομηνίας...",
  "timePickerPlaceholder": "Επιλογή ώρας...",
  "PollResult": "Αποτέλεσμα ψηφοφορίας - {0}",
  "UnknownMember": "Άγνωστο μέλος",
  "AddChoice": "Προσθήκη επιλογής",
  "DeleteChoice": "Διαγραφή επιλογής",
  "GotIt": "ΟΚ",
  "ChatLieErrorText": "Στείλτε ένα μήνυμα για να ξεκινήσετε αυτήν τη συνομιλία και, στη συνέχεια, επιστρέψτε στην Ψηφοφορία",
  "DismissMenu": "Κλείσιμο μενού",
  "MoreOptions": "Περισσότερες επιλογές",
  "PollOptions": "Επιλογές ψηφοφορίας",
  "GenericError": "Παρουσιάστηκε πρόβλημα κατά την πρόσβαση σε αυτή την εφαρμογή. Προσπαθήστε σε λίγο.",
  "PollDeletedError": "Αυτή η δημοσκόπηση έχει διαγραφεί.",
  "PollDeletedErrorDescription": "Αυτή η δημοσκόπηση δεν είναι πλέον σχετική και διαγράφηκε από τον δημιουργό.",
  "Close": "Κλείσιμο",
  "ResponderAccessibilityLabel": "Ο χρήστης {0} απάντησε σε {1} στις {2}",
  "OptionResponseAccessibility": "{0}, ανταποκρίθηκαν {1}, {2}",
  "Next": "Επόμενο",
  "DeleteChoiceX": "Διαγραφή επιλογής {0}",
  "ChangeDueBy": "Αλλαγή προθεσμίας έως τις",
  "DialogTalkback": "Παράθυρο διαλόγου {0}. {1}",
  "NotRespondedLabel": "Δεν απαντήσατε",
  "NotRespondedLabel.comment": "Μήνυμα για μη δημιουργούς της ψηφοφορίας όταν η ορατότητα αποτελεσμάτων έχει οριστεί σε δημιουργό μόνο και η ψηφοφορία είναι κλειστή ή έχει λήξει και ο χρήστης δεν έχει απαντήσει",
  "PollDeleted": "Αυτή η ψηφοφορία έχει διαγραφεί",
  "PollClosed": "Η ψηφοφορία έκλεισε",
  "PollExpired": "Η ψηφοφορία έληξε",
  "ResultEveryone": "Οι απαντήσεις είναι ορατές σε όλους",
  "ResultCreator": "Οι απαντήσεις είναι ορατές μόνο στον δημιουργό",
  "Submit": "Υποβολή ψήφου",
  "Results": "Προβολή αποτελέσματος",
  "BeTheFirstOneToRespond": "Γίνετε ο πρώτος που θα λάβει μέρος στην ψηφοφορία",
  "OneResponded": "{0} άτομα απάντησαν",
  "TwoResponded": "Οι χρήστες {0} και {1} απάντησαν",
  "ThreeResponded": "Οι χρήστες {0}, {1} και {2} απάντησαν",
  "ThreeAndOneOtherResponded": "Οι χρήστες {0}, {1}, {2} και 1 ακόμα απάντησαν",
  "ThreeAndOthersResponded": "Οι χρήστες {0}, {1}, {2} και {3} ακόμα απάντησαν",
  "CreateNewPoll": "Δημιουργία νέας ψηφοφορίας",
  "ResultsTitle": "Προβολή αποτελεσμάτων",
  "$manifest.name": "Ψηφοφορία",
  "$manifest.views.LaunchView.header": "Δημιουργία ψηφοφορίας",
  "$manifest.description": "Κάντε μια ερώτηση και μάθετε την άποψη των άλλων ατόμων",
  "$manifest.msTeamsProps.name.short": "Ψηφοφορία",
  "$manifest.msTeamsProps.name.full": "Ψηφοφορία",
  "$manifest.msTeamsProps.description.short": "Κάντε μια ερώτηση και μάθετε την άποψη των άλλων ατόμων",
  "$manifest.msTeamsProps.description.full": "Μάθετε τη γνώμη της ομάδας σας, δημιουργώντας μια ψηφοφορία σε μια συνομιλία ή ένα κανάλι.​• Βρείτε την εφαρμογή στο \"…\" κάτω από το πλαίσιο σύνταξης μηνύματος​• Πληκτρολογήστε την ερώτηση και τις επιλογές σας και είστε έτοιμοι. Κατεβάστε το αποτέλεσμα της ψηφοφορίας για κοινή χρήση με τους συναδέλφους σας."
}