{
  "Choice": "Opción {0}",
  "ResultsVisibilitySettingsSummaryEveryone": "Resultados visibles para todos",
  "ResultsVisibilitySettingsSummarySenderOnly": "Resultados visibles só para min",
  "DueInYears": "Vence en {0} anos",
  "DueInYear": "Vence en {0} ano",
  "DueInMonths": "Vence en {0} meses",
  "DueInMonth": "Vence en {0} mes",
  "DueInWeeks": "Vence en {0} semanas",
  "DueInWeek": "Vence en {0} semana",
  "DueInDays": "Vence en {0} días",
  "DueInDay": "Vence en {0} días",
  "DueInHoursAndMinutes": "Vence en {0} horas, {1} minutos",
  "DueInHourAndMinutes": "Vence en {0} hora, {1} minutos",
  "DueInHoursAndMinute": "Vence en {0} horas, {1} minuto",
  "DueInHourAndMinute": "Vence en {0} hora, {1} minuto",
  "DueInHours": "Vence en {0} horas",
  "DueInHour": "Vence en {0} hora",
  "DueInMinutes": "Vence en {0} minutos",
  "DueInMinute": "Vence en {0} minuto",
  "Send": "Enviar enquisa",
  "TitleBlankError": "O título non pode estar en branco",
  "PollTitlePlaceholder": "Escribir pregunta da enquisa",
  "Settings": "Configuración",
  "BlankChoiceError": "A elección non pode estar en branco",
  "You": "Ti",
  "YetToRespond": "{0} aínda non responderon",
  "ResponseFetchError": "Produciuse un erro ao obter a resposta. Téntao de novo.",
  "Back": "Atrás",
  "ViewResponses": "Ver respostas",
  "Download": "Descargar",
  "DownloadResponses": "Descargar CSV",
  "DownloadYourResponses": "Descargar a túa resposta",
  "DownloadImage": "Descargar imaxe",
  "ClosedOn": "Pechouse o {0}",
  "ExpiredOn": "Caducou o {0}",
  "FeatureNotAvailable": "Esta funcionalidade non está dispoñible actualmente",
  "OK": "Aceptar",
  "SelectADate": "Seleccionar unha data...",
  "SelectATime": "Seleccionar unha hora...",
  "SomethingWentWrong": "Produciuse un erro",
  "ChangeDueDate": "Modificar data de vencemento",
  "ChangeDate": "Modificar data",
  "ClosePoll": "Pechar enquisa",
  "DeletePoll": "Eliminar enquisa",
  "ClosePollConfirmation": "Seguro que queres pechar esta enquisa?",
  "DeletePollConfirmation": "Estás seguro de que queres eliminar esta enquisa?",
  "Participation": "Participación {0}%",
  "BarPercentage": "{0} %",
  "ParticipationIndicatorSingular": "Responderon {0} de {1}",
  "ParticipationIndicatorPlural": "Responderon {0} de {1}",
  "Responders": "Persoas que responderon",
  "NonResponders": "Aínda non respondiches",
  "NotResponded": "Aínda non respondiches",
  "YourResponse": "A túa resposta: {0}",
  "VisibilityCreatorOnlyLabel": "Os resultados só están visibles para o remitente desta enquisa",
  "Cancel": "Cancelar",
  "Change": "Cambiar",
  "Confirm": "Confirmar",
  "dueBy": "Vencemento",
  "dueByDate": "Vence o {0}",
  "multipleResponses": "Permitir varias respostas",
  "responseOptions": "Opcións de resposta",
  "resultsVisibleTo": "Resultados visibles para",
  "resultsVisibleToAll": "Todos",
  "resultsVisibleToSender": "Só eu",
  "datePickerPlaceholder": "Seleccionar unha data...",
  "timePickerPlaceholder": "Seleccionar unha hora...",
  "PollResult": "Resultado da enquisa - {0}",
  "UnknownMember": "Membro descoñecido",
  "AddChoice": "Engadir opción",
  "DeleteChoice": "Eliminar opción",
  "GotIt": "Entendido",
  "ChatLieErrorText": "Envía unha mensaxe para comezar a conversación e logo volve á enquisa",
  "DismissMenu": "Rexeitar menú",
  "MoreOptions": "Máis opcións",
  "PollOptions": "Opcións da enquisa",
  "GenericError": "Produciuse un problema ao acceder a esta aplicación. Téntao máis tarde.",
  "PollDeletedError": "Esta enquisa eliminouse.",
  "PollDeletedErrorDescription": "Esta enquisa xa non é relevante e o creador eliminouna.",
  "Close": "Pechar",
  "ResponderAccessibilityLabel": "{0} respondeu {1} o {2}",
  "OptionResponseAccessibility": "{0}, {1} persoas responderon, {2}",
  "Next": "Seguinte",
  "DeleteChoiceX": "Eliminar opción {0}",
  "ChangeDueBy": "Modificar vencemento",
  "DialogTalkback": "Caixa de diálogo {0}. {1}",
  "NotRespondedLabel": "Non respondiches",
  "NotRespondedLabel.comment": "Mensaxe para as persoas que non son autoras de enquisas cando a visibilidade dos resultados se establece só para o autor e a enquisa caducou ou está pechada e o usuario non respondeu",
  "PollDeleted": "Eliminouse esta enquisa",
  "PollClosed": "Enquisa pechada",
  "PollExpired": "Enquisa caducada",
  "ResultEveryone": "As respostas están visibles para todos",
  "ResultCreator": "As respostas só están visibles para o creador",
  "Submit": "Enviar voto",
  "Results": "Ver resultado",
  "BeTheFirstOneToRespond": "Sé o primeiro en facer a enquisa",
  "OneResponded": "{0} respondeu",
  "TwoResponded": "Responderon {0} e {1}",
  "ThreeResponded": "Responderon {0}, {1} e {2}",
  "ThreeAndOneOtherResponded": "Responderon {0}, {1}, {2} e 1 usuario máis",
  "ThreeAndOthersResponded": "Responderon {0}, {1}, {2} e outros {3}",
  "CreateNewPoll": "Crear unha enquisa nova",
  "ResultsTitle": "Vista de resultados",
  "$manifest.name": "Enquisa",
  "$manifest.views.LaunchView.header": "Crear enquisa",
  "$manifest.description": "Fai unha pregunta e obtén a opinión da xente",
  "$manifest.msTeamsProps.name.short": "Enquisa",
  "$manifest.msTeamsProps.name.full": "Enquisa",
  "$manifest.msTeamsProps.description.short": "Fai unha pregunta e obtén a opinión da xente",
  "$manifest.msTeamsProps.description.full": "Obtén a opinión do teu equipo creando unha enquisa nun chat ou nunha canle.​. Busca a aplicación en \"…\" debaixo da caixa de redacción de mensaxes​. Escribe a pregunta e as opcións e xa estaría todo listo. Fai un seguimento das respostas para informarte sobre a participación. Descarga os resultados da enquisa para compartilos cos teus compañeiros."
}