{"name.short":"Sondaj","name.full":"Sondaj","composeExtensions[0].commands[0].title":"Creați un sondaj","description.short":"Adresați o întrebare și aflați părerea celorlalți","description.full":"Obțineți opinia echipei prin crearea unui sondaj într-un chat sau într-un canal.​Găsiți aplicația în „…” sub caseta de compunere a mesajului​. Introduceți întrebarea și opțiunile și sunteți gata. Rămâneți la curent cu participarea prin urmărirea răspunsurilor. Descărcați rezultatul sondajului pentru a partaja cu colegii dvs."}