{"name.short":"पोल","name.full":"पोल","composeExtensions[0].commands[0].title":"पोल तयार करा","description.short":"प्रश्न विचारा आणि लोकांचे मत जाणून घ्या","description.full":"चॅट किंवा चॅनलमध्ये पोल तयार करून आपल्या संघाची मते मिळवा.​ संदेश रचना बॉक्स​ अंतर्गत ‘…’ मधील अनुप्रयोग शोधा. आपला प्रश्न आणि निवडी प्रविष्ठ करा आणि आपण प्रारंभ करण्यासाठी सज्ज आहात. प्रतिसाद ट्रॅक करून सहभागाच्या सर्वात वर राहा.आपल्या सहकर्मचार्यांसह सामायिक करण्यासाठी पोल परिणाम डाउनलोड करा."}