{
  "Choice": "തിരഞ്ഞെടുക്കൽ {0}",
  "ResultsVisibilitySettingsSummaryEveryone": "ഫലങ്ങൾ എല്ലാവർക്കും ദൃശ്യമാണ്",
  "ResultsVisibilitySettingsSummarySenderOnly": "ഫലങ്ങൾ എനിക്ക് മാത്രമേ ദൃശ്യമാകൂ",
  "DueInYears": "{0} വർഷം കഴിഞ്ഞാൽ അവസാനിക്കുന്നു",
  "DueInYear": "{0} വർഷം കഴിഞ്ഞാൽ അവസാനിക്കുന്നു",
  "DueInMonths": "{0} മാസം കഴിഞ്ഞാൽ അവസാനിക്കുന്നു",
  "DueInMonth": "{0} മാസം കഴിഞ്ഞാൽ അവസാനിക്കുന്നു",
  "DueInWeeks": "{0} ആഴ്‌ച കഴിഞ്ഞാൽ അവസാനിക്കുന്നു",
  "DueInWeek": "{0} ആഴ്‌ച കഴിഞ്ഞാൽ അവസാനിക്കുന്നു",
  "DueInDays": "{0} ദിവസം കഴിഞ്ഞാൽ അവസാനിക്കുന്നു",
  "DueInDay": "{0} ദിവസം കഴിഞ്ഞാൽ അവസാനിക്കുന്നു",
  "DueInHoursAndMinutes": "{0} മണിക്കൂറും {1} മിനിറ്റും കഴിഞ്ഞാൽ അവസാനിക്കുന്നു",
  "DueInHourAndMinutes": "{0} മണിക്കൂറും {1} മിനിറ്റും കഴിഞ്ഞാൽ അവസാനിക്കുന്നു",
  "DueInHoursAndMinute": "{0} മണിക്കൂറും {1} മിനിറ്റും കഴിഞ്ഞാൽ അവസാനിക്കുന്നു",
  "DueInHourAndMinute": "{0} മണിക്കൂറും {1} മിനിറ്റും കഴിഞ്ഞാൽ അവസാനിക്കുന്നു",
  "DueInHours": "{0} മണിക്കൂർ കഴിഞ്ഞാൽ അവസാനിക്കുന്നു",
  "DueInHour": "{0} മണിക്കൂർ കഴിഞ്ഞാൽ അവസാനിക്കുന്നു",
  "DueInMinutes": "{0} മിനിറ്റ് കഴിഞ്ഞാൽ അവസാനിക്കുന്നു",
  "DueInMinute": "{0} മിനിറ്റ് കഴിഞ്ഞാൽ അവസാനിക്കുന്നു",
  "Send": "വോട്ടെടുപ്പ് അയയ്‌ക്കുക",
  "TitleBlankError": "ശീർഷകം ശൂന്യമാക്കി വിടാനാകില്ല",
  "PollTitlePlaceholder": "വോട്ടെടുപ്പ് ചോദ്യം നൽകുക",
  "Settings": "ക്രമീകരണം",
  "BlankChoiceError": "തിരഞ്ഞെടുക്കൽ ശൂന്യമാക്കിയിടരുത്",
  "You": "നിങ്ങൾ",
  "YetToRespond": "{0} പേർ ഇതുവരെ പ്രതികരിച്ചിട്ടില്ല",
  "ResponseFetchError": "പ്രതികരണം ലഭ്യമാക്കൽ പരാജയപ്പെട്ടു. വീണ്ടും ശ്രമിക്കുക.",
  "Back": "പിന്നിലേക്ക്",
  "ViewResponses": "പ്രതികരണങ്ങൾ കാണുക",
  "Download": "ഡൗൺലോഡ് ചെയ്യുക",
  "DownloadResponses": "CSV ഡൗൺലോഡ് ചെയ്യുക",
  "DownloadYourResponses": "നിങ്ങളുടെ പ്രതികരണം ഡൗൺലോഡ് ചെയ്യുക",
  "DownloadImage": "ഇമേജ് ഡൗൺലോഡ് ചെയ്യുക",
  "ClosedOn": "{0}-ന് അടച്ചു",
  "ExpiredOn": "{0}-ന് കാലഹരണപ്പെട്ടു",
  "FeatureNotAvailable": "നിലവിൽ ഈ സവിശേഷത ലഭ്യമല്ല",
  "OK": "ശരി",
  "SelectADate": "ഒരു തീയതി തിരഞ്ഞെടുക്കുക...",
  "SelectATime": "ഒരു സമയം തിരഞ്ഞെടുക്കുക...",
  "SomethingWentWrong": "എന്തോ കുഴപ്പം സംഭവിച്ചു",
  "ChangeDueDate": "മാറ്റത്തിനുള്ള നിയുക്ത ദിവസം",
  "ChangeDate": "തീയതി മാറ്റുക",
  "ClosePoll": "വോട്ടെടുപ്പ് അടയ്‌ക്കുക",
  "DeletePoll": "വോട്ടെടുപ്പ് ഇല്ലാതാക്കുക",
  "ClosePollConfirmation": "ഈ വോട്ടെടുപ്പ് അവസാനിപ്പിക്കണമെന്ന് തീർച്ചയാണോ?",
  "DeletePollConfirmation": "ഈ വോട്ടെടുപ്പ് ഇല്ലാതാക്കണമെന്ന് തീർച്ചയാണോ?",
  "Participation": "പങ്കാളിത്തം {0}%",
  "BarPercentage": "{0}%",
  "ParticipationIndicatorSingular": "{1}-ൽ {0} പേർ പ്രതികരിച്ചു",
  "ParticipationIndicatorPlural": "{1}-ൽ {0} പേർ പ്രതികരിച്ചു",
  "Responders": "പ്രതികരിച്ചവർ",
  "NonResponders": "ഇതുവരെ പ്രതികരിച്ചിട്ടില്ല",
  "NotResponded": "നിങ്ങൾ പ്രതികരിച്ചിട്ടില്ല",
  "YourResponse": "നിങ്ങളുടെ പ്രതികരണം: {0}",
  "VisibilityCreatorOnlyLabel": "ഈ വോട്ടെടുപ്പിന്‍റെ പ്രേഷകന് മാത്രമേ ഫലങ്ങൾ ദൃശ്യമാകൂ",
  "Cancel": "റദ്ദാക്കുക",
  "Change": "മാറ്റുക",
  "Confirm": "സ്ഥിരീകരിക്കുക",
  "dueBy": "അവസാന തീയതി",
  "dueByDate": "അവസാന തീയതി {0} ആണ്",
  "multipleResponses": "ഒന്നിലധികം പ്രതികരണങ്ങൾ അനുവദിക്കുക",
  "responseOptions": "പ്രതികരണ ഐച്ഛികങ്ങൾ",
  "resultsVisibleTo": "ഫലങ്ങൾ ദൃശ്യമാകുന്നത്",
  "resultsVisibleToAll": "എല്ലാവർക്കും",
  "resultsVisibleToSender": "എനിക്ക് മാത്രം",
  "datePickerPlaceholder": "ഒരു തീയതി തിരഞ്ഞെടുക്കുക...",
  "timePickerPlaceholder": "ഒരു സമയം തിരഞ്ഞെടുക്കുക...",
  "PollResult": "വോട്ടെടുപ്പ് ഫലം - {0}",
  "UnknownMember": "അജ്ഞാത അംഗം",
  "AddChoice": "ചോയ്‌സ് ചേർക്കുക",
  "DeleteChoice": "ചോയ്‌സ് ഇല്ലാതാക്കുക",
  "GotIt": "മനസ്സിലായി",
  "ChatLieErrorText": "ഈ സംഭാഷണം ആരംഭിക്കാൻ ഒരു സന്ദേശം അയയ്‌ക്കുക, തുടർന്ന് വോട്ടെടുപ്പിലേക്ക് മടങ്ങിവരുക",
  "DismissMenu": "നിരാകരിക്കൽ മെനു",
  "MoreOptions": "കൂടുതൽ ഐച്ഛികങ്ങൾ",
  "PollOptions": "വോട്ടെടുപ്പ് ഐച്ഛികങ്ങൾ",
  "GenericError": "ഈ ആപ്പിൽ എത്തിച്ചേരുന്നതിൽ ഒരു പ്രശ്‌നമുണ്ട്. കുറച്ചുസമയത്തിന് ശേഷം ശ്രമിക്കുക.",
  "PollDeletedError": "ഈ വോട്ടെടുപ്പ് ഇല്ലാതാക്കി.",
  "PollDeletedErrorDescription": "ഈ വോട്ടെടുപ്പ് കൂടുതൽ പ്രസക്തവും സ്രഷ്ടാവ് ഇല്ലാതാക്കുന്നതുമല്ല.",
  "Close": "അടയ്ക്കുക",
  "ResponderAccessibilityLabel": "{0}, {2}-ന് {1} എന്നതിൽ പ്രതികരിച്ചു",
  "OptionResponseAccessibility": "{0}, {1} പ്രതികരിക്കുന്നവർ, {2}",
  "Next": "അടുത്തത്",
  "DeleteChoiceX": "{0} എന്ന ചോയ്‌സ് ഇല്ലാതാക്കുക",
  "ChangeDueBy": "അവസാന തീയതി മാറ്റുക",
  "DialogTalkback": "{0} ഡയലോഗ്. {1}",
  "NotRespondedLabel": "നിങ്ങൾ പ്രതികരിച്ചില്ല",
  "NotRespondedLabel.comment": "ഫലങ്ങളുടെ ദൃശ്യപരത സ്രഷ്‌ടാവിന് മാത്രം എന്ന് സജ്ജീകരിക്കുകയും, വോട്ടെടുപ്പ് അവസാനിക്കുകയോ കാലഹരണപ്പെടുകയോ ചെയ്യുകയും, ഉപയോക്താവ് പ്രതികരിക്കാതിരിക്കുകയും ചെയ്യുന്ന സാഹചര്യത്തിൽ വോട്ടെടുപ്പിന്റെ സ്രഷ്‌ടാക്കൾ അല്ലാത്തവർക്കുള്ള സന്ദേശം",
  "PollDeleted": "ഈ വോട്ടെടുപ്പ് ഇല്ലാതാക്കി",
  "PollClosed": "വോട്ടെടുപ്പ് അവസാനിച്ചു",
  "PollExpired": "വോട്ടെടുപ്പ് കാലഹരണപ്പെട്ടു",
  "ResultEveryone": "പ്രതികരണങ്ങൾ എല്ലാവർക്കും ദൃശ്യമാണ്",
  "ResultCreator": "പ്രതികരണങ്ങൾ സ്രഷ്‌ടാക്കൾക്ക് മാത്രം ദൃശ്യമാണ്",
  "Submit": "വോട്ട് സമർപ്പിക്കുക",
  "Results": "ഫലം കാണുക",
  "BeTheFirstOneToRespond": "വോട്ടെടുപ്പിൽൽ പങ്കെടുക്കുന്ന ആദ്യയാളാകൂ",
  "OneResponded": "{0} പ്രതികരിച്ചു",
  "TwoResponded": "{0}, {1} എന്നിവർ പ്രതികരിച്ചു",
  "ThreeResponded": "{0}, {1}, {2} എന്നിവർ പ്രതികരിച്ചു",
  "ThreeAndOneOtherResponded": "{0}, {1}, {2} എന്നിവരും മറ്റ് 1 വ്യക്തിയും പ്രതികരിച്ചു",
  "ThreeAndOthersResponded": "{0}, {1}, {2} എന്നിവരും മറ്റ് {3} പേരും പ്രതികരിച്ചു",
  "CreateNewPoll": "ഒരു പുതിയ വോട്ടെടുപ്പ് സൃഷ്‌ടിക്കുക",
  "ResultsTitle": "ഫല കാഴ്‌ച",
  "$manifest.name": "വോട്ടെടുപ്പ്",
  "$manifest.views.LaunchView.header": "വോട്ടെടുപ്പ് സൃഷ്ടിക്കുക",
  "$manifest.description": "ഒരു ചോദ്യം ചോദിച്ചുകൊണ്ട് ആളുകളുടെ അഭിപ്രായം നേടുക",
  "$manifest.msTeamsProps.name.short": "വോട്ടെടുപ്പ്",
  "$manifest.msTeamsProps.name.full": "പോൾ",
  "$manifest.msTeamsProps.description.short": "ഒരു ചോദ്യം ചോദിച്ചുകൊണ്ട് ആളുകളുടെ അഭിപ്രായം നേടുക",
  "$manifest.msTeamsProps.description.full": "ഒരു ചാറ്റിലോ ചാനലിലോ ഒരു വോട്ടെടുപ്പ് സൃഷ്ടിച്ചുകൊണ്ട് നിങ്ങളുടെ ടീമിന്റെ അഭിപ്രായം നേടുക.​ സന്ദേശത്തിന് കീഴിലുള്ള \"…\" എന്ന അപ്ലിക്കേഷനിൽ രചിക്കൽ ബോക്സ്​ കണ്ടെത്തുക. നിങ്ങളുടെ ചോദ്യവും തിരഞ്ഞെടുക്കലുകളും രേഖപ്പെടുത്തുക നിങ്ങൾ പോകുന്നത് നല്ലതാണ് പ്രതികരണങ്ങൾ ട്രാക്കുചെയ്യുന്നതിലൂടെ പങ്കാളിത്തത്തിൽ മികച്ചതായി തുടരുക. നിങ്ങളുടെ സഹപ്രവർത്തകരുമായി പങ്കിടുന്നതിന് വോട്ടെടുപ്പ് ഫലം ഡൗൺലോഡുചെയ്യുക."
}