{
  "Choice": "Odabir {0}",
  "ResultsVisibilitySettingsSummaryEveryone": "Rezultati su vidljivi svima",
  "ResultsVisibilitySettingsSummarySenderOnly": "Rezultati su vidljivi samo meni",
  "DueInYears": "Rok je za sljedeći broj godina: {0}",
  "DueInYear": "Rok je za {0} godinu",
  "DueInMonths": "Rok je za sljedeći broj mjeseci: {0}",
  "DueInMonth": "Rok je za {0} mjesec",
  "DueInWeeks": "Rok je za sljedeći broj tjedana: {0}",
  "DueInWeek": "Rok je za {0} tjedan",
  "DueInDays": "Rok je za sljedeći broj dana: {0}",
  "DueInDay": "Rok je za {0} dan",
  "DueInHoursAndMinutes": "Rok je za {0} h, {1} min",
  "DueInHourAndMinutes": "Rok je za {0} h, {1} min",
  "DueInHoursAndMinute": "Rok je za {0} h, {1} min",
  "DueInHourAndMinute": "Rok je za {0} h, {1} min",
  "DueInHours": "Rok je za {0} h",
  "DueInHour": "Rok je za {0} h",
  "DueInMinutes": "Rok je za {0} min",
  "DueInMinute": "Rok je za {0} min",
  "Send": "Pošalji anketu",
  "TitleBlankError": "Naslov ne može biti prazan",
  "PollTitlePlaceholder": "Unesite pitanje za anketu",
  "Settings": "Postavke",
  "BlankChoiceError": "Odabir ne može biti prazan",
  "You": "Vi",
  "YetToRespond": "Odgovoriti mora još sljedeći broj osoba: {0}",
  "ResponseFetchError": "Dohvaćanje odgovora nije uspjelo. Pokušajte ponovno.",
  "Back": "Natrag",
  "ViewResponses": "Prikaži odgovore",
  "Download": "Preuzmi",
  "DownloadResponses": "Preuzmi CSV",
  "DownloadYourResponses": "Preuzmite svoj odgovor",
  "DownloadImage": "Preuzmi sliku",
  "ClosedOn": "Zatvoreno {0}",
  "ExpiredOn": "Isteklo {0}",
  "FeatureNotAvailable": "Značajka trenutno nije dostupna",
  "OK": "U redu",
  "SelectADate": "Odaberite datum...",
  "SelectATime": "Odaberite vrijeme...",
  "SomethingWentWrong": "Došlo je do pogreške",
  "ChangeDueDate": "Promijenite krajnji rok",
  "ChangeDate": "Promijeni datum",
  "ClosePoll": "Zatvori anketu",
  "DeletePoll": "Izbriši anketu",
  "ClosePollConfirmation": "Želite li doista zatvoriti ovu anketu?",
  "DeletePollConfirmation": "Želite li doista izbrisati ovu anketu?",
  "Participation": "Sudjelovanje {0} %",
  "BarPercentage": "{0} %",
  "ParticipationIndicatorSingular": "Broj osoba koje su odgovorile: {0} od {1}",
  "ParticipationIndicatorPlural": "Broj osoba koje su odgovorile: {0} od {1}",
  "Responders": "Osobe koje su odgovorile",
  "NonResponders": "Još nije odgovorio",
  "NotResponded": "Niste odgovorili",
  "YourResponse": "Vaš odgovor: {0}",
  "VisibilityCreatorOnlyLabel": "Rezultati su vidljivi samo pošiljatelju ove ankete",
  "Cancel": "Odustani",
  "Change": "Promijeni",
  "Confirm": "Potvrdi",
  "dueBy": "Rok",
  "dueByDate": "Rok: {0}",
  "multipleResponses": "Dopusti više odgovora",
  "responseOptions": "Mogućnosti odgovora",
  "resultsVisibleTo": "Rezultati vidljivi korisnicima",
  "resultsVisibleToAll": "Svima",
  "resultsVisibleToSender": "Samo meni",
  "datePickerPlaceholder": "Odaberite datum...",
  "timePickerPlaceholder": "Odaberite vrijeme...",
  "PollResult": "Rezultat ankete – {0}",
  "UnknownMember": "Nepoznati član",
  "AddChoice": "Dodajte izbor",
  "DeleteChoice": "Izbriši izbor",
  "GotIt": "Shvaćam",
  "ChatLieErrorText": "Pošaljite poruku da biste započeli razgovor, a zatim se vratite u značajku Anketa",
  "DismissMenu": "Odbaci izbornik",
  "MoreOptions": "Dodatne mogućnosti",
  "PollOptions": "Mogućnosti ankete",
  "GenericError": "Pojavio se problem prilikom dohvaćanja te aplikacije. Pokušajte nakon nekog vremena.",
  "PollDeletedError": "Anketa je izbrisana.",
  "PollDeletedErrorDescription": "Ova anketa nije više relevantna i izbrisana je od strane autora.",
  "Close": "Zatvori",
  "ResponderAccessibilityLabel": "Osoba {0} odgovorila je {1} {2}",
  "OptionResponseAccessibility": "{0}, broj osoba koje su odgovorile: {1}, {2}",
  "Next": "Sljedeće",
  "DeleteChoiceX": "Izbriši izbor {0}",
  "ChangeDueBy": "Promijeni krajnji rok",
  "DialogTalkback": "Dijaloški okvir {0}. {1}",
  "NotRespondedLabel": "Niste odgovorili",
  "NotRespondedLabel.comment": "Poruka za korisnike koji nisu stvorili anketu kada je vidljivost rezultata postavljena samo na autora, a anketa je zatvorena ili je istekla, a korisnik nije odgovorio",
  "PollDeleted": "Anketa je izbrisana",
  "PollClosed": "Anketa je zatvorena",
  "PollExpired": "Anketa je istekla",
  "ResultEveryone": "Odgovori su vidljivi svima",
  "ResultCreator": "Odgovori su vidljivi samo autoru",
  "Submit": "Pošalji glas",
  "Results": "Prikaži rezultat",
  "BeTheFirstOneToRespond": "Prvi odgovorite na anketu",
  "OneResponded": "Korisnik {0} je odgovorio",
  "TwoResponded": "Odgovorili su {0} i {1}",
  "ThreeResponded": "Odgovorili su {0}, {1} i {2}",
  "ThreeAndOneOtherResponded": "Odgovorili su {0}, {1}, {2} i još 1 korisnik",
  "ThreeAndOthersResponded": "Odgovorili su {0}, {1}, {2} i još sljedeći broj korisnika: {3}",
  "CreateNewPoll": "Stvaranje nove ankete",
  "ResultsTitle": "Prikaz rezultata",
  "$manifest.name": "Anketa",
  "$manifest.views.LaunchView.header": "Izradi anketu",
  "$manifest.description": "Postavite pitanje i doznajte mišljenje korisnika",
  "$manifest.msTeamsProps.name.short": "Anketa",
  "$manifest.msTeamsProps.name.full": "Anketa",
  "$manifest.msTeamsProps.description.short": "Postavite pitanje i doznajte mišljenje korisnika",
  "$manifest.msTeamsProps.description.full": "Doznajte mišljenje svog tima tako da stvorite anketu u čavrljanju ili kanalu.​ Pronađite aplikaciju u '…' ispod okvira za sastavljanje poruke​. Unesite pitanje i mogućnosti i spremni ste za početak. Budite u toku sa sudjelovanjem tako što ćete pratiti odgovore. Preuzmite rezultate ankete za zajedničko korištenje sa suradnicima."
}