{
  "Choice": "選擇 {0}",
  "ResultsVisibilitySettingsSummaryEveryone": "每個人都可看到結果",
  "ResultsVisibilitySettingsSummarySenderOnly": "只有我才可看到結果",
  "DueInYears": "{0} 年後到期",
  "DueInYear": "{0} 年後到期",
  "DueInMonths": "{0} 個月後到期",
  "DueInMonth": "{0} 個月後到期",
  "DueInWeeks": "{0} 週後到期",
  "DueInWeek": "{0} 週後到期",
  "DueInDays": "{0} 天後到期",
  "DueInDay": "{0} 天後到期",
  "DueInHoursAndMinutes": "{0} 小時 {1} 分鐘後到期",
  "DueInHourAndMinutes": "{0} 小時 {1} 分鐘後到期",
  "DueInHoursAndMinute": "{0} 小時 {1} 分鐘後到期",
  "DueInHourAndMinute": "{0} 小時 {1} 分鐘後到期",
  "DueInHours": "{0} 小時後到期",
  "DueInHour": "{0} 小時後到期",
  "DueInMinutes": "{0} 分鐘後到期",
  "DueInMinute": "{0} 分鐘後到期",
  "Send": "傳送投票",
  "TitleBlankError": "標題不能留空白",
  "PollTitlePlaceholder": "輸入投票問題",
  "Settings": "設定",
  "BlankChoiceError": "選擇不能留空白",
  "You": "您",
  "YetToRespond": "{0} 個尚未回應",
  "ResponseFetchError": "擷取回應失敗。請再試一次。",
  "Back": "上一頁",
  "ViewResponses": "檢視回應",
  "Download": "下載",
  "DownloadResponses": "下載 CSV",
  "DownloadYourResponses": "下載您的回應",
  "DownloadImage": "下載影像",
  "ClosedOn": "已於 {0} 關閉",
  "ExpiredOn": "已於 {0} 到期",
  "FeatureNotAvailable": "目前無法使用此功能",
  "OK": "確定",
  "SelectADate": "選取日期...",
  "SelectATime": "選取時間...",
  "SomethingWentWrong": "發生問題",
  "ChangeDueDate": "變更到期日",
  "ChangeDate": "變更日期",
  "ClosePoll": "關閉投票",
  "DeletePoll": "刪除投票",
  "ClosePollConfirmation": "確定要關閉此投票?",
  "DeletePollConfirmation": "確定要刪除此投票?",
  "Participation": "參與 {0}%",
  "BarPercentage": "{0}%",
  "ParticipationIndicatorSingular": "{1} 個人中的 {0} 個已回應",
  "ParticipationIndicatorPlural": "{1} 個人中的 {0} 個已回應",
  "Responders": "回應者",
  "NonResponders": "尚未回應",
  "NotResponded": "您尚未回應",
  "YourResponse": "您的回應: {0}",
  "VisibilityCreatorOnlyLabel": "只有此投票的寄件者能看到結果",
  "Cancel": "取消",
  "Change": "變更",
  "Confirm": "確認",
  "dueBy": "到期日",
  "dueByDate": "{0} 到期",
  "multipleResponses": "允許多個回覆",
  "responseOptions": "回應選項",
  "resultsVisibleTo": "可檢視結果",
  "resultsVisibleToAll": "每個人",
  "resultsVisibleToSender": "只有我",
  "datePickerPlaceholder": "選取日期...",
  "timePickerPlaceholder": "選取時間...",
  "PollResult": "投票結果 - {0}",
  "UnknownMember": "未知的成員",
  "AddChoice": "新增選擇",
  "DeleteChoice": "刪除選擇",
  "GotIt": "了解",
  "ChatLieErrorText": "傳送訊息以開始此交談，然後再返回投票",
  "DismissMenu": "關閉功能表",
  "MoreOptions": "更多選項",
  "PollOptions": "問卷選項",
  "GenericError": "連線到此應用程式時發生問題。請稍後再試。",
  "PollDeletedError": "已刪除此投票。",
  "PollDeletedErrorDescription": "此投票不再與建立者相關，而且已被其刪除。",
  "Close": "關閉",
  "ResponderAccessibilityLabel": "「{0}」已於 {2} 回應 {1}",
  "OptionResponseAccessibility": "{0}，{1} 個回應者，{2}",
  "Next": "下一個",
  "DeleteChoiceX": "刪除選擇 {0}",
  "ChangeDueBy": "變更到期日",
  "DialogTalkback": "{0} 對話方塊。{1}",
  "NotRespondedLabel": "您尚未回應",
  "NotRespondedLabel.comment": "當結果可見度設為僅限建立者，且投票已關閉或已過期且使用者未回應時，顯示給未建立投票者的訊息",
  "PollDeleted": "已刪除此投票",
  "PollClosed": "投票已關閉",
  "PollExpired": "投票已過期",
  "ResultEveryone": "所有人都能看到回應",
  "ResultCreator": "只有建立者能看到回應",
  "Submit": "送出投票",
  "Results": "檢視結果",
  "BeTheFirstOneToRespond": "成為第一個進行投票的人",
  "OneResponded": "{0} 已回應",
  "TwoResponded": "{0} 和 {1} 已回應",
  "ThreeResponded": "{0}、{1} 和 {2} 已回應",
  "ThreeAndOneOtherResponded": "{0}、{1}、{2} 和其他 1 人已回應",
  "ThreeAndOthersResponded": "{0}、{1}、{2} 和其他 {3} 人已回應",
  "CreateNewPoll": "建立新投票",
  "ResultsTitle": "結果檢視",
  "$manifest.name": "投票",
  "$manifest.views.LaunchView.header": "建立 [投票]",
  "$manifest.description": "詢問問題並取得其他人的意見",
  "$manifest.msTeamsProps.name.short": "投票",
  "$manifest.msTeamsProps.name.full": "投票",
  "$manifest.msTeamsProps.description.short": "詢問問題並取得其他人的意見",
  "$manifest.msTeamsProps.description.full": "在聊天或頻道中建立投票，以取得您團隊的意見。​ 在訊息撰寫方塊下的 \"…\" 中尋找應用程式​。輸入您的問題與選項，這樣就完成了。追蹤回應來保持參與狀態。下載投票結果以與您的同事分享。"
}