{"name.short":"Poll","name.full":"Poll","composeExtensions[0].commands[0].title":"Gumawa ng Poll","description.short":"Magtanong at kunin ang opinyon ng mga tao","description.full":"Kunin ang opinyon ng iyong team sa pamamagitan ng paggawa ng poll sa isang chat o channel.​ Hanapin ang app sa '…' sa ilalim ng kahon ng pagsulat ng mensahe​. Ipasok ang iyong mga tanong at pagpipilian at handa ka na. Manataling nakatuon sa partisipasyon sa pamamagitan ng pagsubaybay sa mga tugon. I-download ang resulta ng poll para maibahagi sa iyong mga katrabaho."}