{"name.short":"投票","name.full":"投票","composeExtensions[0].commands[0].title":"投票を作成","description.short":"質問をして、人々の意見を集めます","description.full":"チャットまたはチャネルで投票を作成して、チームの意見を聞いてください。​メッセージ作成ボックスの下の「…」でアプリを検索します​。質問と選択肢を入力すれば、準備完了です。回答を追跡して参加状況を把握します。同僚と共有するための投票結果をダウンロードします。"}