{"name.short":"استقصاء","name.full":"استقصاء","composeExtensions[0].commands[0].title":"إنشاء استقصاء","description.short":"طرح سؤال والحصول على آراء الأشخاص","description.full":"تعرف على آراء فريقك من خلال إنشاء استقصاء في دردشة أو قناة.​• يمكنك العثور على التطبيق من \"…\" ضمن مربع إنشاء الرسالة​. أدخل السؤال والاختيارات وستعثر عليه. أبقَ على اطلاع بالمشاركات من خلال تتبع الاستجابات. قم بتنزيل نتيجة الاستقصاء لمشاركتها مع زملائك."}