{
  "Choice": "Izbira {0}",
  "ResultsVisibilitySettingsSummaryEveryone": "Rezultate vidijo vsi",
  "ResultsVisibilitySettingsSummarySenderOnly": "Rezultate vidim le jaz",
  "DueInYears": "Rok čez {0} l",
  "DueInYear": "Rok čez {0} leto",
  "DueInMonths": "Rok čez {0} m",
  "DueInMonth": "Rok čez {0} mesec",
  "DueInWeeks": "Rok čez {0} t",
  "DueInWeek": "Rok čez {0} teden",
  "DueInDays": "Rok čez {0} d",
  "DueInDay": "Rok čez {0} dan",
  "DueInHoursAndMinutes": "Rok čez {0} h in {1} min",
  "DueInHourAndMinutes": "Rok čez {0} uro in {1} minut",
  "DueInHoursAndMinute": "Rok čez {0} h in {1} minuto",
  "DueInHourAndMinute": "Rok čez {0} uro in {1} minuto",
  "DueInHours": "Rok čez {0} h",
  "DueInHour": "Rok čez {0} uro",
  "DueInMinutes": "Rok čez {0} min",
  "DueInMinute": "Rok čez {0} minuto",
  "Send": "Pošlji anketo",
  "TitleBlankError": "Naslov ne more ostati prazen",
  "PollTitlePlaceholder": "Vnesite vprašanje ankete",
  "Settings": "Nastavitve",
  "BlankChoiceError": "Možnost ne more ostati prazna",
  "You": "Vi",
  "YetToRespond": "Toliko oseb mora še odgovoriti: {0}",
  "ResponseFetchError": "Odgovora ni mogoče dobiti. Poskusite znova.",
  "Back": "Nazaj",
  "ViewResponses": "Oglejte si odgovore",
  "Download": "Prenesi",
  "DownloadResponses": "Prenesi datoteko CSV",
  "DownloadYourResponses": "Prenesite vaš odziv",
  "DownloadImage": "Prenesi fotografijo",
  "ClosedOn": "Zaprto {0}",
  "ExpiredOn": "Poteklo {0}",
  "FeatureNotAvailable": "Ta funkcija trenutno ni na voljo",
  "OK": "V redu",
  "SelectADate": "Izberite datum ...",
  "SelectATime": "Izberite uro ...",
  "SomethingWentWrong": "Prišlo je do napake",
  "ChangeDueDate": "Spremeni datum zapadlosti",
  "ChangeDate": "Datum spremembe",
  "ClosePoll": "Zapri anketo",
  "DeletePoll": "Izbriši anketo",
  "ClosePollConfirmation": "Ali ste prepričani, da želite zaključiti to anketo?",
  "DeletePollConfirmation": "Ali ste prepričani, da želite izbrisati to anketo?",
  "Participation": "Sodelovanje {0} %",
  "BarPercentage": "{0} %",
  "ParticipationIndicatorSingular": "Odgovorilo je toliko oseb: {0} od {1}",
  "ParticipationIndicatorPlural": "Odgovorilo je toliko oseb: {0} od {1}",
  "Responders": "Sodelujoči",
  "NonResponders": "Še niso odgovorili",
  "NotResponded": "Niste odgovorili",
  "YourResponse": "Vaš odgovor: {0}",
  "VisibilityCreatorOnlyLabel": "Rezultate vidi le pošiljatelj te ankete",
  "Cancel": "Prekliči",
  "Change": "Spremeni",
  "Confirm": "Potrdi",
  "dueBy": "Rok do",
  "dueByDate": "Rok do {0}",
  "multipleResponses": "Dovoli več odgovorov",
  "responseOptions": "Možnosti odgovora",
  "resultsVisibleTo": "Rezultati so vidni",
  "resultsVisibleToAll": "Vsi",
  "resultsVisibleToSender": "Samo jaz",
  "datePickerPlaceholder": "Izberite datum ...",
  "timePickerPlaceholder": "Izberite uro ...",
  "PollResult": "Rezultat ankete – {0}",
  "UnknownMember": "Neznan član",
  "AddChoice": "Dodajte izbiro",
  "DeleteChoice": "Izbriši izbiro",
  "GotIt": "Razumem",
  "ChatLieErrorText": "Pošljite sporočilo, če želite začeti ta pogovor, in se nato vrnite na razdelek »Anketa«.",
  "DismissMenu": "Opusti meni",
  "MoreOptions": "Več možnosti",
  "PollOptions": "Možnosti ankete",
  "GenericError": "Pri vzpostavljanju povezave s to aplikacijo je prišlo do težave. Poskusite malce pozneje.",
  "PollDeletedError": "Ta anketa je izbrisana.",
  "PollDeletedErrorDescription": "Ta anketa ni več v uporabi, avtor jo je izbrisal.",
  "Close": "Zapri",
  "ResponderAccessibilityLabel": "Za datum {2} jih je toliko odgovorilo {1}: {0}",
  "OptionResponseAccessibility": "{0} – št. uporabnikov z dovoljenjem za odziv: {1}; {2}",
  "Next": "Naprej",
  "DeleteChoiceX": "Izbriši izbiro {0}",
  "ChangeDueBy": "Sprememba do",
  "DialogTalkback": "Pogovorno okno {0}. {1}",
  "NotRespondedLabel": "Niste odgovorili",
  "NotRespondedLabel.comment": "Sporočilo za osebe, ki niso ustvarjalci ankete, ko je vidljivost rezultatov nastavljena le na ustvarjalca, anketa je zaključena ali potekla, uporabnik pa ni odgovoril.",
  "PollDeleted": "Ta anketa je bila izbrisana",
  "PollClosed": "Anketa je zaključena",
  "PollExpired": "Anketa je potekla",
  "ResultEveryone": "Odgovori so vidni vsem",
  "ResultCreator": "Odgovore vidi le ustvarjalec",
  "Submit": "Oddajte glas",
  "Results": "Ogled rezultata",
  "BeTheFirstOneToRespond": "Bodite prvi, ki bo odgovoril na anketo",
  "OneResponded": "Odgovorila je oseba {0}",
  "TwoResponded": "Odgovorili sta osebi {0} in {1}",
  "ThreeResponded": "Odgovorili so {0}, {1} in {2}",
  "ThreeAndOneOtherResponded": "Odgovorili so {0}, {1}, {2} in 1 druga oseba",
  "ThreeAndOthersResponded": "Odgovorili so {0}, {1}, {2} in toliko drugih: {3}",
  "CreateNewPoll": "Ustvari novo anketo",
  "ResultsTitle": "Prikaži rezultat",
  "$manifest.name": "Anketa",
  "$manifest.views.LaunchView.header": "Ustvarjanje ankete",
  "$manifest.description": "Vprašajte in pridobite mnenje ljudi",
  "$manifest.msTeamsProps.name.short": "Anketa",
  "$manifest.msTeamsProps.name.full": "Anketa",
  "$manifest.msTeamsProps.description.short": "Vprašajte in pridobite mnenje ljudi",
  "$manifest.msTeamsProps.description.full": "Pridobite mnenje svoje ekipe, tako da v klepetu ali kanalu ustvarite anketo.​ Aplikacijo poiščite v razdelku »… « pod poljem za sestavljanje sporočil​ Vnesite vprašanje in možne odgovore, in že ste nared. Spremljajte sodelovanje, tako da sledite odgovorom. Prenesite rezultate ankete, ki jih želite deliti s sodelavci."
}