{
  "Choice": "Opció {0}",
  "ResultsVisibilitySettingsSummaryEveryone": "Resultats visibles per a tothom",
  "ResultsVisibilitySettingsSummarySenderOnly": "Resultats visibles només per a mi",
  "DueInYears": "Venç d'aquí {0} anys",
  "DueInYear": "Venç d'aquí {0} any",
  "DueInMonths": "Venç d'aquí {0} mesos",
  "DueInMonth": "Venç d'aquí {0} mes",
  "DueInWeeks": "Venç d'aquí {0} setmanes",
  "DueInWeek": "Venç d'aquí {0} setmana",
  "DueInDays": "Venç d'aquí {0} dies",
  "DueInDay": "Venç d'aquí {0} dia",
  "DueInHoursAndMinutes": "Venç d'aquí {0} hores i {1} minuts",
  "DueInHourAndMinutes": "Venç d'aquí {0} hores i {1} minuts",
  "DueInHoursAndMinute": "Venç d'aquí {0} hores i {1} minut",
  "DueInHourAndMinute": "Venç d'aquí {0} hora i {1} minut",
  "DueInHours": "Venç d'aquí {0} hores",
  "DueInHour": "Venç d'aquí {0} hora",
  "DueInMinutes": "Venç d'aquí {0} minuts",
  "DueInMinute": "Venç d'aquí {0} minut",
  "Send": "Envia l'enquesta",
  "TitleBlankError": "No es pot deixar el títol en blanc",
  "PollTitlePlaceholder": "Introdueix la pregunta de l'enquesta",
  "Settings": "Configuració",
  "BlankChoiceError": "No es pot deixar l'opció en blanc",
  "You": "L'usuari",
  "YetToRespond": "{0} persones encara no han respost",
  "ResponseFetchError": "Ha fallat l'obtenció de la resposta. Torneu-ho a provar.",
  "Back": "Enrere",
  "ViewResponses": "Visualitza les respostes",
  "Download": "Baixa",
  "DownloadResponses": "Descarrega el fitxer CSV",
  "DownloadYourResponses": "Baixa la Resposta de l'usuari",
  "DownloadImage": "Descarrega la imatge",
  "ClosedOn": "Es tanca el {0}",
  "ExpiredOn": "Ha caducat el {0}",
  "FeatureNotAvailable": "Aquesta característica no està disponible actualment",
  "OK": "D’acord",
  "SelectADate": "Seleccioneu una data...",
  "SelectATime": "Seleccioneu una hora...",
  "SomethingWentWrong": "Alguna cosa no ha anat bé",
  "ChangeDueDate": "Canvia la data de venciment",
  "ChangeDate": "Canvia la data",
  "ClosePoll": "Tanca l'enquesta",
  "DeletePoll": "Suprimeix l'enquesta",
  "ClosePollConfirmation": "Segur que voleu tancar aquesta enquesta?",
  "DeletePollConfirmation": "Segur que voleu suprimir aquesta enquesta?",
  "Participation": "Participació del {0} %",
  "BarPercentage": "{0} %",
  "ParticipationIndicatorSingular": "{0} de {1} han respost",
  "ParticipationIndicatorPlural": "{0} de {1} han respost",
  "Responders": "Persones que han respost",
  "NonResponders": "Encara per respondre",
  "NotResponded": "No heu respost",
  "YourResponse": "La teva resposta: {0}",
  "VisibilityCreatorOnlyLabel": "Resultats visibles només per a l'emissor d'aquest sondeig",
  "Cancel": "Cancel·la",
  "Change": "Canvia",
  "Confirm": "Confirma",
  "dueBy": "Venç el",
  "dueByDate": "Venç el {0}",
  "multipleResponses": "Permet diverses respostes",
  "responseOptions": "Opcions de resposta",
  "resultsVisibleTo": "Resultats visibles per a",
  "resultsVisibleToAll": "Tothom",
  "resultsVisibleToSender": "Només jo",
  "datePickerPlaceholder": "Seleccioneu una data...",
  "timePickerPlaceholder": "Seleccioneu una hora...",
  "PollResult": "Resultat de l'enquesta: {0}",
  "UnknownMember": "Membre desconegut",
  "AddChoice": "Afegeix una opció",
  "DeleteChoice": "Suprimeix la selecció",
  "GotIt": "Entesos",
  "ChatLieErrorText": "Envia un missatge per encetar la conversa i, tot seguit, torna a Sondeig",
  "DismissMenu": "Descarta el menú",
  "MoreOptions": "Més opcions",
  "PollOptions": "Opcions de l'enquesta",
  "GenericError": "S'ha produït un problema en accedir a aquesta aplicació. Proveu-ho d'aquí a una estona.",
  "PollDeletedError": "Aquest sondeig s'ha suprimit.",
  "PollDeletedErrorDescription": "Aquesta sondeig ja no és rellevant i el creador l’ha suprimit.",
  "Close": "Tanca",
  "ResponderAccessibilityLabel": "{0} va respondre {1} el dia {2}",
  "OptionResponseAccessibility": "{0}, {1} enquestats, {2}",
  "Next": "Següent",
  "DeleteChoiceX": "Suprimeix la selecció {0}",
  "ChangeDueBy": "Data límit dels canvis",
  "DialogTalkback": "Quadre de diàleg {0}. {1}",
  "NotRespondedLabel": "No heu respost",
  "NotRespondedLabel.comment": "Missatge per als no creadors del sondeig quan la visibilitat dels resultats s'ha definit com a només el creador i el sondeig està tancat o caducat i l'usuari no ha respost",
  "PollDeleted": "Aquesta enquesta s'ha suprimit",
  "PollClosed": "Enquesta tancada",
  "PollExpired": "Enquesta caducada",
  "ResultEveryone": "Tothom pot veure les respostes",
  "ResultCreator": "Només el creador pot veure les respostes",
  "Submit": "Envia el vot",
  "Results": "Mostra el resultat",
  "BeTheFirstOneToRespond": "Sigueu la primera persona a respondre l'enquesta",
  "OneResponded": "{0} ha respost",
  "TwoResponded": "{0} i {1} han respost",
  "ThreeResponded": "{0}, {1} i {2} han respost",
  "ThreeAndOneOtherResponded": "{0}, {1}, {2} i 1 persona més han respost",
  "ThreeAndOthersResponded": "{0}, {1}, {2} i {3} persones més han respost",
  "CreateNewPoll": "Creació d'un sondeig",
  "ResultsTitle": "Visualització del resultat",
  "$manifest.name": "Sondeig",
  "$manifest.views.LaunchView.header": "Creació d'una enquesta",
  "$manifest.description": "Feu una pregunta i rebeu l'opinió dels usuaris",
  "$manifest.msTeamsProps.name.short": "Sondeig",
  "$manifest.msTeamsProps.name.full": "Sondeig",
  "$manifest.msTeamsProps.description.short": "Feu una pregunta i rebeu l'opinió dels usuaris",
  "$manifest.msTeamsProps.description.full": "Obteniu l'opinió del vostre equip creant una enquesta en un xat o canal.​ Cerqueu l'aplicació a \"…\" sota el quadre de redacció de missatges​. Introduïu la pregunta i les opcions, i ja haureu acabat. Manteniu-vos al dia de la participació fent un seguiment de les respostes. Baixeu els resultats de l'enquesta per compartir-los amb els companys de feina."
}