{
  "Choice": "પસંદગી {0}",
  "ResultsVisibilitySettingsSummaryEveryone": "દરેક લોકો માટે પરિણામો દૃશ્યમાન છે",
  "ResultsVisibilitySettingsSummarySenderOnly": "પરિણામો ફક્ત મારા માટે દૃશ્યમાન છે",
  "DueInYears": "{0} વર્ષમાં નિયત",
  "DueInYear": "{0} વર્ષમાં નિયત",
  "DueInMonths": "{0} મહિનામાં નિયત",
  "DueInMonth": "{0} મહિનામાં નિયત",
  "DueInWeeks": "{0} અઠવાડિયામાં નિયત",
  "DueInWeek": "{0} અઠવાડિયામાં નિયત",
  "DueInDays": "{0} દિવસમાં નિયત",
  "DueInDay": "{0} દિવસમાં નિયત",
  "DueInHoursAndMinutes": "{0} કલાક, {1} મિનિટમાં નિયત",
  "DueInHourAndMinutes": "{0} કલાક, {1} મિનિટમાં નિયત",
  "DueInHoursAndMinute": "{0} કલાક, {1} મિનિટમાં નિયત",
  "DueInHourAndMinute": "{0} કલાક, {1} મિનિટમાં નિયત",
  "DueInHours": "{0} કલાકમાં નિયત",
  "DueInHour": "{0} કલાકમાં નિયત",
  "DueInMinutes": "{0} મિનિટમાં નિયત",
  "DueInMinute": "{0} મિનિટમાં નિયત",
  "Send": "પોલ મોકલો",
  "TitleBlankError": "શીર્ષક ખાલી છોડી શકાતું નથી",
  "PollTitlePlaceholder": "તમારો પોલ પ્રશ્ન દાખલ કરો",
  "Settings": "સેટિંગ્સ",
  "BlankChoiceError": "પસંદગી ખાલી છોડી શકાતી નથી",
  "You": "તમે",
  "YetToRespond": "{0} એ હજુ સુધી પ્રતિસાદ આપ્યો નથી",
  "ResponseFetchError": "પ્રતિસાદ લાવવામાં નિષ્ફળ. ફરી પ્રયાસ કરો.",
  "Back": "પાછળ",
  "ViewResponses": "પ્રતિસાદો જુઓ",
  "Download": "ડાઉનલોડ કરો",
  "DownloadResponses": "CSV ડાઉનલોડ કરો",
  "DownloadYourResponses": "તમારો પ્રતિસાદ ડાઉનલોડ કરો",
  "DownloadImage": "ઇમેજ ડાઉનલોડ કરો",
  "ClosedOn": "{0} પર બંધ",
  "ExpiredOn": "{0} પર સમય સીમા સમાપ્ત",
  "FeatureNotAvailable": "આ સુવિધા વર્તમાનમાં ઉપલબ્ધ નથી",
  "OK": "ઠીક",
  "SelectADate": "તારીખ પસંદ કરો...",
  "SelectATime": "સમય પસંદ કરો...",
  "SomethingWentWrong": "કંઈક ખોટું થયું",
  "ChangeDueDate": "નિયત તારીખ બદલો",
  "ChangeDate": "તારીખ બદલો",
  "ClosePoll": "મતદાન બંધ કરો",
  "DeletePoll": "પોલ હટાવો",
  "ClosePollConfirmation": "શું તમે ખરેખર આ પોલને બંધ કરવા માંગો છો?",
  "DeletePollConfirmation": "શું તમે ખરેખર આ પોલને હટાવવા માંગો છો?",
  "Participation": "ભાગીદારી {0}%",
  "BarPercentage": "{0}%",
  "ParticipationIndicatorSingular": "{0} માંથી {1} એ પ્રતિસાદ આપ્યો",
  "ParticipationIndicatorPlural": "{0} માંથી {1} એ પ્રતિસાદ આપ્યો",
  "Responders": "પ્રતિક્રિયા આપનારા",
  "NonResponders": "હજુ સુધી જવાબ આપ્યો નથી",
  "NotResponded": "તમે પ્રતિસાદ આપ્યો નથી",
  "YourResponse": "તમારો પ્રતિસાદ: {0}",
  "VisibilityCreatorOnlyLabel": "પરિણામો ફક્ત આ મતદાન મોકલનારને દેખાશે",
  "Cancel": "રદ કરો",
  "Change": "બદલો",
  "Confirm": "પુષ્ટિ કરો",
  "dueBy": "આ તારીખ સુધી નિયત",
  "dueByDate": "{0} સુધી નિયત",
  "multipleResponses": "બહુવિધ પ્રતિસાદની પરવાનગી આપો",
  "responseOptions": "પ્રતિસાદ વિકલ્પો",
  "resultsVisibleTo": "આમને પરિણામો દેખાશે",
  "resultsVisibleToAll": "દરેકને",
  "resultsVisibleToSender": "ફક્ત મને",
  "datePickerPlaceholder": "તારીખ પસંદ કરો...",
  "timePickerPlaceholder": "સમય પસંદ કરો...",
  "PollResult": "પોલ પરિણામ - {0}",
  "UnknownMember": "અક્ષાત સદસ્ય",
  "AddChoice": "પસંદગી ઍડ કરો",
  "DeleteChoice": "પસંદગી હટાવો",
  "GotIt": "સમજાઈ ગયું",
  "ChatLieErrorText": "આ વાતચીતનો પ્રારંભ કરવા માટે એક સંદેશ મોકલો અને પછી મતદાન આપવા માટે પાછા આવો",
  "DismissMenu": "મેનૂ કાઢી નાંખો",
  "MoreOptions": "વધુ વિકલ્પો",
  "PollOptions": "પોલ વિકલ્પો",
  "GenericError": "આ એપ્લિકેશન સુધી પહોંચવામાં સમસ્યા આવી હતી. કૃપયા થોડીવાર પછી ફરી પ્રયાસ કરો.",
  "PollDeletedError": "આ પોલ હટાવવામાં આવેલ છે.",
  "PollDeletedErrorDescription": "આ પોલ વધુ સુસંગત નથી અને નિર્માતા દ્વારા હટાવવામાં આવ્યું છે.",
  "Close": "બંધ કરો",
  "ResponderAccessibilityLabel": "{0} એ {2} ના રોજ {1} નો જવાબ આપ્યો",
  "OptionResponseAccessibility": "{0}, {1} જવાબ આપનારા, {2}",
  "Next": "આગલું",
  "DeleteChoiceX": "પસંદ {0} હટાવો",
  "ChangeDueBy": "આ રોજ સુધીમાં નિયત પરીવર્તન",
  "DialogTalkback": "{0} સંવાદ. {1}",
  "NotRespondedLabel": "તમે પ્રતિસાદ ન આપ્યો",
  "NotRespondedLabel.comment": "જ્યારે પરિણામ દ્રશ્યતા માત્ર નિર્માતા પર સેટ કરેલી હોય અને મતદાન બંધ હોય અથવા સમાપ્ત થઇ ગયું હોય અને ઉપયોગકર્તાએ પ્રતિસાદ ન આપ્યો હોય ત્યારે મતદાનનાં બિન નિર્માતાઓ માટે સંદેશ",
  "PollDeleted": "આ પોલ હટાવવામાં આવેલ છે",
  "PollClosed": "પોલ બંધ",
  "PollExpired": "પોલની સમય સીમા સમાપ્ત થઈ",
  "ResultEveryone": "પ્રતિસાદો દરેક લોકોને જ દેખાશે",
  "ResultCreator": "પ્રતિસાદો ફક્ત નિર્માતાને જ દેખાશે",
  "Submit": "મત સબમિટ કરો",
  "Results": "પરિણામ જુઓ",
  "BeTheFirstOneToRespond": "પોલમાં ભાગ લેનાર પ્રથમ વ્યક્તિ બનો",
  "OneResponded": "{0} એ પ્રતિસાદ આપ્યો",
  "TwoResponded": "{0} અને {1} એ પ્રતિસાદ આપ્યો",
  "ThreeResponded": "{0}, {1} અને {2} એ પ્રતિસાદ આપ્યો",
  "ThreeAndOneOtherResponded": "{0}, {1}, {2} અને 1 અન્યએ પ્રતિસાદ આપ્યો",
  "ThreeAndOthersResponded": "{0}, {1}, {2} અને {3} અન્ય લોકોએ પ્રતિસાદ આપ્યો",
  "CreateNewPoll": "નવું પોલ બનાવો",
  "ResultsTitle": "પરિણામ દૃશ્ય",
  "$manifest.name": "પોલ",
  "$manifest.views.LaunchView.header": "મતદાન બનાવો",
  "$manifest.description": "પ્રશ્ન પૂછો અને લોકોનો અભિપ્રાય મેળવો",
  "$manifest.msTeamsProps.name.short": "પોલ",
  "$manifest.msTeamsProps.name.full": "પોલ",
  "$manifest.msTeamsProps.description.short": "પ્રશ્ન પૂછો અને લોકોનો અભિપ્રાય મેળવો",
  "$manifest.msTeamsProps.description.full": "ચૅટ અથવા ચેનલમાં પોલ બનાવીને તમારી ટીમનો અભિપ્રાય મેળવો. ​ સંદેશ લખો બૉક્સ હેઠળ '…' માં એપ્લિકેશન શોધી કાઢો​. તમારા પ્રશ્નો અને વિકલ્પો દાખલ કરો અને હવે તમે આગળ વધવા તૈયાર છ. પ્રતિસાદોને ટ્રેક કરીને ટોચના સહભાગી બન. તમારા સહ-કર્મચારીઓ સાથે શેર કરવા માટે પોલ પરિણામો ડાઉનલોડ કરો."
}