{
  "Choice": "Auswahl {0}",
  "ResultsVisibilitySettingsSummaryEveryone": "Ergebnisse für alle sichtbar",
  "ResultsVisibilitySettingsSummarySenderOnly": "Nur für mich sichtbare Ergebnisse",
  "DueInYears": "In {0} Jahren fällig",
  "DueInYear": "In {0} Jahr fällig",
  "DueInMonths": "In {0} Monaten fällig",
  "DueInMonth": "In {0} Monat fällig",
  "DueInWeeks": "In {0} Wochen fällig",
  "DueInWeek": "In {0} Woche fällig",
  "DueInDays": "In {0} Tagen fällig",
  "DueInDay": "In {0} Tag fällig",
  "DueInHoursAndMinutes": "In {0} Stunden und {1} Minuten fällig",
  "DueInHourAndMinutes": "In {0} Stunde und {1} Minuten fällig",
  "DueInHoursAndMinute": "In {0} Stunden und {1} Minute fällig",
  "DueInHourAndMinute": "In {0} Stunde und {1} Minute fällig",
  "DueInHours": "In {0} Stunden fällig",
  "DueInHour": "In {0} Stunde fällig",
  "DueInMinutes": "In {0} Minuten fällig",
  "DueInMinute": "In {0} Minute fällig",
  "Send": "Abstimmung senden",
  "TitleBlankError": "Der Titel kann nicht leer sein.",
  "PollTitlePlaceholder": "Abstimmungsfrage eingeben",
  "Settings": "Einstellungen",
  "BlankChoiceError": "Die Auswahl kann nicht leer sein.",
  "You": "Sie",
  "YetToRespond": "{0} müssen noch antworten.",
  "ResponseFetchError": "Fehler beim Abrufen von Antworten. Wiederholen.",
  "Back": "Zurück",
  "ViewResponses": "Antworten anzeigen",
  "Download": "Herunterladen",
  "DownloadResponses": "CSV herunterladen",
  "DownloadYourResponses": "Ihre Antwort herunterladen",
  "DownloadImage": "Bild herunterladen",
  "ClosedOn": "Geschlossen am {0}.",
  "ExpiredOn": "Abgelaufen am {0}.",
  "FeatureNotAvailable": "Diese Funktion ist derzeit nicht verfügbar.",
  "OK": "OK",
  "SelectADate": "Datum auswählen...",
  "SelectATime": "Uhrzeit auswählen...",
  "SomethingWentWrong": "Da hat etwas nicht geklappt.",
  "ChangeDueDate": "Fälligkeitsdatum ändern",
  "ChangeDate": "Datum ändern",
  "ClosePoll": "Abstimmung schließen",
  "DeletePoll": "Abstimmung löschen",
  "ClosePollConfirmation": "Möchten Sie diese Abstimmung schließen?",
  "DeletePollConfirmation": "Möchtest Sie diese Abstimmung löschen?",
  "Participation": "Beteiligung {0} %",
  "BarPercentage": "{0} %",
  "ParticipationIndicatorSingular": "{0} von {1} hat geantwortet.",
  "ParticipationIndicatorPlural": "{0} von {1} haben geantwortet.",
  "Responders": "Antwortende",
  "NonResponders": "Antwort steht noch aus",
  "NotResponded": "Sie haben nicht geantwortet.",
  "YourResponse": "Ihre Antwort: {0}",
  "VisibilityCreatorOnlyLabel": "Ergebnisse nur für Absender dieser Abstimmung sichtbar",
  "Cancel": "Abbrechen",
  "Change": "Ändern",
  "Confirm": "Bestätigen",
  "dueBy": "Fällig am",
  "dueByDate": "Fällig am {0}",
  "multipleResponses": "Mehrere Antworten zulassen",
  "responseOptions": "Antwortoptionen",
  "resultsVisibleTo": "Ergebnisse sichtbar für",
  "resultsVisibleToAll": "Jeder",
  "resultsVisibleToSender": "Nur ich",
  "datePickerPlaceholder": "Datum auswählen...",
  "timePickerPlaceholder": "Uhrzeit auswählen...",
  "PollResult": "Ergebnis der Abstimmung – {0}",
  "UnknownMember": "Unbekanntes Mitglied",
  "AddChoice": "Auswahl hinzufügen",
  "DeleteChoice": "Auswahl löschen",
  "GotIt": "Alles klar",
  "ChatLieErrorText": "Senden Sie eine Nachricht, um diese Unterhaltung zu starten, und kehren Sie dann zur Abstimmung zurück.",
  "DismissMenu": "Menü schließen",
  "MoreOptions": "Weitere Optionen",
  "PollOptions": "Abstimmungsoptionen",
  "GenericError": "Problem beim Erreichen dieser App. Versuchen Sie es bitte später noch mal.",
  "PollDeletedError": "Diese Abstimmung wurde gelöscht.",
  "PollDeletedErrorDescription": "Diese Abstimmung ist nicht mehr relevant und wurde vom Ersteller gelöscht.",
  "Close": "Schließen",
  "ResponderAccessibilityLabel": "{0} hat mit \"{1}\" am {2} geantwortet.",
  "OptionResponseAccessibility": "{0}, {1} Antwortende, {2}",
  "Next": "Weiter",
  "DeleteChoiceX": "Auswahl {0} löschen",
  "ChangeDueBy": "Änderung fällig am",
  "DialogTalkback": "Dialogfeld\"{0}\". {1}",
  "NotRespondedLabel": "Sie haben nicht geantwortet.",
  "NotRespondedLabel.comment": "Nachricht für Nicht-Ersteller von Abstimmungen, wenn die Ergebnissichtbarkeit auf „Nur Ersteller“ festgelegt ist und die Abstimmung abgeschlossen oder abgelaufen ist und der Benutzer nicht geantwortet hat.",
  "PollDeleted": "Diese Abstimmung wurde gelöscht.",
  "PollClosed": "Abstimmung geschlossen.",
  "PollExpired": "Abstimmung abgelaufen.",
  "ResultEveryone": "Antworten sind für alle sichtbar.",
  "ResultCreator": "Antworten sind nur für den Ersteller sichtbar.",
  "Submit": "Abstimmen",
  "Results": "Ergebnis anzeigen",
  "BeTheFirstOneToRespond": "Nehmen Sie als Erster an dieser Abstimmung teil",
  "OneResponded": "{0} hat geantwortet.",
  "TwoResponded": "{0} und {1} haben geantwortet.",
  "ThreeResponded": "{0}, {1} und {2} haben geantwortet.",
  "ThreeAndOneOtherResponded": "{0}, {1}, {2} und 1 anderer haben geantwortet.",
  "ThreeAndOthersResponded": "{0}, {1}, {2} und {3} andere haben geantwortet.",
  "CreateNewPoll": "Neue Umfrage erstellen",
  "ResultsTitle": "Ergebnisanzeige",
  "$manifest.name": "Abstimmung",
  "$manifest.views.LaunchView.header": "Umfrage erstellen",
  "$manifest.description": "Eine Frage stellen und die Meinung der Leute einholen",
  "$manifest.msTeamsProps.name.short": "Abstimmung",
  "$manifest.msTeamsProps.name.full": "Abstimmung",
  "$manifest.msTeamsProps.description.short": "Eine Frage stellen und die Meinung der Leute einholen",
  "$manifest.msTeamsProps.description.full": "Holen Sie sich die Meinung Ihres Teams, indem Sie in einem Chat oder Kanal eine Umfrage erstellen.​ Suchen Sie die App in \"…\" unter dem Feld zum Verfassen von Nachrichten​. Geben Sie Ihre Frage und Auswahl ein, und es kann weitergehen. Bleiben Sie auf dem Laufenden, indem Sie Antworten nachverfolgen. Laden Sie das Umfrageergebnis herunter, um es mit Ihren Kollegen zu teilen."
}