{"name.short":"Apklausa","name.full":"Apklausa","composeExtensions[0].commands[0].title":"Kurti apklausą","description.short":"Užduokite klausimą ir sužinokite žmonių nuomonę","description.full":"Sužinokite savo komandos nuomonę, sukurdami apklausą pokalbyje arba kanale.​ Raskite programą pasirinkę …“ po pranešimo kūrimo lauku​. Įveskite savo klausimą ir pasirinkimus ir tai viskas. Matykite, kaip vyksta dalyvavimas, stebėdami atsakymus. Atsisiųskite apklausos rezultatą, kad galėtumėte bendrinti su kolegomis."}