{
  "Choice": "Choix {0}",
  "ResultsVisibilitySettingsSummaryEveryone": "Résultats visibles par tout le monde",
  "ResultsVisibilitySettingsSummarySenderOnly": "Résultats visibles par moi uniquement",
  "DueInYears": "Dû dans {0} ans",
  "DueInYear": "Échéance dans {0} an",
  "DueInMonths": "Dû dans {0} mois",
  "DueInMonth": "Dû dans {0} mois",
  "DueInWeeks": "Dû dans {0} semaines",
  "DueInWeek": "Dû dans {0} semaine",
  "DueInDays": "Échéance dans {0} jours",
  "DueInDay": "Dû dans {0} jour",
  "DueInHoursAndMinutes": "Dû dans {0} heures et {1} minutes",
  "DueInHourAndMinutes": "Échéance dans {0} heure et {1} minutes",
  "DueInHoursAndMinute": "Échéance dans {0} heures et {1} minute",
  "DueInHourAndMinute": "Dû dans {0} heure et {1} minute",
  "DueInHours": "Échéance dans {0} heures",
  "DueInHour": "Dû dans {0} heure",
  "DueInMinutes": "Dû dans {0} minutes",
  "DueInMinute": "Échéance dans {0} minute",
  "Send": "Envoyer le sondage",
  "TitleBlankError": "Le titre ne peut pas rester vide",
  "PollTitlePlaceholder": "Entrez la question du sondage",
  "Settings": "Paramètres",
  "BlankChoiceError": "Le choix ne peut pas être vide",
  "You": "Vous",
  "YetToRespond": "{0} doivent encore répondre",
  "ResponseFetchError": "Échec de la récupération de la réponse. Réessayez.",
  "Back": "Précédent",
  "ViewResponses": "Voir les réponses",
  "Download": "Télécharger",
  "DownloadResponses": "Télécharger le CSV",
  "DownloadYourResponses": "Télécharger votre réponse",
  "DownloadImage": "Télécharger l'image",
  "ClosedOn": "Fermé le {0}",
  "ExpiredOn": "A expiré le {0}",
  "FeatureNotAvailable": "Cette fonctionnalité n'est actuellement pas disponible",
  "OK": "Ok",
  "SelectADate": "Sélectionnez une date...",
  "SelectATime": "Sélectionnez une heure...",
  "SomethingWentWrong": "Un problème est survenu",
  "ChangeDueDate": "Modifier la date d'échéance",
  "ChangeDate": "Modifier la date",
  "ClosePoll": "Fermer le sondage",
  "DeletePoll": "Supprimer le sondage",
  "ClosePollConfirmation": "Êtes-vous certain de vouloir fermer ce sondage?",
  "DeletePollConfirmation": "Voulez-vous vraiment supprimer ce sondage?",
  "Participation": "Participation {0}%",
  "BarPercentage": "{0}%",
  "ParticipationIndicatorSingular": "{0} sur {1} ont répondu",
  "ParticipationIndicatorPlural": "{0} sur {1} ont répondu",
  "Responders": "Répondants",
  "NonResponders": "N'a pas encore répondu",
  "NotResponded": "Vous n’avez pas répondu",
  "YourResponse": "Votre réponse : {0}",
  "VisibilityCreatorOnlyLabel": "Les résultats sont visibles uniquement par l'expéditeur de ce sondage",
  "Cancel": "Annuler",
  "Change": "Modifier",
  "Confirm": "Confirmer",
  "dueBy": "Dû le",
  "dueByDate": "Dû le {0}",
  "multipleResponses": "Autoriser plusieurs réponses",
  "responseOptions": "Options de réponse",
  "resultsVisibleTo": "Résultats visibles par",
  "resultsVisibleToAll": "Tous",
  "resultsVisibleToSender": "Moi seulement",
  "datePickerPlaceholder": "Sélectionnez une date...",
  "timePickerPlaceholder": "Sélectionnez une heure...",
  "PollResult": "Résultat du sondage - {0}",
  "UnknownMember": "Membre inconnu",
  "AddChoice": "Ajouter un choix",
  "DeleteChoice": "Supprimer le choix",
  "GotIt": "J’ai compris",
  "ChatLieErrorText": "Envoyer un message pour démarrer cette conversation, puis revenez à l'enquête.",
  "DismissMenu": "Ignorer le menu",
  "MoreOptions": "Options supplémentaires",
  "PollOptions": "Options de sondage",
  "GenericError": "Nous avons rencontré un problème lors de la tentative de récupération de cette appli. Veuillez réessayer plus tard.",
  "PollDeletedError": "Ce sondage a été supprimé.",
  "PollDeletedErrorDescription": "Ce sondage n’est plus pertinent et a été supprimé par son créateur.",
  "Close": "Fermer",
  "ResponderAccessibilityLabel": "{0} a répondu {1} le {2}",
  "OptionResponseAccessibility": "{0}, {1} répondants, {2}",
  "Next": "Suivant",
  "DeleteChoiceX": "Supprimer le choix {0}",
  "ChangeDueBy": "Modifier l'échéance",
  "DialogTalkback": "{0} boîte de dialogue. {1}",
  "NotRespondedLabel": "Vous n’avez pas répondu",
  "NotRespondedLabel.comment": "Message pour les personnes qui ne sont pas des créateurs de sondage lorsque la visibilité des résultats est définie sur créateur uniquement et le sondage est fermé ou expiré et l’utilisateur n’a pas répondu",
  "PollDeleted": "Ce sondage a été supprimé",
  "PollClosed": "Le sondage est fermé",
  "PollExpired": "Le sondage a expiré",
  "ResultEveryone": "Tout le monde peut voir les réponses",
  "ResultCreator": "Seul le créateur peut voir les réponses",
  "Submit": "Soumettre le vote",
  "Results": "Voir le résultat",
  "BeTheFirstOneToRespond": "Soyez le premier ou la première à répondre à ce sondage",
  "OneResponded": "{0} ont répondu",
  "TwoResponded": "{0} et {1} ont répondu",
  "ThreeResponded": "{0}, {1} et {2} ont répondu",
  "ThreeAndOneOtherResponded": "{0}, {1}, {2} et 1 autre ont répondu",
  "ThreeAndOthersResponded": "{0}, {1}, {2} et {3} autres ont répondu",
  "CreateNewPoll": "Créer un nouveau sondage",
  "ResultsTitle": "Affichage des résultats",
  "$manifest.name": "Sondage",
  "$manifest.views.LaunchView.header": "Créer un sondage",
  "$manifest.description": "Poser une question et solliciter l'avis des autres",
  "$manifest.msTeamsProps.name.short": "Sondage",
  "$manifest.msTeamsProps.name.full": "Sondage",
  "$manifest.msTeamsProps.description.short": "Poser une question et solliciter l'avis des autres",
  "$manifest.msTeamsProps.description.full": "Obtenez l’opinion de votre équipe en créant un sondage dans une session de clavardage ou un canal.​ Recherchez l’application dans «…» sous la zone de composition du message​. Entrez votre question et vos choix et le tour est joué. Maintenez une emprise sur la participation en suivant les réponses. Téléchargez les résultats du sondage pour les partager avec vos collègues."
}