{"name.short":"పోల్","name.full":"పోల్","composeExtensions[0].commands[0].title":"పోల్‌ని సృష్టించు","description.short":"ప్రశ్నను అడిగి, వ్యక్తుల అభిప్రాయాన్ని పొందండి","description.full":"చాట్ లేదా ఛానెల్ లో పోల్ ను సృష్టించడం ద్వారా మీ బృందం అభిప్రాయాన్ని పొందండి.​ సందేశం కంపోజ్ బాక్స్ క్రింద '…' లో అప్లికేషన్ ను కనుగొనండి​. మీ ప్రశ్న మరియు ఎంపికలను నమోదు చేయండి మరియు మీరు ప్రారంభించవచ్చు. ప్రతిస్పందనలను ట్రాక్ చేయడం ద్వారా పాల్గొనడం చూసుకోండి. మీ సహోద్యోగులతో భాగస్వామ్యం చేయడానికి పోల్ ఫలితాన్ని డౌన్ లోడ్ చేయండి."}