{"name.short":"Ankieta","name.full":"Ankieta","composeExtensions[0].commands[0].title":"Utwórz ankietę","description.short":"Zadaj pytanie i uzyskaj opinię innych osób","description.full":"Poznaj opinie swojego zespołu, tworząc sondę na czacie lub kanale.​ Znajdź aplikację w folderze „…” poniżej pola redagowania wiadomości​. Wprowadź pytania oraz możliwe wybory i gotowe. Monitoruj uczestnictwo przez śledzenie odpowiedzi. Pobierz wyniki sondy, aby udostępnić je współpracownikom."}