{
  "Choice": "Варіант {0}",
  "ResultsVisibilitySettingsSummaryEveryone": "Результати бачать усі",
  "ResultsVisibilitySettingsSummarySenderOnly": "Результати бачу тільки я",
  "DueInYears": "Термін минає через {0} р.",
  "DueInYear": "Термін минає через {0} рік",
  "DueInMonths": "Термін минає через {0} міс.",
  "DueInMonth": "Термін минає через {0} місяць",
  "DueInWeeks": "Термін минає через {0} тижн.",
  "DueInWeek": "Термін минає через {0} тиждень",
  "DueInDays": "Термін минає через {0} дн.",
  "DueInDay": "Термін минає через {0} день",
  "DueInHoursAndMinutes": "Термін минає через {0} год. і {1} хв.",
  "DueInHourAndMinutes": "Термін минає через {0} годину та {1} хв.",
  "DueInHoursAndMinute": "Термін минає через {0} год. і {1} хвилину",
  "DueInHourAndMinute": "Термін минає через {0} годину та {1} хвилину",
  "DueInHours": "Термін минає через {0} год.",
  "DueInHour": "Термін минає через {0} годину",
  "DueInMinutes": "Термін минає через {0} хв.",
  "DueInMinute": "Термін минає через {0} хвилину",
  "Send": "Надіслати опитування",
  "TitleBlankError": "Назва не може бути пуста",
  "PollTitlePlaceholder": "Введіть запитання для опитування",
  "Settings": "Параметри",
  "BlankChoiceError": "Варіант вибору не може бути пустим",
  "You": "Ви",
  "YetToRespond": "Ще не відповіли: {0}",
  "ResponseFetchError": "Не вдалось отримати відповідь. Спробуйте ще раз.",
  "Back": "Назад",
  "ViewResponses": "Переглянути відповіді",
  "Download": "Завантаження",
  "DownloadResponses": "Завантажити CSV-файл",
  "DownloadYourResponses": "Завантажити відповідь",
  "DownloadImage": "Завантажити зображення",
  "ClosedOn": "Закрито: {0}",
  "ExpiredOn": "Дія припинилася: {0}",
  "FeatureNotAvailable": "Ця функція зараз недоступна",
  "OK": "OK",
  "SelectADate": "Виберіть дату…",
  "SelectATime": "Виберіть час…",
  "SomethingWentWrong": "Сталася помилка",
  "ChangeDueDate": "Змінити термін",
  "ChangeDate": "Змінити дату",
  "ClosePoll": "Закрити опитування",
  "DeletePoll": "Видалити опитування",
  "ClosePollConfirmation": "Справді закрити це опитування?",
  "DeletePollConfirmation": "Справді видалити це опитування?",
  "Participation": "Участь: {0}%",
  "BarPercentage": "{0}%",
  "ParticipationIndicatorSingular": "Відповіли: {0} із {1}",
  "ParticipationIndicatorPlural": "Відповіли: {0} із {1}",
  "Responders": "Відповіли",
  "NonResponders": "Відповіді ще немає",
  "NotResponded": "Ви ще не відповіли",
  "YourResponse": "Ваша відповідь: {0}",
  "VisibilityCreatorOnlyLabel": "Результати бачить тільки відправник цього опитування",
  "Cancel": "Скасувати",
  "Change": "Змінити",
  "Confirm": "Підтвердити",
  "dueBy": "Термін",
  "dueByDate": "Термін: {0}",
  "multipleResponses": "Дозволити кілька відповідей",
  "responseOptions": "Варіанти відповіді",
  "resultsVisibleTo": "Хто бачить результати",
  "resultsVisibleToAll": "Усі",
  "resultsVisibleToSender": "Лише я",
  "datePickerPlaceholder": "Виберіть дату…",
  "timePickerPlaceholder": "Виберіть час…",
  "PollResult": "Результат опитування – {0}",
  "UnknownMember": "Невідомий учасник",
  "AddChoice": "Додати варіант вибору",
  "DeleteChoice": "Видалити варіант",
  "GotIt": "Зрозуміло",
  "ChatLieErrorText": "Надішліть повідомлення, щоб розпочати цю розмову, а потім поверніться до опитування.",
  "DismissMenu": "Закрити меню",
  "MoreOptions": "Інші параметри",
  "PollOptions": "Варіанти опитування",
  "GenericError": "Не вдалося зв’язатися з цією програмою. Спробуйте пізніше.",
  "PollDeletedError": "Це опитування видалено.",
  "PollDeletedErrorDescription": "Це опитування більше не актуальне. Автор його видалив.",
  "Close": "Закрити",
  "ResponderAccessibilityLabel": "{0} відповів(ла) \"{1}\", {2}",
  "OptionResponseAccessibility": "{0}, респондентів: {1}, {2}",
  "Next": "Далі",
  "DeleteChoiceX": "Видалити вибір {0}",
  "ChangeDueBy": "Термін внесення змін:",
  "DialogTalkback": "Діалогове вікно \"{0}\". {1}",
  "NotRespondedLabel": "Ви не відповіли",
  "NotRespondedLabel.comment": "Повідомлення для користувачів, які не є авторами опитування, якщо за параметрами результат може бачити тільки автор, опитування закрите або припинило дію, а користувач не відповів",
  "PollDeleted": "Це опитування видалено",
  "PollClosed": "Опитування закрито",
  "PollExpired": "Опитування припинило дію",
  "ResultEveryone": "Відповіді бачать усі",
  "ResultCreator": "Відповіді бачить тільки автор",
  "Submit": "Проголосувати",
  "Results": "Переглянути результат",
  "BeTheFirstOneToRespond": "Проголосуйте раніше за всіх",
  "OneResponded": "{0} відповів(ла)",
  "TwoResponded": "Відповіли {0} і {1}",
  "ThreeResponded": "Відповіли {0}, {1}, {2}",
  "ThreeAndOneOtherResponded": "Відповіли {0}, {1}, {2} і ще 1 користувач",
  "ThreeAndOthersResponded": "Відповіли {0}, {1}, {2} і та інші користувачі ({3})",
  "CreateNewPoll": "Створення опитування",
  "ResultsTitle": "Подання результатів",
  "$manifest.name": "Опитування",
  "$manifest.views.LaunchView.header": "Створити опитування",
  "$manifest.description": "Поставте запитання та дізнайтеся думки людей",
  "$manifest.msTeamsProps.name.short": "Опитування",
  "$manifest.msTeamsProps.name.full": "Опитування",
  "$manifest.msTeamsProps.description.short": "Поставте запитання та дізнайтеся думки людей",
  "$manifest.msTeamsProps.description.full": "Дізнайтеся думку своєї команди, створивши опитування в чаті або на каналі.​ Знайдіть програму в \"…\" під полем створення повідомлення​. Введіть свої запитання й варіанти відповідей – і все готово. Слідкуйте за перебігом опитування, відстежуючи відповіді. Завантажте результати опитування, щоб поділитися ними зі співробітниками."
}