{
  "Choice": "Vaihtoehto {0}",
  "ResultsVisibilitySettingsSummaryEveryone": "Tulokset näkyvät kaikille",
  "ResultsVisibilitySettingsSummarySenderOnly": "Tulokset näkyvät vain minulle",
  "DueInYears": "Määräaika {0} vuoden päästä",
  "DueInYear": "Määräaika {0} vuoden päästä",
  "DueInMonths": "Määräaika {0} kuukauden päästä",
  "DueInMonth": "Määräaika {0} kuukauden päästä",
  "DueInWeeks": "Määräaika {0} viikon päästä",
  "DueInWeek": "Määräaika {0} viikon päästä",
  "DueInDays": "Määräaika {0} päivän päästä",
  "DueInDay": "Määräaika {0} päivän päästä",
  "DueInHoursAndMinutes": "Määräaika {0} tunnin, {1} minuutin päästä",
  "DueInHourAndMinutes": "Määräaika {0} tunnin, {1} minuutin päästä",
  "DueInHoursAndMinute": "Määräaika {0} tunnin, {1} minuutin päästä",
  "DueInHourAndMinute": "Määräaika {0} tunnin, {1} minuutin päästä",
  "DueInHours": "Määräaika {0} tunnin päästä",
  "DueInHour": "Määräaika {0} tunnin päästä",
  "DueInMinutes": "Määräaika {0} minuutin päästä",
  "DueInMinute": "Määräaika {0} minuutin päästä",
  "Send": "Lähetä äänestys",
  "TitleBlankError": "Otsikkoa ei voi jättää tyhjäksi",
  "PollTitlePlaceholder": "Anna äänestyksen kysymys",
  "Settings": "Asetukset",
  "BlankChoiceError": "Vaihtoehtoa ei voi jättää tyhjäksi",
  "You": "Sinä",
  "YetToRespond": "{0} ei vielä vastannut",
  "ResponseFetchError": "Vastauksen noutaminen epäonnistui. Yritä uudestaan.",
  "Back": "Takaisin",
  "ViewResponses": "Näytä vastaukset",
  "Download": "Lataa",
  "DownloadResponses": "Lataa CSV-tiedo",
  "DownloadYourResponses": "Lataa vastauksesi",
  "DownloadImage": "Lataa kuva",
  "ClosedOn": "Suljettu {0}",
  "ExpiredOn": "Vanhentunut {0}",
  "FeatureNotAvailable": "Tämä ominaisuus ei ole tällä hetkellä käytettävissä",
  "OK": "OK",
  "SelectADate": "Valitse päivämäärä...",
  "SelectATime": "Valitse aika...",
  "SomethingWentWrong": "Jokin meni vikaan",
  "ChangeDueDate": "Vaihda määräpäivä",
  "ChangeDate": "Muuta päivämäärää",
  "ClosePoll": "Sulje äänestys",
  "DeletePoll": "Poista äänestys",
  "ClosePollConfirmation": "Haluatko varmasti sulkea tämän äänestyksen?",
  "DeletePollConfirmation": "Haluatko varmasti poistaa tämän äänestyksen?",
  "Participation": "Osallistuminen {0} %",
  "BarPercentage": "{0} %",
  "ParticipationIndicatorSingular": "{0}/{1} vastasi",
  "ParticipationIndicatorPlural": "{0}/{1} vastasi",
  "Responders": "Vastanneet",
  "NonResponders": "Ei vielä vastannut",
  "NotResponded": "Et ole vastannut",
  "YourResponse": "Vastauksesi: {0}",
  "VisibilityCreatorOnlyLabel": "Tulokset näkyvät vain tämän äänestyksen lähettäjälle",
  "Cancel": "Peruuta",
  "Change": "Muuta",
  "Confirm": "Vahvista",
  "dueBy": "Määräaika",
  "dueByDate": "Määräaika {0}",
  "multipleResponses": "Salli useita vastauksia",
  "responseOptions": "Vastausvaihtoehdot",
  "resultsVisibleTo": "Tulokset näkyvät seuraaville",
  "resultsVisibleToAll": "Kaikki",
  "resultsVisibleToSender": "Vain minä",
  "datePickerPlaceholder": "Valitse päivämäärä...",
  "timePickerPlaceholder": "Valitse aika...",
  "PollResult": "Äänestyksen tulos – {0}",
  "UnknownMember": "Tuntematon jäsen",
  "AddChoice": "Lisää vaihtoehto",
  "DeleteChoice": "Poista valinta",
  "GotIt": "Selvä",
  "ChatLieErrorText": "Aloita keskustelu lähettämällä viesti ja palaa sitten äänestykseen",
  "DismissMenu": "Hylkää valikko",
  "MoreOptions": "Lisää vaihtoehtoja",
  "PollOptions": "Äänestyksen valinnat",
  "GenericError": "Tähän sovellukseen ei voitu muodostaa yhteyttä. Yritä uudelleen jonkin ajan kuluttua.",
  "PollDeletedError": "Tämä äänestys on poistettu.",
  "PollDeletedErrorDescription": "Tämä äänestys ei ole enää aiheeseen liittyvä ja tekijä on poistanut sen.",
  "Close": "Sulje",
  "ResponderAccessibilityLabel": "{0} vastasi {1} {2}",
  "OptionResponseAccessibility": "{0}, {1} vastaajaa, {2}",
  "Next": "Seuraava",
  "DeleteChoiceX": "Poista valinta {0}",
  "ChangeDueBy": "Vaihda määräpäivä",
  "DialogTalkback": "Valintaikkuna {0}. {1}",
  "NotRespondedLabel": "Et ole vastannut",
  "NotRespondedLabel.comment": "Viesti muille kuin äänestyksen luojille, kun tuloksen näkyvyys on määritetty vain luojalle ja äänestys on suljettu tai vanhentunut eikä käyttäjä ole vastannut",
  "PollDeleted": "Tämä äänestys on poistettu",
  "PollClosed": "Äänestys suljettu",
  "PollExpired": "Äänestys vanhentunut",
  "ResultEveryone": "Vastaukset näkyvät kaikille",
  "ResultCreator": "Vastaukset näkyvät vain luojalle",
  "Submit": "Lähetä ääni",
  "Results": "Näytä tulos",
  "BeTheFirstOneToRespond": "Vastaa äänestykseen ensimmäisenä",
  "OneResponded": "{0} vastasi",
  "TwoResponded": "{0} ja {1} vastasivat",
  "ThreeResponded": "{0}, {1} ja {2} vastasivat",
  "ThreeAndOneOtherResponded": "{0}, {1}, {2} ja 1 muu vastasi",
  "ThreeAndOthersResponded": "{0}, {1}, {2} ja {3} muuta vastasi",
  "CreateNewPoll": "Luo uusi äänestys",
  "ResultsTitle": "Tulosnäkymä",
  "$manifest.name": "Äänestys",
  "$manifest.views.LaunchView.header": "Luo kysely",
  "$manifest.description": "Esitä kysymys ja selvitä ihmisten mielipiteet",
  "$manifest.msTeamsProps.name.short": "Äänestys",
  "$manifest.msTeamsProps.name.full": "Äänestys",
  "$manifest.msTeamsProps.description.short": "Esitä kysymys ja selvitä ihmisten mielipiteet",
  "$manifest.msTeamsProps.description.full": "Selvitä tiimisi mielipiteet luomalla äänestys keskustelussa tai kanavalla.​ Löydät sovelluksen kohdasta \"…\" viestin luomisruudussa​. Kirjoita kysymykset ja valinnat, niin kaikki on valmista. Pysy ajan tasalla osallistumisesta seuraamalla vastauksia. Lataamalla äänestyksen tulokset voit jakaa ne työtovereillesi."
}