{"name.short":"Avstemning","name.full":"Avstemning","composeExtensions[0].commands[0].title":"Opprett undersøkelse","description.short":"Still et spørsmål og få andres mening","description.full":"Få gruppens mening ved å opprette en meningsmåling i en chat eller en kanal.​ Finn appen i «…» under meldingsskriveboksen​. Skriv inn spørsmålet og valgene dine, og du er klar. Hold oversikt over deltakelsen ved å spore svar. Last ned undersøkelsesresultatene for å dele dem med kollegene dine."}