{"name.short":"पोल","name.full":"सर्वेक्षण","composeExtensions[0].commands[0].title":"पोल बनाएँ","description.short":"कोई प्रश्न पूछें और लोगों की राय प्राप्त करें","description.full":"किसी चैट या चैनल में पोल बनाकर अपनी टीम की राय प्राप्त करें.​ संदेश लिखें बॉक्स के अंतर्गत \"…\" में ऐप ढूँढे.​ अपना प्रश्न और अपने विकल्प दर्ज करें और आप आगे बढ़ने के लिए तैयार हैं. प्रतिसादों को ट्रैक करके सहभागिता में सबसे आगे रहें. अपने सहकर्मियों के साथ साझा करने के लिए पोल के परिणाम डाउनलोड करें."}