{"name.short":"Peiling","name.full":"Poll","composeExtensions[0].commands[0].title":"Peiling maken","description.short":"Een vraag stellen en de mening van anderen horen","description.full":"Vraag naar de mening van uw team door een peiling te maken in een chat of kanaal.​ Zoek de app in '…' onder het vak voor het opstellen van een bericht​ Voer uw vraag en keuzen in en u bent klaar. Houd de deelname in de gaten door antwoorden bij te houden. Download de resultaten van de peiling om ze te delen met uw collega's."}