{
  "Choice": "Valik {0}",
  "ResultsVisibilitySettingsSummaryEveryone": "Tulemused on nähtavad kõigile",
  "ResultsVisibilitySettingsSummarySenderOnly": "Tulemused nähtavad ainult mulle",
  "DueInYears": "Tähtaeg on {0} aasta pärast",
  "DueInYear": "Tähtaeg on {0} aasta pärast",
  "DueInMonths": "Tähtaeg on {0} kuu pärast",
  "DueInMonth": "Tähtaeg on {0} kuu pärast",
  "DueInWeeks": "Tähtaeg on {0} nädala pärast",
  "DueInWeek": "Tähtaeg on {0} nädala pärast",
  "DueInDays": "Tähtaeg on {0} päeva pärast",
  "DueInDay": "Tähtaeg on {0} päeva pärast",
  "DueInHoursAndMinutes": "Tähtaeg on {0} tunni ja {1} minuti pärast",
  "DueInHourAndMinutes": "Tähtaeg on {0} tunni ja {1} minuti pärast",
  "DueInHoursAndMinute": "Tähtaeg on {0} tunni ja {1} minuti pärast",
  "DueInHourAndMinute": "Tähtaeg on {0} tunni ja {1} minuti pärast",
  "DueInHours": "Tähtaeg on {0} tunni pärast",
  "DueInHour": "Tähtaeg on {0} tunni pärast",
  "DueInMinutes": "Tähtaeg on {0} minuti pärast",
  "DueInMinute": "Tähtaeg on {0} minuti pärast",
  "Send": "Saada küsitlus",
  "TitleBlankError": "Pealkirja ei tohi jätta tühjaks",
  "PollTitlePlaceholder": "Sisestage küsitluse küsimus",
  "Settings": "Sätted",
  "BlankChoiceError": "Valikut ei tohi tühjaks jätta",
  "You": "Sina",
  "YetToRespond": "{0} peavad veel vastama",
  "ResponseFetchError": "Vastuse toomine nurjus. Proovige uuesti.",
  "Back": "Tagasi",
  "ViewResponses": "Kuva vastused",
  "Download": "Laadi alla",
  "DownloadResponses": "Laadi CSV-fail alla",
  "DownloadYourResponses": "Laadige alla oma vastus",
  "DownloadImage": "Laadi pilt alla",
  "ClosedOn": "Suletud {0}",
  "ExpiredOn": "Aegus {0}",
  "FeatureNotAvailable": "See funktsioon pole praegu saadaval",
  "OK": "OK",
  "SelectADate": "Valige kuupäev...",
  "SelectATime": "Valige kellaaeg...",
  "SomethingWentWrong": "Midagi läks valesti",
  "ChangeDueDate": "Muuda tähtaega",
  "ChangeDate": "Muuda kuupäeva",
  "ClosePoll": "Sule küsitlus",
  "DeletePoll": "Kustuta küsitlus",
  "ClosePollConfirmation": "Kas soovite selle küsitluse kindlasti sulgeda?",
  "DeletePollConfirmation": "Kas soovite selle küsitluse kindlasti kustutada?",
  "Participation": "Osalemine {0}%",
  "BarPercentage": "{0}%",
  "ParticipationIndicatorSingular": "{0} inimest {1} seast vastas",
  "ParticipationIndicatorPlural": "{0} inimest {1} seast vastas",
  "Responders": "Vastajad",
  "NonResponders": "Veel vastamata",
  "NotResponded": "Sa pole vastanud",
  "YourResponse": "Teie vastus: {0}",
  "VisibilityCreatorOnlyLabel": "Tulemused on nähtavad ainult selle küsitluse saatjale",
  "Cancel": "Loobu",
  "Change": "Muuda",
  "Confirm": "Kinnita",
  "dueBy": "Tähtaeg",
  "dueByDate": "Tähtaeg on {0}",
  "multipleResponses": "Luba mitu vastust",
  "responseOptions": "Vastusesuvandid",
  "resultsVisibleTo": "Tulemused on nähtavad",
  "resultsVisibleToAll": "kõigile",
  "resultsVisibleToSender": "ainult mulle",
  "datePickerPlaceholder": "Valige kuupäev...",
  "timePickerPlaceholder": "Valige kellaaeg...",
  "PollResult": "Küsitluse tulemus – {0}",
  "UnknownMember": "Tundmatu liige",
  "AddChoice": "Lisa valik",
  "DeleteChoice": "Kustuta valik",
  "GotIt": "Sain aru",
  "ChatLieErrorText": "Vestluse alustamiseks saatke sõnum ja seejärel naaske küsitlusse",
  "DismissMenu": "Sule menüü",
  "MoreOptions": "Rohkem suvandeid",
  "PollOptions": "Küsitluse vastusevariandid",
  "GenericError": "Sellele rakendusele juurdepääsul ilmnes probleem. Proovige mõne aja pärast uuesti.",
  "PollDeletedError": "See küsitlus on kustutatud.",
  "PollDeletedErrorDescription": "See küsitlus pole enam asjakohane ja autor on selle kustutanud.",
  "Close": "Sule",
  "ResponderAccessibilityLabel": "{0} vastas {1} kuupäeval {2}",
  "OptionResponseAccessibility": "{0}, vastajaid {1}, {2}",
  "Next": "Järgmine",
  "DeleteChoiceX": "Kustuta valik {0}",
  "ChangeDueBy": "Muuda tähtaega",
  "DialogTalkback": "Dialoogiboks {0}. {1}",
  "NotRespondedLabel": "Te pole vastanud",
  "NotRespondedLabel.comment": "Teade kasutajatele, kes pole küsitluse autorid, kui tulemuste vaatamise õigus on antud ainult autorile ning küsitlus on suletud või aegunud ja kasutaja pole vastanud",
  "PollDeleted": "See küsitlus on kustutatud",
  "PollClosed": "Küsitlus on suletud",
  "PollExpired": "Küsitlus on aegunud",
  "ResultEveryone": "Vastused on nähtavad kõigile",
  "ResultCreator": "Vastused on nähtavad ainult autorile",
  "Submit": "Anna hääl",
  "Results": "Kuva tulem",
  "BeTheFirstOneToRespond": "Olge esimene, kes selles küsitluses osaleb",
  "OneResponded": "{0} vastas",
  "TwoResponded": "{0} ja {1} vastasid",
  "ThreeResponded": "{0}, {1} ja {2} vastasid",
  "ThreeAndOneOtherResponded": "{0}, {1}, {2} ja veel 1 kasutaja vastasid",
  "ThreeAndOthersResponded": "{0}, {1}, {2} ja veel {3} kasutajat vastasid",
  "CreateNewPoll": "Uue küsitluse loomine",
  "ResultsTitle": "Tulemivaade",
  "$manifest.name": "Küsitlus",
  "$manifest.views.LaunchView.header": "Küsitluse loomine",
  "$manifest.description": "Esitage küsimus ja vaadake, mida inimesed arvavad",
  "$manifest.msTeamsProps.name.short": "Küsitlus",
  "$manifest.msTeamsProps.name.full": "Küsitlus",
  "$manifest.msTeamsProps.description.short": "Esitage küsimus ja vaadake, mida inimesed arvavad",
  "$manifest.msTeamsProps.description.full": "Töörühma liikmete arvamuste teadasaamiseks saate tekstvestluses või kanalis luua küsitluse.​ Otsige rakendus üles sõnumi koostamise välja all asuva ikooni „…“ kaudu​. Sisestage küsimus ja vastusevariandid ja võibki alustada. Vastuste jälgimine aitab osalusel silma peal hoida. Töökaaslastega jagamiseks saab küsitluse tulemused alla laadida."
}