{"name.short":"Abstimmung","name.full":"Abstimmung","composeExtensions[0].commands[0].title":"Umfrage erstellen","description.short":"Eine Frage stellen und die Meinung der Leute einholen","description.full":"Holen Sie sich die Meinung Ihres Teams, indem Sie in einem Chat oder Kanal eine Umfrage erstellen.​ Suchen Sie die App in \"…\" unter dem Feld zum Verfassen von Nachrichten​. Geben Sie Ihre Frage und Auswahl ein, und es kann weitergehen. Bleiben Sie auf dem Laufenden, indem Sie Antworten nachverfolgen. Laden Sie das Umfrageergebnis herunter, um es mit Ihren Kollegen zu teilen."}