{
  "Choice": "אפשרות {0}",
  "ResultsVisibilitySettingsSummaryEveryone": "התוצאות גלויות לכולם",
  "ResultsVisibilitySettingsSummarySenderOnly": "התוצאות גלויות עבורי בלבד",
  "DueInYears": "תאריך היעד יחול בעוד {0} שנים",
  "DueInYear": "תאריך היעד יחול בעוד שנה {0}",
  "DueInMonths": "תאריך היעד יחול בעוד {0} חודשים",
  "DueInMonth": "תאריך היעד יחול בעוד חודש {0}",
  "DueInWeeks": "תאריך היעד יחול בעוד חודש {0}",
  "DueInWeek": "תאריך היעד יחול בעוד חודש {0}",
  "DueInDays": "תאריך היעד יחול בעוד {0} ימים",
  "DueInDay": "תאריך היעד יחול בעוד יום {0}",
  "DueInHoursAndMinutes": "תאריך היעד יחול בעוד {0} שעות ו- {1} דקות",
  "DueInHourAndMinutes": "תאריך היעד יחול בעוד שעה {0} ו- {1} דקות",
  "DueInHoursAndMinute": "תאריך היעד יחול בעוד {0} שעות ודקה {1}",
  "DueInHourAndMinute": "תאריך היעד יחול בעוד שעה {0} ודקה {1}",
  "DueInHours": "תאריך היעד יחול בעוד {0} שעות",
  "DueInHour": "תאריך היעד יחול בעוד שעה {0}",
  "DueInMinutes": "תאריך היעד יחול בעוד {0} דקות",
  "DueInMinute": "תאריך היעד יחול בעוד דקה {0}",
  "Send": "שלח משאל",
  "TitleBlankError": "לא ניתן להשאיר את הכותרת ריקה",
  "PollTitlePlaceholder": "הזן שאלת משאל",
  "Settings": "הגדרות",
  "BlankChoiceError": "לא ניתן להשאיר את האפשרות ריקה",
  "You": "אתה",
  "YetToRespond": "{0} - עדיין לא הגיבו",
  "ResponseFetchError": "לא היתה אפשרות להביא את התגובה. נסה שוב.",
  "Back": "חזרה",
  "ViewResponses": "הצג תגובות",
  "Download": "הורד",
  "DownloadResponses": "הורד CSV",
  "DownloadYourResponses": "הורד את התגובה שלך",
  "DownloadImage": "הורד תמונה",
  "ClosedOn": "נסגר ב- {0}",
  "ExpiredOn": "התוקף פג ב- {0}",
  "FeatureNotAvailable": "תכונה זו אינה זמינה כרגע",
  "OK": "אישור",
  "SelectADate": "בחירת תאריך...",
  "SelectATime": "בחירת שעה...",
  "SomethingWentWrong": "משהו השתבש",
  "ChangeDueDate": "שנה תאריך יעד",
  "ChangeDate": "שנה תאריך",
  "ClosePoll": "סגור משאל",
  "DeletePoll": "מחק משאל",
  "ClosePollConfirmation": "האם אתה בטוח שברצונך לסגור משאל זה?",
  "DeletePollConfirmation": "האם אתה בטוח שברצונך למחוק משאל זה?",
  "Participation": "{0}% השתתפות",
  "BarPercentage": "{0}%",
  "ParticipationIndicatorSingular": "{0} מתוך {1} הגיבו",
  "ParticipationIndicatorPlural": "{0} מתוך {1} הגיבו",
  "Responders": "מגיבים",
  "NonResponders": "עדיין לא הגיבו",
  "NotResponded": "לא הגבת",
  "YourResponse": "התגובה שלך: {0}",
  "VisibilityCreatorOnlyLabel": "התוצאות גלויות רק לשולח של משאל זה",
  "Cancel": "ביטול",
  "Change": "שנה",
  "Confirm": "אשר",
  "dueBy": "תאריך יעד",
  "dueByDate": "תאריך יעד: {0}",
  "multipleResponses": "אפשר תגובות מרובות",
  "responseOptions": "אפשרויות תגובה",
  "resultsVisibleTo": "התוצאות גלויות ל",
  "resultsVisibleToAll": "כולם",
  "resultsVisibleToSender": "רק לי",
  "datePickerPlaceholder": "בחירת תאריך...",
  "timePickerPlaceholder": "בחירת שעה...",
  "PollResult": "תוצאת המשאל - {0}",
  "UnknownMember": "חבר לא ידוע",
  "AddChoice": "הוסף אפשרות",
  "DeleteChoice": "מחק אפשרות",
  "GotIt": "הבנתי",
  "ChatLieErrorText": "שלח הודעה כדי להתחיל שיחה זו, ולאחר מכן חזור כדי ליצור משאל",
  "DismissMenu": "בטל תפריט",
  "MoreOptions": "אפשרויות נוספות",
  "PollOptions": "אפשרויות משאל",
  "GenericError": "אירעה בעיה בגישה לאפליקציה זו. נסה בעוד זמן מה.",
  "PollDeletedError": "משאל זה נמחק.",
  "PollDeletedErrorDescription": "משאל זה אינו רלוונטי יותר והוא נמחק על-ידי המחבר.",
  "Close": "סגור",
  "ResponderAccessibilityLabel": "{0} הגיב/ה {1} ב- {2}",
  "OptionResponseAccessibility": "{0},‏ {1} מגיבים, {2}",
  "Next": "הבא",
  "DeleteChoiceX": "מחק את אפשרות {0}",
  "ChangeDueBy": "שנה תאריך יעד",
  "DialogTalkback": "תיבת הדו-שיח {0}. {1}",
  "NotRespondedLabel": "לא הגבת",
  "NotRespondedLabel.comment": "הודעה עבור גורמים שאינם יוצרי משאל כאשר ניראות התוצאה מוגדרת ליוצר בלבד והמשאל סגור או שתוקפו פג, והמשתמש לא הגיב",
  "PollDeleted": "משאל זה נמחק",
  "PollClosed": "המשאל סגור",
  "PollExpired": "תוקף המשאל פג",
  "ResultEveryone": "התגובות גלויות לכולם",
  "ResultCreator": "התגובות גלויות ליוצר בלבד",
  "Submit": "שלח הצבעה",
  "Results": "הצג תוצאה",
  "BeTheFirstOneToRespond": "בוא להיות הראשון להשתתף במשאל",
  "OneResponded": "{0} הגיב/ה",
  "TwoResponded": "{0} ו- {1} הגיבו",
  "ThreeResponded": "{0},‏ {1} ו- {2} הגיבו",
  "ThreeAndOneOtherResponded": "{0},‏ {1},‏ {2} ואדם נוסף אחד הגיבו",
  "ThreeAndOthersResponded": "{0},‏ {1},‏ {2} ו- {3} אנשים נוספים הגיבו",
  "CreateNewPoll": "צור משאל חדש",
  "ResultsTitle": "תצוגת תוצאות",
  "$manifest.name": "משאל",
  "$manifest.views.LaunchView.header": "צור משאל",
  "$manifest.description": "שאל שאלה וקבל חוות דעת של אנשים",
  "$manifest.msTeamsProps.name.short": "משאל",
  "$manifest.msTeamsProps.name.full": "משאל",
  "$manifest.msTeamsProps.description.short": "שאל שאלה וקבל חוות דעת של אנשים",
  "$manifest.msTeamsProps.description.full": "קבל את חוות דעתו של הצוות שלך על-ידי יצירת תשאול בצ'אט או בערוץ.​ חפש את היישום ב- ‘…‘ תחת התיבה של כתיבת הודעה​. הזן את השאלה והאפשרויות שלך ואתה מוכן לצאת לדרך. הישאר בשליטה על ההשתתפות על-ידי מעקב אחר תגובות. הורד את תוצאת התשאול כדי לשתף עם העמיתים שלך."
}