{
  "Choice": "Val {0}",
  "ResultsVisibilitySettingsSummaryEveryone": "Resultat er synlege for alle",
  "ResultsVisibilitySettingsSummarySenderOnly": "Resultat synlege berre for meg",
  "DueInYears": "Forfell om {0} år",
  "DueInYear": "Forfell om {0} år",
  "DueInMonths": "Forfell om {0} månader",
  "DueInMonth": "Forfell om {0} månad",
  "DueInWeeks": "Forfell om {0} veker",
  "DueInWeek": "Forfell om {0} veke",
  "DueInDays": "Forfell om {0} dagar",
  "DueInDay": "Forfell om {0} dag",
  "DueInHoursAndMinutes": "Forfell om {0} timar, {1} minutt",
  "DueInHourAndMinutes": "Forfell om {0} time, {1} minutt",
  "DueInHoursAndMinute": "Forfell om {0} timar, {1} minutt",
  "DueInHourAndMinute": "Forfell om {0} time, {1} minutt",
  "DueInHours": "Forfell om {0} timar",
  "DueInHour": "Forfell om {0} time",
  "DueInMinutes": "Forfell om {0} minutt",
  "DueInMinute": "Forfell om {0} minutt",
  "Send": "Send undersøking",
  "TitleBlankError": "Tittelen kan ikkje vere tom",
  "PollTitlePlaceholder": "Skriv inn eit undersøkingsspørsmål",
  "Settings": "Innstillingar",
  "BlankChoiceError": "Val kan ikkje vera tomt",
  "You": "Du",
  "YetToRespond": "{0} har ikkje svart enno",
  "ResponseFetchError": "Kunne ikkje hente svar. Prøv på nytt.",
  "Back": "Tilbake",
  "ViewResponses": "Vis svar",
  "Download": "Last ned",
  "DownloadResponses": "Last ned CSV",
  "DownloadYourResponses": "Last ned svara dine",
  "DownloadImage": "Last ned bilete",
  "ClosedOn": "Lukka den {0}",
  "ExpiredOn": "Gjekk ut {0}",
  "FeatureNotAvailable": "Denne funksjonen er ikkje tilgjengeleg akkurat no.",
  "OK": "OK",
  "SelectADate": "Vel ein dato ...",
  "SelectATime": "Vel eit tidspunkt ...",
  "SomethingWentWrong": "Noko gjekk gale",
  "ChangeDueDate": "Endre forfallsdato",
  "ChangeDate": "Endre dato",
  "ClosePoll": "Lukk undersøking",
  "DeletePoll": "Slett undersøking",
  "ClosePollConfirmation": "Er du sikker på at du vil lukke denne undersøkinga?",
  "DeletePollConfirmation": "Er du sikker på at du vil slette denne undersøkinga?",
  "Participation": "Deltaking {0}%",
  "BarPercentage": "{0} %",
  "ParticipationIndicatorSingular": "{0} av {1} svarte",
  "ParticipationIndicatorPlural": "{0} av {1} svarte",
  "Responders": "Svararar",
  "NonResponders": "Har ikkje svara enno",
  "NotResponded": "Du har ikkje svart",
  "YourResponse": "Svaret ditt: {0}",
  "VisibilityCreatorOnlyLabel": "Resultat er berre synleg for avsendaren av denne undersøkinga",
  "Cancel": "Avbryt",
  "Change": "Endre",
  "Confirm": "Stadfest",
  "dueBy": "Forfell",
  "dueByDate": "Forfell {0}",
  "multipleResponses": "Tillat fleire svar",
  "responseOptions": "Svaralternativ",
  "resultsVisibleTo": "Resultat synlege for",
  "resultsVisibleToAll": "Alle",
  "resultsVisibleToSender": "Berre meg",
  "datePickerPlaceholder": "Vel ein dato...",
  "timePickerPlaceholder": "Vel eit tidspunkt ...",
  "PollResult": "Resultat av undersøking – {0}",
  "UnknownMember": "Ukjent medlem",
  "AddChoice": "Legg til val",
  "DeleteChoice": "Slett val",
  "GotIt": "Skjønar",
  "ChatLieErrorText": "Send ei melding for å få denne samtalen i gong. Vend deretter attende til undersøking",
  "DismissMenu": "Lukk meny",
  "MoreOptions": "Fleire alternativ",
  "PollOptions": "Undersøkingsalternativ",
  "GenericError": "Det oppstod eit problem med denne appen. Prøv igjen om litt.",
  "PollDeletedError": "Denne undersøkinga er sletta.",
  "PollDeletedErrorDescription": "Denne undersøkinga er ikkje lenger relevant, og er sletta av forfattaren.",
  "Close": "Lukk",
  "ResponderAccessibilityLabel": "{0} svarte {1} den {2}",
  "OptionResponseAccessibility": "{0}, {1} svararar, {2}",
  "Next": "Neste",
  "DeleteChoiceX": "Slett val {0}",
  "ChangeDueBy": "Endre forfall innan",
  "DialogTalkback": "{0}-dialog. {1}",
  "NotRespondedLabel": "Du svarte ikkje",
  "NotRespondedLabel.comment": "Melding til dei som ikkje oppretta avstemminga, når synlegheita av resultata er sett til berre opprettaren og avstemminga er lukka eller utgått og brukaren ikkje har svart.",
  "PollDeleted": "Denne undersøkinga er sletta",
  "PollClosed": "Undersøking er lukka",
  "PollExpired": "Undersøkinga er utgått",
  "ResultEveryone": "Svar er synlege for alle",
  "ResultCreator": "Svar er berre synlege for opprettaren",
  "Submit": "Send inn stemme",
  "Results": "Vis resultat",
  "BeTheFirstOneToRespond": "Bli den første til å ta undersøkinga",
  "OneResponded": "{0} svarte",
  "TwoResponded": "{0} og {1} svarte",
  "ThreeResponded": "{0}, {1} og {2} svarte",
  "ThreeAndOneOtherResponded": "{0}, {1}, {2} og éin til svarte",
  "ThreeAndOthersResponded": "{0}, {1}, {2} og {3} andre svarte",
  "CreateNewPoll": "Opprett ei ny undersøking",
  "ResultsTitle": "Resultatvising",
  "$manifest.name": "Avstemming",
  "$manifest.views.LaunchView.header": "Opprett ei undersøking",
  "$manifest.description": "Still eit spørsmål og få andre si meining",
  "$manifest.msTeamsProps.name.short": "Avstemming",
  "$manifest.msTeamsProps.name.full": "Avstemming",
  "$manifest.msTeamsProps.description.short": "Still eit spørsmål og få andre si meining",
  "$manifest.msTeamsProps.description.full": "Få meiningane til teamet ved å opprette ei undersøking i ein chat eller kanal.​ Finn appen i «…» under boksen for meldingsskriving​. Skriv inn spørsmålet og svaralternativa for å kome i gang. Hald oversikt over deltakinga ved å spore svara. Last ned undersøkingsresultata for å dele dei med kollegaene."
}