{"name.short":"ಪೋಲ್","name.full":"ಮತದಾನ","composeExtensions[0].commands[0].title":"ಪೋಲ್ ರಚಿಸಿ","description.short":"ಪ್ರಶ್ನೆಯನ್ನು ಕೇಳಿ ಮತ್ತು ಜನರ ಅಭಿಪ್ರಾಯವನ್ನು ಪಡೆಯಿರಿ","description.full":"ಚಾಟ್ ಅಥವಾ ಚಾನಲ್‍ನಲ್ಲಿ ಮತದಾನ ಸೃಷ್ಟಿಸುವ ಮೂಲಕ ನಿಮ್ಮ ತಂಡದ ಅಭಿಪ್ರಾಯವನ್ನು ಪಡೆಯಿರಿ.•​ ಮೆಸೇಜ್ ಕಂಪೋಸ್ ಬಾಕ್ಸ್ ​ ಅಡಿಯಲ್ಲಿ \"…\" ನಲ್ಲಿ ಆಪ್ ಅನ್ನು ಕಂಡುಹಿಡಿಯಿರಿ • ನಿಮ್ಮ ಪ್ರಶ್ನೆ ಮತ್ತು ಆಯ್ಕೆಗಳನ್ನು ನಮೂದಿಸಿ ಮತ್ತು ನೀವು ಆರಂಭಿಸಲು ಸಿದ್ಧವಾಗಿರುವಿರಿ • ಪ್ರತಿಕ್ರಿಯೆಗಳನ್ನು ಟ್ರಾಕ್ ಮಾಡುವ ಮೂಲಕ ಭಾಗವಹಿಸುವಿಕೆಯ ಉನ್ನತ ಮಟ್ಟದಲ್ಲಿರಿ. ನಿಮ್ಮ ಸಹ ಕೆಲಸಗಾರರೊಂದಿಗೆ ಹಂಚಿಕೊಳ್ಳಲು ಮತದಾನದ ಫಲಿತಾಂಶವನ್ನು ಡೌನ್‌ಲೋಡ್ ಮಾಡಿ."}