{
  "Choice": "Choice {0}",
  "ResultsVisibilitySettingsSummaryEveryone": "Results visible to everyone",
  "ResultsVisibilitySettingsSummarySenderOnly": "Results visible to only me",
  "DueInYears": "Due in {0} years",
  "DueInYear": "Due in {0} year",
  "DueInMonths": "Due in {0} months",
  "DueInMonth": "Due in {0} month",
  "DueInWeeks": "Due in {0} weeks",
  "DueInWeek": "Due in {0} week",
  "DueInDays": "Due in {0} days",
  "DueInDay": "Due in {0} day",
  "DueInHoursAndMinutes": "Due in {0} hours, {1} minutes",
  "DueInHourAndMinutes": "Due in {0} hour, {1} minutes",
  "DueInHoursAndMinute": "Due in {0} hours, {1} minute",
  "DueInHourAndMinute": "Due in {0} hour, {1} minute",
  "DueInHours": "Due in {0} hours",
  "DueInHour": "Due in {0} hour",
  "DueInMinutes": "Due in {0} minutes",
  "DueInMinute": "Due in {0} minute",
  "Send": "Send Poll",
  "TitleBlankError": "Title cannot be left blank",
  "PollTitlePlaceholder": "Enter poll question",
  "Settings": "Settings",
  "BlankChoiceError": "Choice cannot be left blank",
  "You": "You",
  "YetToRespond": "{0} Yet To Respond",
  "ResponseFetchError": "Fetching Response Failed. Try again.",
  "Back": "Back",
  "ViewResponses": "View Responses",
  "Download": "Download",
  "DownloadResponses": "Download CSV",
  "DownloadYourResponses": "Download Your Response",
  "DownloadImage": "Download Image",
  "ClosedOn": "Closed on {0}",
  "ExpiredOn": "Expired on {0}",
  "FeatureNotAvailable": "This feature is currently not available",
  "OK": "OK",
  "SelectADate": "Select a Date...",
  "SelectATime": "Select a Time...",
  "SomethingWentWrong": "Something went wrong",
  "ChangeDueDate": "Change due date",
  "ChangeDate": "Change Date",
  "ClosePoll": "Close Poll",
  "DeletePoll": "Delete Poll",
  "ClosePollConfirmation": "Are you sure you want to close this poll?",
  "DeletePollConfirmation": "Are you sure you want to delete this poll?",
  "Participation": "Participation {0}%",
  "BarPercentage": "{0}%",
  "ParticipationIndicatorSingular": "{0} of {1} responded",
  "ParticipationIndicatorPlural": "{0} of {1} responded",
  "Responders": "Responders",
  "NonResponders": "Yet to respond",
  "NotResponded": "You have not responded",
  "YourResponse": "Your response: {0}",
  "VisibilityCreatorOnlyLabel": "Results visible only to sender of this poll",
  "Cancel": "Cancel",
  "Change": "Change",
  "Confirm": "Confirm",
  "dueBy": "Due by",
  "dueByDate": "Due by {0}",
  "multipleResponses": "Allow multiple responses",
  "responseOptions": "Response Options",
  "resultsVisibleTo": "Results visible to",
  "resultsVisibleToAll": "Everyone",
  "resultsVisibleToSender": "Only Me",
  "datePickerPlaceholder": "Select a Date...",
  "timePickerPlaceholder": "Select a Time...",
  "PollResult": "Poll Result - {0}",
  "UnknownMember": "Unknown member",
  "AddChoice": "Add Choice",
  "DeleteChoice": "Delete Choice",
  "GotIt": "Got it",
  "ChatLieErrorText": "Send a message to get this conversation started, and then come back to Poll",
  "DismissMenu": "Dismiss Menu",
  "MoreOptions": "More Options",
  "PollOptions": "Poll Options",
  "GenericError": "There was a problem reaching this app. Please try after sometime.",
  "PollDeletedError": "This poll has been deleted.",
  "PollDeletedErrorDescription": "This poll is no more relevant and deleted by the creator.",
  "Close": "Close",
  "ResponderAccessibilityLabel": "{0} responded {1} on {2}",
  "OptionResponseAccessibility": "{0}, {1} responders, {2}",
  "Next": "Next",
  "DeleteChoiceX": "Delete Choice {0}",
  "ChangeDueBy": "Change Due By",
  "DialogTalkback": "{0} dialogue. {1}",
  "NotRespondedLabel": "You did not respond",
  "NotRespondedLabel.comment": "Message for non creators of poll when result visibility is set to creator only and poll is closed or expired and user has not responded",
  "PollDeleted": "This poll has been deleted",
  "PollClosed": "Poll Closed",
  "PollExpired": "Poll Expired",
  "ResultEveryone": "Responses are visible to everyone",
  "ResultCreator": "Responses are visible to creator only",
  "Submit": "Submit Vote",
  "Results": "View Result",
  "BeTheFirstOneToRespond": "Be the first one to take the poll",
  "OneResponded": "{0} responded",
  "TwoResponded": "{0} and {1} responded",
  "ThreeResponded": "{0}, {1} and {2} responded",
  "ThreeAndOneOtherResponded": "{0}, {1}, {2} and 1 other responded",
  "ThreeAndOthersResponded": "{0}, {1}, {2} and {3} others responded",
  "CreateNewPoll": "Create a new poll",
  "ResultsTitle": "Result view",
  "$manifest.name": "Poll",
  "$manifest.views.LaunchView.header": "Create Poll",
  "$manifest.description": "Ask a question and get people's opinion",
  "$manifest.msTeamsProps.name.short": "Poll",
  "$manifest.msTeamsProps.name.full": "Poll",
  "$manifest.msTeamsProps.description.short": "Ask a question and get people's opinion",
  "$manifest.msTeamsProps.description.full": "Get your team's opinion by creating a poll in a chat or channel.​ Find the app in '…' under the message compose box​. Enter your question and choices and you're good to go. Stay on top of participation by tracking responses. Download poll result to share with your co-workers."
}