{
  "Choice": "Alegere {0}",
  "ResultsVisibilitySettingsSummaryEveryone": "Rezultate vizibile pentru toată lumea",
  "ResultsVisibilitySettingsSummarySenderOnly": "Rezultate vizibile numai pentru mine",
  "DueInYears": "Termen limită: peste {0} ani",
  "DueInYear": "Termen limită: peste {0} an",
  "DueInMonths": "Termen limită: peste {0} luni",
  "DueInMonth": "Termen limită: peste {0} lună",
  "DueInWeeks": "Termen limită: peste {0} săptămâni",
  "DueInWeek": "Termen limită: peste {0} săptămână",
  "DueInDays": "Termen limită: peste {0} zile",
  "DueInDay": "Termen limită: peste {0} zi",
  "DueInHoursAndMinutes": "Termen limită: peste {0} ore, {1} minute",
  "DueInHourAndMinutes": "Termen limită: peste {0} oră, {1} minute",
  "DueInHoursAndMinute": "Termen limită: peste {0} ore, {1} minut",
  "DueInHourAndMinute": "Termen limită: peste {0} oră, {1} minut",
  "DueInHours": "Termen limită: peste {0} ore",
  "DueInHour": "Termen limită: peste {0} oră",
  "DueInMinutes": "Termen limită: peste {0} minute",
  "DueInMinute": "Termen limită: peste {0} minut",
  "Send": "Trimiteți sondajul",
  "TitleBlankError": "Titlul nu poate fi lăsat necompletat",
  "PollTitlePlaceholder": "Introduceți întrebarea pentru sondaj",
  "Settings": "Setări",
  "BlankChoiceError": "Opțiunea nu poate fi lăsată necompletată",
  "You": "Dumneavoastră",
  "YetToRespond": "{0} nu au răspuns încă",
  "ResponseFetchError": "Preluarea răspunsului nu a reușit. Încercați din nou.",
  "Back": "Înapoi",
  "ViewResponses": "Vedeți răspunsurile",
  "Download": "Descărcați",
  "DownloadResponses": "Descărcare CSV",
  "DownloadYourResponses": "Descărcați răspunsul",
  "DownloadImage": "Descărcare imagine",
  "ClosedOn": "Închis la {0}",
  "ExpiredOn": "A expirat la {0}",
  "FeatureNotAvailable": "Această caracteristică nu este disponibilă momentan",
  "OK": "OK",
  "SelectADate": "Selectați o dată...",
  "SelectATime": "Selectați o oră...",
  "SomethingWentWrong": "Ceva nu a funcționat corect",
  "ChangeDueDate": "Modificare dată scadentă",
  "ChangeDate": "Schimbați data",
  "ClosePoll": "Închideți sondajul",
  "DeletePoll": "Ștergeți sondajul",
  "ClosePollConfirmation": "Sigur închideți acest sondaj?",
  "DeletePollConfirmation": "Sigur ștergeți acest sondaj?",
  "Participation": "Participare {0}%",
  "BarPercentage": "{0}%",
  "ParticipationIndicatorSingular": "{0} din {1} a răspuns",
  "ParticipationIndicatorPlural": "{0} din {1} au răspuns",
  "Responders": "Respondenți",
  "NonResponders": "Trebuie să răspundă",
  "NotResponded": "Nu ați răspuns",
  "YourResponse": "Răspunsul dvs.: {0}",
  "VisibilityCreatorOnlyLabel": "Rezultate vizibile numai expeditorului acestui sondaj",
  "Cancel": "Anulați",
  "Change": "Modificare",
  "Confirm": "Confirmare",
  "dueBy": "Termen limită",
  "dueByDate": "Termen limită: {0}",
  "multipleResponses": "Permiteți mai multe răspunsuri",
  "responseOptions": "Opțiuni de răspuns",
  "resultsVisibleTo": "Rezultatele pot fi văzute de",
  "resultsVisibleToAll": "Oricine",
  "resultsVisibleToSender": "Numai eu",
  "datePickerPlaceholder": "Selectați o dată...",
  "timePickerPlaceholder": "Selectați o oră...",
  "PollResult": "Rezultatul sondajului: {0}",
  "UnknownMember": "Membru necunoscut",
  "AddChoice": "Adăugați opțiunea",
  "DeleteChoice": "Ștergeți opțiunea",
  "GotIt": "Am înțeles",
  "ChatLieErrorText": "Trimiteți un mesaj pentru a începe această conversație, apoi reveniți la sondaj",
  "DismissMenu": "Închideți meniul",
  "MoreOptions": "Mai multe opțiuni",
  "PollOptions": "Opțiuni pentru sondaj",
  "GenericError": "A apărut o problemă la accesarea acestei aplicații. Încercați după un timp.",
  "PollDeletedError": "Acest sondaj a fost șters.",
  "PollDeletedErrorDescription": "Acest sondaj nu mai este relevant și a fost șters de autor.",
  "Close": "Închideți",
  "ResponderAccessibilityLabel": "{0} a răspuns {1} la {2}",
  "OptionResponseAccessibility": "{0}, {1} respondenți, {2}",
  "Next": "Înainte",
  "DeleteChoiceX": "Ștergeți opțiunea {0}",
  "ChangeDueBy": "Modificare scadentă la",
  "DialogTalkback": "Caseta de dialog {0}. {1}",
  "NotRespondedLabel": "Nu ați răspuns",
  "NotRespondedLabel.comment": "Mesaj pentru non-creatori de sondaje atunci când rezultatele sunt vizibile doar creatorului, iar sondajul s-a încheiat sau a expirat și utilizatorul nu a răspuns",
  "PollDeleted": "Acest sondaj a fost șters",
  "PollClosed": "Sondaj închis",
  "PollExpired": "Sondaj expirat",
  "ResultEveryone": "Răspunsurile pot fi văzute de toți",
  "ResultCreator": "Răspunsurile pot fi văzute doar de creator",
  "Submit": "Trimiteți votul",
  "Results": "Vedeți rezultatul",
  "BeTheFirstOneToRespond": "Fiți prima persoană care răspunde la acest sondaj",
  "OneResponded": "{0} a răspuns",
  "TwoResponded": "{0} și {1} au răspuns",
  "ThreeResponded": "{0}, {1} și {2} au răspuns",
  "ThreeAndOneOtherResponded": "{0}, {1}, {2} și încă 1 au răspuns",
  "ThreeAndOthersResponded": "{0}, {1}, {2} și încă {3} au răspuns",
  "CreateNewPoll": "Creare sondaj nou",
  "ResultsTitle": "Vizualizare rezultat",
  "$manifest.name": "Sondaj",
  "$manifest.views.LaunchView.header": "Creați un sondaj",
  "$manifest.description": "Adresați o întrebare și aflați părerea celorlalți",
  "$manifest.msTeamsProps.name.short": "Sondaj",
  "$manifest.msTeamsProps.name.full": "Sondaj",
  "$manifest.msTeamsProps.description.short": "Adresați o întrebare și aflați părerea celorlalți",
  "$manifest.msTeamsProps.description.full": "Obțineți opinia echipei prin crearea unui sondaj într-un chat sau într-un canal.​Găsiți aplicația în „…” sub caseta de compunere a mesajului​. Introduceți întrebarea și opțiunile și sunteți gata. Rămâneți la curent cu participarea prin urmărirea răspunsurilor. Descărcați rezultatul sondajului pentru a partaja cu colegii dvs."
}