{
  "Choice": "Volba {0}",
  "ResultsVisibilitySettingsSummaryEveryone": "Výsledky uvidí všichni",
  "ResultsVisibilitySettingsSummarySenderOnly": "Výsledky uvidím pouze já",
  "DueInYears": "Termín za tento počet roků: {0}",
  "DueInYear": "Termín za: {0} rok",
  "DueInMonths": "Termín za tento počet měsíců: {0}",
  "DueInMonth": "Termín za: {0} měsíc",
  "DueInWeeks": "Termín za tento počet týdnů: {0}",
  "DueInWeek": "Termín za: {0} týden",
  "DueInDays": "Termín za tento počet dnů: {0}",
  "DueInDay": "Termín za: {0} den",
  "DueInHoursAndMinutes": "Termín za: {0} h, {1} min",
  "DueInHourAndMinutes": "Termín za: {0} h, {1} min",
  "DueInHoursAndMinute": "Termín za: {0} h, {1} min",
  "DueInHourAndMinute": "Termín za: {0} h, {1} min",
  "DueInHours": "Termín za: {0} h",
  "DueInHour": "Termín za: {0} h",
  "DueInMinutes": "Termín za: {0} min",
  "DueInMinute": "Termín za: {0} min",
  "Send": "Poslat hlasování",
  "TitleBlankError": "Nadpis nemůže zůstat prázdný.",
  "PollTitlePlaceholder": "Zadejte otázku pro hlasování",
  "Settings": "Nastavení",
  "BlankChoiceError": "Volba nemůže zůstat prázdná.",
  "You": "Vy",
  "YetToRespond": "Zatím neodpověděli: {0}.",
  "ResponseFetchError": "Odpověď se nepovedlo načíst. Zkuste to znovu.",
  "Back": "Zpět",
  "ViewResponses": "Zobrazit odpovědi",
  "Download": "Stáhnout",
  "DownloadResponses": "Stáhnout CSV",
  "DownloadYourResponses": "Stáhnout vaši odpověď",
  "DownloadImage": "Stáhnout obrázek",
  "ClosedOn": "Uzavřeno: {0}",
  "ExpiredOn": "Konec platnosti: {0}",
  "FeatureNotAvailable": "Tato funkce není momentálně k dispozici.",
  "OK": "OK",
  "SelectADate": "Vyberte datum...",
  "SelectATime": "Vyberte čas...",
  "SomethingWentWrong": "Došlo k nějaké chybě.",
  "ChangeDueDate": "Změnit termín splnění",
  "ChangeDate": "Změnit datum",
  "ClosePoll": "Uzavřít hlasování",
  "DeletePoll": "Odstranit hlasování",
  "ClosePollConfirmation": "Opravdu chcete toto hlasování uzavřít?",
  "DeletePollConfirmation": "Opravdu chcete toto hlasování odstranit?",
  "Participation": "Účast {0} %",
  "BarPercentage": "{0} %",
  "ParticipationIndicatorSingular": "Odpověděli: {0} z {1}.",
  "ParticipationIndicatorPlural": "Odpověděli: {0} z {1}.",
  "Responders": "Respondenti",
  "NonResponders": "Zatím neodpověděli",
  "NotResponded": "Neodpověděli jste.",
  "YourResponse": "Vaše odpověď: {0}",
  "VisibilityCreatorOnlyLabel": "Výsledky jsou viditelné jenom pro odesílatele tohoto hlasování.",
  "Cancel": "Zrušit",
  "Change": "Změnit",
  "Confirm": "Potvrdit",
  "dueBy": "Termín",
  "dueByDate": "Termín: {0}",
  "multipleResponses": "Povolit více odpovědí",
  "responseOptions": "Možnosti odpovědi",
  "resultsVisibleTo": "Výsledky uvidí:",
  "resultsVisibleToAll": "Všichni",
  "resultsVisibleToSender": "Jen já",
  "datePickerPlaceholder": "Vyberte datum...",
  "timePickerPlaceholder": "Vyberte čas...",
  "PollResult": "Výsledek hlasování: {0}",
  "UnknownMember": "Neznámý člen",
  "AddChoice": "Přidat volbu",
  "DeleteChoice": "Odstranit volbu",
  "GotIt": "OK",
  "ChatLieErrorText": "Odešlete zprávu, abyste zahájili tuto konverzaci, a potom se vraťte k hlasování.",
  "DismissMenu": "Zavřít nabídku",
  "MoreOptions": "Další možnosti",
  "PollOptions": "Možnosti hlasování",
  "GenericError": "Při pokusu o připojení k této aplikaci došlo k problému. Chvíli prosím počkejte a pak to zkuste znovu.",
  "PollDeletedError": "Toto hlasování se odstranilo.",
  "PollDeletedErrorDescription": "Toto hlasování přestalo být relevantní a autor ho odstranil.",
  "Close": "Zavřít",
  "ResponderAccessibilityLabel": "{0} odpověděl(a) dne {2} takto: {1}.",
  "OptionResponseAccessibility": "{0}, počet respondentů: {1}, {2}",
  "Next": "Další",
  "DeleteChoiceX": "Odstranit volbu {0}",
  "ChangeDueBy": "Změnit do",
  "DialogTalkback": "Dialogové okno {0}. {1}",
  "NotRespondedLabel": "Neodpověděli jste",
  "NotRespondedLabel.comment": "Zpráva pro uživatele, kteří nejsou autory hlasování, v případě, že je viditelnost výsledků nastavená tak, aby je viděli jen autoři, a současně bylo hlasování ukončeno nebo vypršela jeho platnost a uživatel neodpověděl.",
  "PollDeleted": "Toto hlasování se odstranilo.",
  "PollClosed": "Hlasování se uzavřelo.",
  "PollExpired": "Platnost hlasování skončila.",
  "ResultEveryone": "Odpovědi uvidí všichni.",
  "ResultCreator": "Odpovědi uvidí jen autor.",
  "Submit": "Odeslat hlas",
  "Results": "Zobrazit výsledek",
  "BeTheFirstOneToRespond": "Buďte první, kdo se zúčastní hlasování",
  "OneResponded": "{0} odpověděl(a).",
  "TwoResponded": "Uživatelé {0} a {1} odpověděli.",
  "ThreeResponded": "Uživatelé {0}, {1} a {2} odpověděli.",
  "ThreeAndOneOtherResponded": "Uživatelé {0}, {1}, {2} a 1 další odpověděli.",
  "ThreeAndOthersResponded": "Uživatelé {0}, {1}, {2} a další ({3}) odpověděli.",
  "CreateNewPoll": "Vytvořit nové hlasování",
  "ResultsTitle": "Zobrazení výsledků",
  "$manifest.name": "Hlasování",
  "$manifest.views.LaunchView.header": "Vytvořit hlasování",
  "$manifest.description": "Můžete se ostatních na něco zeptat a získat jejich názor.",
  "$manifest.msTeamsProps.name.short": "Hlasování",
  "$manifest.msTeamsProps.name.full": "Hlasování",
  "$manifest.msTeamsProps.description.short": "Můžete se ostatních na něco zeptat a získat jejich názor.",
  "$manifest.msTeamsProps.description.full": "Zjistěte názor týmu vytvořením hlasování v chatu nebo kanálu.​ Najděte aplikaci v nabídce „…“ pod polem pro psaní zpráv​. Zadejte otázku a volby a je to. Můžete sledovat odpovědi, a mít tak přehled o účasti. Výsledky hlasování si můžete stáhnout a podělit se o ně se spolupracovníky."
}