{
  "Choice": "தேர்வு {0}",
  "ResultsVisibilitySettingsSummaryEveryone": "அனைவருக்கும் முடிவுகள் தோன்றும்",
  "ResultsVisibilitySettingsSummarySenderOnly": "முடிவுகள் எனக்கு மட்டுமே தோன்றும்",
  "DueInYears": "{0} ஆண்டுகளில் கெடு",
  "DueInYear": "{0} ஆண்டில் கெடு",
  "DueInMonths": "{0} மாதங்களில் கெடு",
  "DueInMonth": "{0} மாதத்தில் கெடு",
  "DueInWeeks": "{0} வாரங்களில் கெடு",
  "DueInWeek": "{0} வாரத்தில் கெடு",
  "DueInDays": "{0} நாட்களில் கெடு",
  "DueInDay": "{0} நாளில் கெடு",
  "DueInHoursAndMinutes": "{0} மணிநேரம் {1} நிமிடங்களில் கெடு",
  "DueInHourAndMinutes": "{0} மணிநேரம் {1} நிமிடங்களில் கெடு",
  "DueInHoursAndMinute": "{0} மணிநேரம் {1} நிமிடத்தில் கெடு",
  "DueInHourAndMinute": "{0} மணிநேரம் {1} நிமிடத்தில் கெடு",
  "DueInHours": "{0} மணிநேரத்தில் கெடு",
  "DueInHour": "{0} மணிநேரத்தில் கெடு",
  "DueInMinutes": "{0} நிமிடங்களில் கெடு",
  "DueInMinute": "{0} நிமிடத்தில் கெடு",
  "Send": "வாக்கெடுப்பை அனுப்பு",
  "TitleBlankError": "தலைப்பைக் காலியாக விடக்கூடாது",
  "PollTitlePlaceholder": "வாக்கெடுப்புக் கேள்வியை உள்ளிடவும்",
  "Settings": "அமைப்புகள்",
  "BlankChoiceError": "தேர்வைக் காலியாக விடக்கூடாது",
  "You": "நீங்கள்",
  "YetToRespond": "இன்னும் பதிலளிக்க வேண்டியவர்கள் {0}",
  "ResponseFetchError": "பதில் எடுத்தல் தோல்வியடைந்தது. மீண்டும் முயற்சிக்கவும்.",
  "Back": "பின்செல்",
  "ViewResponses": "பதில்களைக் காட்டு",
  "Download": "பதிவிறக்கு",
  "DownloadResponses": "CSV-ஐப் பதிவிறக்கு",
  "DownloadYourResponses": "எனது பதிலைப் பதிவிறக்கு",
  "DownloadImage": "படிமத்தைப் பதிவிறக்கு",
  "ClosedOn": "{0}-க்கு மூடப்பட்டது",
  "ExpiredOn": "{0}-க்கு காலாவதியாகும்",
  "FeatureNotAvailable": "இந்த அம்சம் தற்போது கிடைக்கவில்லை",
  "OK": "சரி",
  "SelectADate": "தேதியைத் தேர்ந்தெடுக்கவும்...",
  "SelectATime": "நேரத்தைத் தேர்ந்தெடுக்கவும்...",
  "SomethingWentWrong": "ஏதோ தவறாகிவிட்டது",
  "ChangeDueDate": "நிலுவை தேதியை மாற்று",
  "ChangeDate": "தேதியை மாற்று",
  "ClosePoll": "வாக்கெடுப்பை மூடு",
  "DeletePoll": "வாக்கெடுப்பை நீக்கு",
  "ClosePollConfirmation": "இந்த வாக்கெடுப்பை மூட விரும்புகிறீர்களா?",
  "DeletePollConfirmation": "இந்த வாக்கெடுப்பை நீக்க விரும்புகிறீர்களா?",
  "Participation": "பங்கேற்பு {0}%",
  "BarPercentage": "{0}%",
  "ParticipationIndicatorSingular": "{0} / {1} பேர் பதிலளித்துள்ளனர்",
  "ParticipationIndicatorPlural": "{0} / {1} பேர் பதிலளித்துள்ளனர்",
  "Responders": "எதிர்வினையாளர்கள்",
  "NonResponders": "இன்னும் பதிலளிக்கவுள்ளது",
  "NotResponded": "நீங்கள் பதிலளிக்கவில்லை",
  "YourResponse": "உங்கள் பதில்: {0}",
  "VisibilityCreatorOnlyLabel": "இந்த வாக்கெடுப்பை அனுப்புநருக்கு மட்டுமே முடிவுகள் தெரியும்",
  "Cancel": "ரத்து",
  "Change": "மாற்று",
  "Confirm": "உறுதிசெய்",
  "dueBy": "கெடு:",
  "dueByDate": "{0} அன்று கெடு",
  "multipleResponses": "பல பதில்களை அனுமதிக்கவும்",
  "responseOptions": "பதிலளிப்பு விருப்பங்கள்",
  "resultsVisibleTo": "முடிவுகள் இதில் தோன்றும்",
  "resultsVisibleToAll": "அனைவருக்கும்",
  "resultsVisibleToSender": "எனக்கு மட்டும்",
  "datePickerPlaceholder": "தேதியைத் தேர்ந்தெடுக்கவும்...",
  "timePickerPlaceholder": "நேரத்தைத் தேர்ந்தெடுக்கவும்...",
  "PollResult": "வாக்கெடுப்பு முடிவு - {0}",
  "UnknownMember": "அறியாத உறுப்பினர்",
  "AddChoice": "தேர்வைச் சேர்",
  "DeleteChoice": "தேர்வை நீக்கு",
  "GotIt": "புரிந்தது",
  "ChatLieErrorText": "இந்த உரையாடலைத் தொடங்குவதற்காகச் செய்தியை அனுப்பி, பிறகு வாக்கெடுப்பைப் பகிரவும்",
  "DismissMenu": "நிராகரி மெனு",
  "MoreOptions": "மேலும் விருப்பங்கள்",
  "PollOptions": "வாக்கெடுப்பு விருப்பங்கள்",
  "GenericError": "இந்தச் செயலியைத் தொடர்புகொள்வதில் சிக்கல் இருந்தது. சிறிது நேரம் கழித்து முயற்சி செய்யவும்.",
  "PollDeletedError": "இந்த வாக்கெடுப்பு நீக்கப்பட்டுள்ளது.",
  "PollDeletedErrorDescription": "இந்த வாக்கெடுப்பு இனி தொடர்புடையதாக இருக்காது மற்றும் ஆசிரியரால் நீக்கப்பட்டுள்ளது.",
  "Close": "மூடு",
  "ResponderAccessibilityLabel": "{0}, {1} என்று {2} அன்று பதிலளித்துள்ளார்",
  "OptionResponseAccessibility": "{0}, {1} பதிலளிப்பவர்கள், {2}",
  "Next": "அடுத்து",
  "DeleteChoiceX": "{0} தேர்வை நீக்கு",
  "ChangeDueBy": "இத்தேதிக்கு முன் நிலுவையை மாற்று:",
  "DialogTalkback": "{0} உரையாடல். {1}",
  "NotRespondedLabel": "நீங்கள் பதிலளிக்கவில்லை",
  "NotRespondedLabel.comment": "முடிவு படைப்பாளருக்கு மட்டும் தெரியுமாறு அமைக்கப்பட்டு, வாக்கெடுப்பு மூடப்படும் போது, காலாவதியாகும்போது, பயனர் பதிலளிக்காத போது, வாக்கெடுப்பில் படைப்பாளர் அல்லாதவர்களுக்கான செய்தி",
  "PollDeleted": "இந்த வாக்கெடுப்பு நீக்கப்பட்டுள்ளது",
  "PollClosed": "வாக்கெடுப்பு மூடப்பட்டது",
  "PollExpired": "வாக்கெடுப்பு காலாவதியாகிவிட்டது",
  "ResultEveryone": "அனைவருக்கும் பதில்கள் தோன்றும்",
  "ResultCreator": "உருவாக்குநருக்கு மட்டுமே பதில்கள் தோன்றும்",
  "Submit": "வாக்கைச் சமர்ப்பி",
  "Results": "முடிவைக் காட்டு",
  "BeTheFirstOneToRespond": "வாக்கெடுப்பில் பங்கேற்கும் முதல் நபராக இருங்கள்",
  "OneResponded": "{0} பதிலளித்தனர்",
  "TwoResponded": "{0} மற்றும் {1} ஆகியோர் பதிலளித்தனர்",
  "ThreeResponded": "{0}, {1} மற்றும் {2} ஆகியோர் பதிலளித்தனர்",
  "ThreeAndOneOtherResponded": "{0}, {1}, {2} மற்றும் 1 நபர் பதிலளித்தனர்",
  "ThreeAndOthersResponded": "{0}, {1}, {2} மற்றும் {3} பேர் பதிலளித்தனர்",
  "CreateNewPoll": "புதிய வாக்கெடுப்பை உருவாக்கு",
  "ResultsTitle": "முடிவுக் காட்சி",
  "$manifest.name": "வாக்கெடுப்பு",
  "$manifest.views.LaunchView.header": "வாக்கெடுப்பை உருவாக்கு",
  "$manifest.description": "கேள்வி கேட்டு, மற்றவர்களின் கருத்தை அறியலாம்",
  "$manifest.msTeamsProps.name.short": "வாக்கெடுப்பு",
  "$manifest.msTeamsProps.name.full": "வாக்கெடுப்பு",
  "$manifest.msTeamsProps.description.short": "கேள்வி கேட்டு, மற்றவர்களின் கருத்தை அறியலாம்",
  "$manifest.msTeamsProps.description.full": "அரட்டை அல்லது சேனலில் வாக்கெடுப்பை உருவாக்குவதன் மூலம் உங்கள் அணியின் கருத்தைப் பெறுங்கள்.​ செய்தியை எழுதுக என்ற பெட்டியின் கீழ், \"…\"-இல் பயன்பாட்டைக் கண்டறியுங்கள்​. உங்கள் கேள்வியையும் விருப்பத்தேர்வுகளையும் உள்ளிடவும், நீங்கள் தொடர்வதற்குத் தயாராக இருக்கிறீர்கள். பதில்களைக் கண்காணிப்பதன் மூலம் பங்கேற்பில் தொடர்ந்து முதன்மையாக இருங்கள். உங்கள் சக ஊழியர்களுடன் பகிர, வாக்கெடுப்பு முடிவைப் பதிவிறக்குங்கள்."
}