{
  "Choice": "Valg {0}",
  "ResultsVisibilitySettingsSummaryEveryone": "Resultaterne kan ses af alle",
  "ResultsVisibilitySettingsSummarySenderOnly": "Resultaterne kan kun ses af mig",
  "DueInYears": "Forfalder om {0} år",
  "DueInYear": "Forfalder om {0} år",
  "DueInMonths": "Forfalder om {0} måneder",
  "DueInMonth": "Forfalder om {0} måned",
  "DueInWeeks": "Forfalder om {0} uger",
  "DueInWeek": "Forfalder om {0} uge",
  "DueInDays": "Forfalder om {0} dage",
  "DueInDay": "Forfalder om {0} dag",
  "DueInHoursAndMinutes": "Forfalder om {0} timer, {1} minutter",
  "DueInHourAndMinutes": "Forfalder om {0} time, {1} minutter",
  "DueInHoursAndMinute": "Forfalder om {0} timer, {1} minut",
  "DueInHourAndMinute": "Forfalder om {0} time, {1} minut",
  "DueInHours": "Forfalder om {0} timer",
  "DueInHour": "Forfalder om {0} time",
  "DueInMinutes": "Forfalder om {0} minutter",
  "DueInMinute": "Forfalder om {0} minut",
  "Send": "Send afstemning",
  "TitleBlankError": "Titlen må ikke være tom",
  "PollTitlePlaceholder": "Skriv dit spørgsmål til afstemningen",
  "Settings": "Indstillinger",
  "BlankChoiceError": "Du skal angive et valg",
  "You": "Dig",
  "YetToRespond": "{0} mangler at svare",
  "ResponseFetchError": "Svar kunne ikke hentes. Prøv igen.",
  "Back": "Tilbage",
  "ViewResponses": "Vis svar",
  "Download": "Download",
  "DownloadResponses": "Download listen som CSV",
  "DownloadYourResponses": "Download dit svar",
  "DownloadImage": "Download billede",
  "ClosedOn": "Lukket {0}",
  "ExpiredOn": "Udløbet {0}",
  "FeatureNotAvailable": "Denne funktion er ikke tilgængelig lige nu",
  "OK": "OK",
  "SelectADate": "Vælg en dato...",
  "SelectATime": "Vælg et klokkeslæt...",
  "SomethingWentWrong": "Noget gik galt",
  "ChangeDueDate": "Skift forfaldsdato",
  "ChangeDate": "Skift dato",
  "ClosePoll": "Afslut afstemning",
  "DeletePoll": "Slet afstemning",
  "ClosePollConfirmation": "Er du sikker på, at du vil lukke denne afstemning?",
  "DeletePollConfirmation": "Er du sikker på, at du vil slette denne afstemning?",
  "Participation": "{0} % deltog",
  "BarPercentage": "{0} %",
  "ParticipationIndicatorSingular": "{0} af {1} svarede",
  "ParticipationIndicatorPlural": "{0} af {1} svarede",
  "Responders": "Respondenter",
  "NonResponders": "Mangler at svare",
  "NotResponded": "Du har ikke svaret",
  "YourResponse": "Dit svar: {0}",
  "VisibilityCreatorOnlyLabel": "Resultaterne er kun synlige for afsenderen af denne afstemning",
  "Cancel": "Annuller",
  "Change": "Rediger",
  "Confirm": "Bekræft",
  "dueBy": "Forfalder",
  "dueByDate": "Forfalder {0}",
  "multipleResponses": "Tillad flere svar",
  "responseOptions": "Indstillinger for svar",
  "resultsVisibleTo": "Resultaterne kan ses af",
  "resultsVisibleToAll": "Alle",
  "resultsVisibleToSender": "Kun mig",
  "datePickerPlaceholder": "Vælg en dato...",
  "timePickerPlaceholder": "Vælg et klokkeslæt...",
  "PollResult": "Afstemningsresultat – {0}",
  "UnknownMember": "Ukendt medlem",
  "AddChoice": "Tilføj valg",
  "DeleteChoice": "Slet valg",
  "GotIt": "Forstået",
  "ChatLieErrorText": "Send en besked for at få gang i samtalen, og vend så tilbage til Afstemning",
  "DismissMenu": "Luk menuen",
  "MoreOptions": "Flere indstillinger",
  "PollOptions": "Valgmuligheder i afstemning",
  "GenericError": "Der opstod et problem med at oprette forbindelse til denne app. Prøv igen efter et stykke tid.",
  "PollDeletedError": "Dette afstemning er blevet slettet.",
  "PollDeletedErrorDescription": "Denne afstemning er ikke mere relevant og slettet af forfatteren.",
  "Close": "Luk",
  "ResponderAccessibilityLabel": "{0} har svaret {1} den {2}",
  "OptionResponseAccessibility": "{0}, {1} har svaret, {2}",
  "Next": "Næste",
  "DeleteChoiceX": "Slet valg {0}",
  "ChangeDueBy": "Skift forfaldsdato",
  "DialogTalkback": "Dialogboksen {0}. {1}",
  "NotRespondedLabel": "Du har ikke svaret",
  "NotRespondedLabel.comment": "Meddelelse til ikke-forfattere af afstemning, når resultatets synlighed kun er angivet til forfatter, og afstemningen er lukket eller udløbet, og brugeren har ikke svaret",
  "PollDeleted": "Dette afstemning er blevet slettet",
  "PollClosed": "Afstemningen er lukket",
  "PollExpired": "Afstemningen er udløbet",
  "ResultEveryone": "Svarene kan ses af alle",
  "ResultCreator": "Svarene kan kun ses af forfatteren",
  "Submit": "Afgiv stemme",
  "Results": "Vis resultat",
  "BeTheFirstOneToRespond": "Vær den første til at deltage i afstemningen",
  "OneResponded": "{0} svarede",
  "TwoResponded": "{0} og {1} svarede",
  "ThreeResponded": "{0}, {1} og {2} svarede",
  "ThreeAndOneOtherResponded": "{0}, {1}, {2} og 1 anden svarede",
  "ThreeAndOthersResponded": "{0}, {1}, {2} og {3} andre svarede",
  "CreateNewPoll": "Opret en ny afstemning",
  "ResultsTitle": "Resultatvisning",
  "$manifest.name": "Afstemning",
  "$manifest.views.LaunchView.header": "Opret afstemning",
  "$manifest.description": "Stil et spørgsmål, og få folks mening",
  "$manifest.msTeamsProps.name.short": "Afstemning",
  "$manifest.msTeamsProps.name.full": "Afstemning",
  "$manifest.msTeamsProps.description.short": "Stil et spørgsmål, og få folks mening",
  "$manifest.msTeamsProps.description.full": "Få dit teams mening ved at oprette en afstemning i en chat eller en kanal.​ Find appen i \"…\" under feltet til oprettelse af en meddelelse​ Angiv dit spørgsmål og dine valg – så er du klar til at komme i gang. Hold styr på deltagelsen ved at spore svar. Download afstemningsresultatet for at dele det med dine kolleger."
}