{"name.short":"വോട്ടെടുപ്പ്","name.full":"പോൾ","composeExtensions[0].commands[0].title":"വോട്ടെടുപ്പ് സൃഷ്ടിക്കുക","description.short":"ഒരു ചോദ്യം ചോദിച്ചുകൊണ്ട് ആളുകളുടെ അഭിപ്രായം നേടുക","description.full":"ഒരു ചാറ്റിലോ ചാനലിലോ ഒരു വോട്ടെടുപ്പ് സൃഷ്ടിച്ചുകൊണ്ട് നിങ്ങളുടെ ടീമിന്റെ അഭിപ്രായം നേടുക.​ സന്ദേശത്തിന് കീഴിലുള്ള \"…\" എന്ന അപ്ലിക്കേഷനിൽ രചിക്കൽ ബോക്സ്​ കണ്ടെത്തുക. നിങ്ങളുടെ ചോദ്യവും തിരഞ്ഞെടുക്കലുകളും രേഖപ്പെടുത്തുക നിങ്ങൾ പോകുന്നത് നല്ലതാണ് പ്രതികരണങ്ങൾ ട്രാക്കുചെയ്യുന്നതിലൂടെ പങ്കാളിത്തത്തിൽ മികച്ചതായി തുടരുക. നിങ്ങളുടെ സഹപ്രവർത്തകരുമായി പങ്കിടുന്നതിന് വോട്ടെടുപ്പ് ഫലം ഡൗൺലോഡുചെയ്യുക."}