{"name.short":"Ψηφοφορία","name.full":"Ψηφοφορία","composeExtensions[0].commands[0].title":"Δημιουργία ψηφοφορίας","description.short":"Κάντε μια ερώτηση και μάθετε την άποψη των άλλων ατόμων","description.full":"Μάθετε τη γνώμη της ομάδας σας, δημιουργώντας μια ψηφοφορία σε μια συνομιλία ή ένα κανάλι.​• Βρείτε την εφαρμογή στο \"…\" κάτω από το πλαίσιο σύνταξης μηνύματος​• Πληκτρολογήστε την ερώτηση και τις επιλογές σας και είστε έτοιμοι. Κατεβάστε το αποτέλεσμα της ψηφοφορίας για κοινή χρήση με τους συναδέλφους σας."}