{"name.short":"Äänestys","name.full":"Äänestys","composeExtensions[0].commands[0].title":"Luo kysely","description.short":"Esitä kysymys ja selvitä ihmisten mielipiteet","description.full":"Selvitä tiimisi mielipiteet luomalla äänestys keskustelussa tai kanavalla.​ Löydät sovelluksen kohdasta \"…\" viestin luomisruudussa​. Kirjoita kysymykset ja valinnat, niin kaikki on valmista. Pysy ajan tasalla osallistumisesta seuraamalla vastauksia. Lataamalla äänestyksen tulokset voit jakaa ne työtovereillesi."}