{
  "Choice": "Valg {0}",
  "ResultsVisibilitySettingsSummaryEveryone": "Resultater synlige for alle",
  "ResultsVisibilitySettingsSummarySenderOnly": "Resultater synlige bare for meg",
  "DueInYears": "Forfaller om {0} år",
  "DueInYear": "Forfaller om {0} år",
  "DueInMonths": "Forfaller om {0} måneder",
  "DueInMonth": "Forfaller om {0} måned",
  "DueInWeeks": "Forfaller om {0} uker",
  "DueInWeek": "Forfaller om {0} uke",
  "DueInDays": "Forfaller om {0} dager",
  "DueInDay": "Forfaller om {0} dag",
  "DueInHoursAndMinutes": "Forfaller om {0} timer, {1} minutter",
  "DueInHourAndMinutes": "Forfaller om {0} time og {1} minutter",
  "DueInHoursAndMinute": "Forfaller om {0} timer, {1} minutt",
  "DueInHourAndMinute": "Forfaller om {0} time og {1} minutt",
  "DueInHours": "Forfaller om {0} timer",
  "DueInHour": "Forfaller om {0} time",
  "DueInMinutes": "Forfaller om {0} minutter",
  "DueInMinute": "Forfaller om {0} minutt",
  "Send": "Send avstemning",
  "TitleBlankError": "Tittelen kan ikke være tom",
  "PollTitlePlaceholder": "Skriv inn et avstemningsspørsmål",
  "Settings": "Innstillinger",
  "BlankChoiceError": "Valget kan ikke stå tomt",
  "You": "Du",
  "YetToRespond": "{0} har ennå ikke svart",
  "ResponseFetchError": "Henting av svar mislyktes. Prøv igjen.",
  "Back": "Tilbake",
  "ViewResponses": "Vis svar",
  "Download": "Last ned",
  "DownloadResponses": "Last ned CSV",
  "DownloadYourResponses": "Last ned svaret",
  "DownloadImage": "Last ned bilde",
  "ClosedOn": "Lukket den {0}",
  "ExpiredOn": "Utløp den {0}",
  "FeatureNotAvailable": "Denne funksjonen er ikke tilgjengelig for øyeblikket",
  "OK": "OK",
  "SelectADate": "Velg en dato...",
  "SelectATime": "Velg et tidspunkt...",
  "SomethingWentWrong": "Noe gikk galt",
  "ChangeDueDate": "Endre forfallsdato",
  "ChangeDate": "Endre dato",
  "ClosePoll": "Lukk avstemning",
  "DeletePoll": "Slett avstemning",
  "ClosePollConfirmation": "Er du sikker på at du vil lukke denne avstemningen?",
  "DeletePollConfirmation": "Er du sikker på at du vil slette denne avstemningen?",
  "Participation": "Deltakelse {0}%",
  "BarPercentage": "{0}%",
  "ParticipationIndicatorSingular": "{0} av {1} personer svarte",
  "ParticipationIndicatorPlural": "{0} av {1} personer svarte",
  "Responders": "Respondentene",
  "NonResponders": "Svarer ikke",
  "NotResponded": "Du har ikke svart",
  "YourResponse": "Ditt svar: {0}",
  "VisibilityCreatorOnlyLabel": "Resultater bare synlige for avsenderen av denne meningsmålingen",
  "Cancel": "Avbryt",
  "Change": "Endre",
  "Confirm": "Bekreft",
  "dueBy": "Forfaller",
  "dueByDate": "Forfaller {0}",
  "multipleResponses": "Tillat flere svar",
  "responseOptions": "Svaralternativer",
  "resultsVisibleTo": "Resultatene er synlige for",
  "resultsVisibleToAll": "Alle",
  "resultsVisibleToSender": "Bare meg",
  "datePickerPlaceholder": "Velg en dato...",
  "timePickerPlaceholder": "Velg et tidspunkt...",
  "PollResult": "Avstemmingsresultat – {0}",
  "UnknownMember": "Ukjent medlem",
  "AddChoice": "Legg til valg",
  "DeleteChoice": "Slett valg",
  "GotIt": "Skjønner",
  "ChatLieErrorText": "Send en melding for å sette samtalen i gang, og kom så tilbake til undersøkelse",
  "DismissMenu": "Lukk menyen",
  "MoreOptions": "Flere alternativer",
  "PollOptions": "Alternativer for undersøkelse",
  "GenericError": "Når ikke appen. Prøv på nytt senere.",
  "PollDeletedError": "Avstemmingen har blitt slettet.",
  "PollDeletedErrorDescription": "Denne avstemningen er ikke lenger relevant og ble slettet av personen som opprettet den.",
  "Close": "Lukk",
  "ResponderAccessibilityLabel": "{0} svarte {1} på {2}",
  "OptionResponseAccessibility": "{0}, {1} respondenter, {2}",
  "Next": "Neste",
  "DeleteChoiceX": "Slett valg {0}",
  "ChangeDueBy": "Endring forfaller",
  "DialogTalkback": "{0} dialog. {1}",
  "NotRespondedLabel": "Du svarte ikke",
  "NotRespondedLabel.comment": "Melding for ikke-opprettere av avstemning når resultatene er angitt som synlige bare for oppretteren, og avstemningen er avsluttet eller utløpt, og brukeren ikke har svart",
  "PollDeleted": "Meldingen har blitt slettet",
  "PollClosed": "Avstemning lukket",
  "PollExpired": "Avstemning utløpt",
  "ResultEveryone": "Svarene er synlige for alle",
  "ResultCreator": "Svarene er bare synlige for oppretteren",
  "Submit": "Send stemme",
  "Results": "Vis resultatet",
  "BeTheFirstOneToRespond": "Vær den første til ta avstemningen",
  "OneResponded": "{0} svarte",
  "TwoResponded": "{0} og {1} svarte",
  "ThreeResponded": "{0}, {1} og {2} svarte",
  "ThreeAndOneOtherResponded": "{0}, {1}, {2} og 1 annen svarte",
  "ThreeAndOthersResponded": "{0}, {1}, {2} og {3} andre svarte",
  "CreateNewPoll": "Opprett en ny undersøkelse",
  "ResultsTitle": "Resultatvisning",
  "$manifest.name": "Avstemning",
  "$manifest.views.LaunchView.header": "Opprett undersøkelse",
  "$manifest.description": "Still et spørsmål og få andres mening",
  "$manifest.msTeamsProps.name.short": "Avstemning",
  "$manifest.msTeamsProps.name.full": "Avstemning",
  "$manifest.msTeamsProps.description.short": "Still et spørsmål og få andres mening",
  "$manifest.msTeamsProps.description.full": "Få gruppens mening ved å opprette en meningsmåling i en chat eller en kanal.​ Finn appen i «…» under meldingsskriveboksen​. Skriv inn spørsmålet og valgene dine, og du er klar. Hold oversikt over deltakelsen ved å spore svar. Last ned undersøkelsesresultatene for å dele dem med kollegene dine."
}