{
  "Choice": "ఎంపిక {0}",
  "ResultsVisibilitySettingsSummaryEveryone": "ఫలితాలు అందరికీ కనిపిస్తాయి",
  "ResultsVisibilitySettingsSummarySenderOnly": "ఫలితాలు నాకు మాత్రమే కనిపించాలి",
  "DueInYears": "{0} సంవత్సరాల్లో గడువు ముగుస్తుంది",
  "DueInYear": "{0} సంవత్సరంలో గడువు ముగుస్తుంది",
  "DueInMonths": "{0} నెలల్లో గడువు ముగుస్తుంది",
  "DueInMonth": "{0} నెలలో గడువు ముగుస్తుంది",
  "DueInWeeks": "{0} వారాలలో గడువు ముగుస్తుంది",
  "DueInWeek": "{0} వారంలో గడువు ముగుస్తుంది",
  "DueInDays": "{0} రోజులలో గడువు ముగుస్తుంది",
  "DueInDay": "{0} రోజులో గడువు ముగుస్తుంది",
  "DueInHoursAndMinutes": "మిగిలిన గడువు సమయం {0} గంటలు, {1} నిమిషాలు",
  "DueInHourAndMinutes": "మిగిలిన గడువు సమయం {0} గంట, {1} నిమిషాలు",
  "DueInHoursAndMinute": "మిగిలిన గడువు సమయం {0} గంటలు, {1} నిమిషం",
  "DueInHourAndMinute": "మిగిలిన గడువు సమయం {0} గంట, {1} నిమిషం",
  "DueInHours": "మిగిలిన గడువు సమయం {0} గంటలు",
  "DueInHour": "{0} గంటలో గడువు ముగుస్తుంది",
  "DueInMinutes": "{0} నిమిషాలలో గడువు ముగుస్తుంది",
  "DueInMinute": "{0} నిమిషంలో గడువు ముగుస్తుంది",
  "Send": "పోల్‌ను పంపు",
  "TitleBlankError": "శీర్షిక ఖాళీగా ఉండకూడదు",
  "PollTitlePlaceholder": "పోల్ ప్రశ్నను నమోదు చేయండి",
  "Settings": "సెట్టింగ్‌లు",
  "BlankChoiceError": "ఎంపిక ఖాళీగా ఉండకూడదు",
  "You": "మీరు",
  "YetToRespond": "{0} ఇంకా ప్రతిస్పందించలేదు",
  "ResponseFetchError": "ప్రతిస్పందనను పొందడం విఫలమైంది. మళ్లీ ప్రయత్నించండి.",
  "Back": "వెనుకకు",
  "ViewResponses": "ప్రతిస్పందనలను చూడండి",
  "Download": "డౌన్‌లోడ్ చేయి",
  "DownloadResponses": "CSVని డౌన్‌లోడ్ చేయి",
  "DownloadYourResponses": "మీ ప్రతిస్పందనను డౌన్‌లోడ్ చేయి",
  "DownloadImage": "చిత్రాన్ని డౌన్‌లోడ్ చేయి",
  "ClosedOn": "{0} తేదీన మూసివేసారు",
  "ExpiredOn": "{0} తేదీన గడువు ముగిసింది",
  "FeatureNotAvailable": "ప్రస్తుతం ఈ సమూహానికి ఈ ఫీచర్ అందుబాటులో లేదు",
  "OK": "సరే",
  "SelectADate": "తేదీని ఎంచుకోండి...",
  "SelectATime": "సమయాన్ని ఎంచుకోండి...",
  "SomethingWentWrong": "ఏదో తప్పు జరిగింది",
  "ChangeDueDate": "గడువు తేదీని మార్చు",
  "ChangeDate": "తేదీని మార్చు",
  "ClosePoll": "పోల్‌ని మూసివేయి",
  "DeletePoll": "పోల్‌ను తొలగించు",
  "ClosePollConfirmation": "ఈ పోల్‌ను ఖచ్చితంగా మూసివేయాలా?",
  "DeletePollConfirmation": "ఈ పోల్‌ను ఖచ్చితంగా తొలగించాలా?",
  "Participation": "భాగస్వామ్యం {0}%",
  "BarPercentage": "{0}%",
  "ParticipationIndicatorSingular": "{1} మందిలో {0} ప్రతిస్పందించారు",
  "ParticipationIndicatorPlural": "{1} మందిలో {0} ప్రతిస్పందించారు",
  "Responders": "ప్రతిస్పందించిన వ్యక్తులు",
  "NonResponders": "ఇప్పటికీ ప్రతిస్పందించలేదు",
  "NotResponded": "మీరు ప్రతిస్పందించలేదు",
  "YourResponse": "మీ ప్రతిస్పందన: {0}",
  "VisibilityCreatorOnlyLabel": "ఫలితాలు ఈ పోల్‌ను పంపినవారికి మాత్రమే కనిపిస్తాయి",
  "Cancel": "రద్దు చేయి",
  "Change": "మార్చు",
  "Confirm": "ధృవీకరించు",
  "dueBy": "గడువు",
  "dueByDate": "గడువు తేదీ {0}",
  "multipleResponses": "బహుళ ప్రతిస్పందనలను అనుమతించు",
  "responseOptions": "ప్రతిస్పందన ఎంపికలు",
  "resultsVisibleTo": "సర్వే ఫలితాలను ఎవరు చూడవచ్చు",
  "resultsVisibleToAll": "అందరూ",
  "resultsVisibleToSender": "నేను మాత్రమే",
  "datePickerPlaceholder": "తేదీని ఎంచుకోండి...",
  "timePickerPlaceholder": "సమయాన్ని ఎంచుకోండి...",
  "PollResult": "పోల్ ఫలితం - {0}",
  "UnknownMember": "తెలియని సభ్యులు",
  "AddChoice": "ఎంపికను జోడించండి",
  "DeleteChoice": "ఎంపికను తొలగించు",
  "GotIt": "అర్థమైంది",
  "ChatLieErrorText": "ఈ సంభాషణను ప్రారంభించడం కోసం సందేశాన్ని పంపండి, ఆపై తిరిగి పోల్ వద్దకు రండి",
  "DismissMenu": "మెనుని విస్మరించు",
  "MoreOptions": "మరిన్ని ఎంపికలు",
  "PollOptions": "పోల్ ఎంపికలు",
  "GenericError": "ఈ యాప్‌లోకి వెళుతున్నప్పుడు సమస్య ఏర్పడింది. తర్వాత మళ్లీ ప్రయత్నించండి.",
  "PollDeletedError": "ఈ పోల్ తొలగించబడింది.",
  "PollDeletedErrorDescription": "ఈ పోల్ ఇక సంబంధితమైనది కాదు మరియు రూపకర్త ద్వారా తొలగించబడుతుంది.",
  "Close": "మూసివేయి",
  "ResponderAccessibilityLabel": "{2} తేదీన {0} {1} అని ప్రతిస్పందించారు",
  "OptionResponseAccessibility": "{0}, {1} మంది ప్రతిస్పందించిన వ్యక్తులు, {2}",
  "Next": "తదుపరి",
  "DeleteChoiceX": "ఎంపిక {0}ను తొలగించు",
  "ChangeDueBy": "మార్పు గడువు తేదీ",
  "DialogTalkback": "{0} డైలాగ్. {1}",
  "NotRespondedLabel": "మీరు ప్రతిస్పందించలేదు",
  "NotRespondedLabel.comment": "ఫలిత దృశ్యమానత సృష్టికర్తకు మాత్రమే సెట్ చేయబడినప్పుడు మరియు పోల్ మూసివేయబడినప్పుడు లేదా గడువు ముగిసినప్పుడు మరియు వినియోగదారు స్పందించనప్పుడు పోల్ సృష్టికర్తలకు సందేశం",
  "PollDeleted": "ఈ పోల్ తొలగించబడింది",
  "PollClosed": "పోల్ మూసివేయబడింది",
  "PollExpired": "పోల్ గడువు ముగిసింది",
  "ResultEveryone": "ప్రతిస్పందనలు అందరికీ కనిపిస్తాయి",
  "ResultCreator": "సృష్టికర్తకు మాత్రమే ప్రతిస్పందనలు కనిపిస్తాయి",
  "Submit": "ఓటును సమర్పించు",
  "Results": "ఫలితాన్ని వీక్షించండి",
  "BeTheFirstOneToRespond": "పోల్‌లో అందరికంటే ముందు పాల్గొనండి",
  "OneResponded": "{0} ప్రతిస్పందించారు",
  "TwoResponded": "{0}, {1} ప్రతిస్పందించారు",
  "ThreeResponded": "{0}, {1}, {2} ప్రతిస్పందించారు",
  "ThreeAndOneOtherResponded": "{0}, {1}, {2}, మరో 1 వ్యక్తి ప్రతిస్పందించారు",
  "ThreeAndOthersResponded": "{0}, {1}, {2}, మరో {3} మంది వ్యక్తులు ప్రతిస్పందించారు",
  "CreateNewPoll": "కొత్త పోల్‌ను సృష్టించు",
  "ResultsTitle": "ఫలితం వీక్షణ",
  "$manifest.name": "పోల్",
  "$manifest.views.LaunchView.header": "పోల్‌ని సృష్టించు",
  "$manifest.description": "ప్రశ్నను అడిగి, వ్యక్తుల అభిప్రాయాన్ని పొందండి",
  "$manifest.msTeamsProps.name.short": "పోల్",
  "$manifest.msTeamsProps.name.full": "పోల్",
  "$manifest.msTeamsProps.description.short": "ప్రశ్నను అడిగి, వ్యక్తుల అభిప్రాయాన్ని పొందండి",
  "$manifest.msTeamsProps.description.full": "చాట్ లేదా ఛానెల్ లో పోల్ ను సృష్టించడం ద్వారా మీ బృందం అభిప్రాయాన్ని పొందండి.​ సందేశం కంపోజ్ బాక్స్ క్రింద '…' లో అప్లికేషన్ ను కనుగొనండి​. మీ ప్రశ్న మరియు ఎంపికలను నమోదు చేయండి మరియు మీరు ప్రారంభించవచ్చు. ప్రతిస్పందనలను ట్రాక్ చేయడం ద్వారా పాల్గొనడం చూసుకోండి. మీ సహోద్యోగులతో భాగస్వామ్యం చేయడానికి పోల్ ఫలితాన్ని డౌన్ లోడ్ చేయండి."
}