{"name.short":"Upitnik","name.full":"Upitnik","composeExtensions[0].commands[0].title":"Kreiranje ankete","description.short":"Postavite pitanje i saznajte šta ljudi misle","description.full":"Preuzmite mišljenje tima tako što ćete kreirati anketu na ćaskanju ili kanalu.​ Pronađite aplikaciju u \"…\" ispod okvira za pisanje poruka​. Unesite pitanje i izbore i spremni ste za polazak. Budite u vrhu učešća praćenjem odgovora. Preuzmite rezultate ankete koje će se deliti sa vašim saradnicima."}