{
  "Choice": "Wybór {0}",
  "ResultsVisibilitySettingsSummaryEveryone": "Wyniki widoczne dla wszystkich",
  "ResultsVisibilitySettingsSummarySenderOnly": "Wyniki widoczne tylko dla mnie",
  "DueInYears": "Termin upływa za {0} lat(a)",
  "DueInYear": "Termin upływa za {0} rok",
  "DueInMonths": "Termin upływa za {0} mies.",
  "DueInMonth": "Termin upływa za {0} miesiąc",
  "DueInWeeks": "Termin upływa za {0} tyg.",
  "DueInWeek": "Termin upływa za {0} tydzień",
  "DueInDays": "Termin upływa za {0} dni",
  "DueInDay": "Termin upływa za {0} dzień",
  "DueInHoursAndMinutes": "Termin upływa za {0} godz. i {1} min",
  "DueInHourAndMinutes": "Termin upływa za {0} godzinę i {1} min",
  "DueInHoursAndMinute": "Termin upływa za {0} godz. i {1} minutę",
  "DueInHourAndMinute": "Termin upływa za {0} godzinę i {1} minutę",
  "DueInHours": "Termin upływa za {0} godz.",
  "DueInHour": "Termin upływa za {0} godzinę",
  "DueInMinutes": "Termin upływa za {0} min",
  "DueInMinute": "Termin upływa za {0} minutę",
  "Send": "Wyślij sondę",
  "TitleBlankError": "Tytuł nie może być pusty",
  "PollTitlePlaceholder": "Wprowadź pytanie sondy",
  "Settings": "Ustawienia",
  "BlankChoiceError": "Wybór nie może być pusty",
  "You": "Ty",
  "YetToRespond": "Jeszcze nie odpowiedziało: {0}",
  "ResponseFetchError": "Pobieranie odpowiedzi nie powiodło się. Spróbuj ponownie.",
  "Back": "Wróć",
  "ViewResponses": "Wyświetl odpowiedzi",
  "Download": "Pobierz",
  "DownloadResponses": "Pobierz plik CSV",
  "DownloadYourResponses": "Pobierz odpowiedź",
  "DownloadImage": "Pobierz obraz",
  "ClosedOn": "Zamknięte {0}",
  "ExpiredOn": "Wygasłe {0}",
  "FeatureNotAvailable": "Ta funkcja jest obecnie niedostępna",
  "OK": "OK",
  "SelectADate": "Wybierz datę...",
  "SelectATime": "Wybierz godzinę...",
  "SomethingWentWrong": "Wystąpił problem",
  "ChangeDueDate": "Zmień datę ukończenia",
  "ChangeDate": "Zmień datę",
  "ClosePoll": "Zamknij sondę",
  "DeletePoll": "Usuń sondę",
  "ClosePollConfirmation": "Czy na pewno chcesz zamknąć tę sondę?",
  "DeletePollConfirmation": "Czy na pewno chcesz usunąć tę sondę?",
  "Participation": "Uczestnictwo: {0}%",
  "BarPercentage": "{0}%",
  "ParticipationIndicatorSingular": "Udzieliło odpowiedzi: {0} z {1}",
  "ParticipationIndicatorPlural": "Udzieliło odpowiedzi: {0} z {1}",
  "Responders": "Respondenci",
  "NonResponders": "Nie ma jeszcze odpowiedzi",
  "NotResponded": "Nie udzielono odpowiedzi",
  "YourResponse": "Twoja odpowiedź: {0}",
  "VisibilityCreatorOnlyLabel": "Wyniki widoczne tylko dla nadawcy tego sondażu",
  "Cancel": "Anuluj",
  "Change": "Zmień",
  "Confirm": "Potwierdź",
  "dueBy": "Termin",
  "dueByDate": "Termin {0}",
  "multipleResponses": "Zezwól na wiele odpowiedzi",
  "responseOptions": "Opcje odpowiedzi",
  "resultsVisibleTo": "Wyniki widoczne dla",
  "resultsVisibleToAll": "Wszyscy",
  "resultsVisibleToSender": "Tylko ja",
  "datePickerPlaceholder": "Wybierz datę...",
  "timePickerPlaceholder": "Wybierz godzinę...",
  "PollResult": "Wynik sondy — {0}",
  "UnknownMember": "Nieznany członek",
  "AddChoice": "Dodaj opcję wyboru",
  "DeleteChoice": "Usuń wybór",
  "GotIt": "Rozumiem",
  "ChatLieErrorText": "Wyślij wiadomość, aby rozpocząć tę konwersację, a następnie wróć do sondażu",
  "DismissMenu": "Zamknij menu",
  "MoreOptions": "Więcej opcji",
  "PollOptions": "Opcje ankiety",
  "GenericError": "Wystąpił problem podczas uzyskiwania dostępu do tej aplikacji. Spróbuj ponownie później.",
  "PollDeletedError": "Ta sonda została usunięta.",
  "PollDeletedErrorDescription": "Ta sonda nie jest już potrzebna i została usunięta przez twórcę.",
  "Close": "Zamknij",
  "ResponderAccessibilityLabel": "Użytkownik {0} odpowiedział {1} w dniu {2}",
  "OptionResponseAccessibility": "{0}, {1} respondentów, {2}",
  "Next": "Dalej",
  "DeleteChoiceX": "Usuń opcję wyboru {0}",
  "ChangeDueBy": "Zmień termin wykonania",
  "DialogTalkback": "Okno dialogowe {0}. {1}",
  "NotRespondedLabel": "Brak odpowiedzi",
  "NotRespondedLabel.comment": "Wiadomość dla osób niebędących twórcami ankiety, gdy widoczność wyników jest ustawiona tylko na twórcę i ankieta jest zamknięta lub wygasła, a użytkownik nie odpowiedział",
  "PollDeleted": "Ta sonda została usunięta",
  "PollClosed": "Sonda została zamknięta",
  "PollExpired": "Sonda wygasła",
  "ResultEveryone": "Odpowiedzi są widoczne dla wszystkich",
  "ResultCreator": "Odpowiedzi są widoczne tylko dla twórcy",
  "Submit": "Głosuj",
  "Results": "Wyświetl wynik",
  "BeTheFirstOneToRespond": "Zostań pierwszą osobą, która uczestniczyła w sondzie",
  "OneResponded": "Użytkownik {0} udzielił odpowiedzi",
  "TwoResponded": "Użytkownicy {0} i {1} udzielili odpowiedzi",
  "ThreeResponded": "Użytkownicy {0}, {1} i {2} udzielili odpowiedzi",
  "ThreeAndOneOtherResponded": "Użytkownicy {0}, {1}, {2} i 1 inny udzielili odpowiedzi",
  "ThreeAndOthersResponded": "Użytkownicy {0}, {1}, {2} i {3} innych udzielili odpowiedzi",
  "CreateNewPoll": "Utwórz nową ankietę",
  "ResultsTitle": "Widok wyników",
  "$manifest.name": "Ankieta",
  "$manifest.views.LaunchView.header": "Utwórz ankietę",
  "$manifest.description": "Zadaj pytanie i uzyskaj opinię innych osób",
  "$manifest.msTeamsProps.name.short": "Ankieta",
  "$manifest.msTeamsProps.name.full": "Ankieta",
  "$manifest.msTeamsProps.description.short": "Zadaj pytanie i uzyskaj opinię innych osób",
  "$manifest.msTeamsProps.description.full": "Poznaj opinie swojego zespołu, tworząc sondę na czacie lub kanale.​ Znajdź aplikację w folderze „…” poniżej pola redagowania wiadomości​. Wprowadź pytania oraz możliwe wybory i gotowe. Monitoruj uczestnictwo przez śledzenie odpowiedzi. Pobierz wyniki sondy, aby udostępnić je współpracownikom."
}