{"name.short":"પોલ","name.full":"પોલ","composeExtensions[0].commands[0].title":"મતદાન બનાવો","description.short":"પ્રશ્ન પૂછો અને લોકોનો અભિપ્રાય મેળવો","description.full":"ચૅટ અથવા ચેનલમાં પોલ બનાવીને તમારી ટીમનો અભિપ્રાય મેળવો. ​ સંદેશ લખો બૉક્સ હેઠળ '…' માં એપ્લિકેશન શોધી કાઢો​. તમારા પ્રશ્નો અને વિકલ્પો દાખલ કરો અને હવે તમે આગળ વધવા તૈયાર છ. પ્રતિસાદોને ટ્રેક કરીને ટોચના સહભાગી બન. તમારા સહ-કર્મચારીઓ સાથે શેર કરવા માટે પોલ પરિણામો ડાઉનલોડ કરો."}