{
  "Choice": "Scelta {0}",
  "ResultsVisibilitySettingsSummaryEveryone": "Risultati visibili a tutti",
  "ResultsVisibilitySettingsSummarySenderOnly": "Risultati visibili solo a me",
  "DueInYears": "Scade tra {0} anni",
  "DueInYear": "Scade tra {0} anno",
  "DueInMonths": "Scade tra {0} mesi",
  "DueInMonth": "Scade tra {0} mese",
  "DueInWeeks": "Scade tra {0} settimane",
  "DueInWeek": "Scade tra {0} settimana",
  "DueInDays": "Scade tra {0} giorni",
  "DueInDay": "Scade tra {0} giorno",
  "DueInHoursAndMinutes": "Scade tra {0} ore, {1} minuti",
  "DueInHourAndMinutes": "Scade tra {0} ora, {1} minuti",
  "DueInHoursAndMinute": "Scade tra {0} ore, {1} minuto",
  "DueInHourAndMinute": "Scade tra {0} ora, {1} minuto",
  "DueInHours": "Scade tra {0} ore",
  "DueInHour": "Scade tra {0} ora",
  "DueInMinutes": "Scade tra {0} minuti",
  "DueInMinute": "Scade tra {0} minuto",
  "Send": "Invia il sondaggio",
  "TitleBlankError": "Il titolo non può essere vuoto",
  "PollTitlePlaceholder": "Immetti la domanda del sondaggio",
  "Settings": "Impostazioni",
  "BlankChoiceError": "La scelta non può essere vuota",
  "You": "Tu",
  "YetToRespond": "{0} persone non hanno ancora risposto",
  "ResponseFetchError": "Il recupero della risposta non è riuscito. Riprova.",
  "Back": "Indietro",
  "ViewResponses": "Visualizza risposte",
  "Download": "Scarica",
  "DownloadResponses": "Scarica CSV",
  "DownloadYourResponses": "Scarica la tua risposta",
  "DownloadImage": "Scarica immagine",
  "ClosedOn": "Chiuso il {0}",
  "ExpiredOn": "Scaduto il {0}",
  "FeatureNotAvailable": "Questa funzionalità non è attualmente disponibile",
  "OK": "OK",
  "SelectADate": "Seleziona una data...",
  "SelectATime": "Seleziona un'ora...",
  "SomethingWentWrong": "Si è verificato un errore",
  "ChangeDueDate": "Modifica scadenza",
  "ChangeDate": "Modifica data",
  "ClosePoll": "Chiudi votazione",
  "DeletePoll": "Elimina sondaggio",
  "ClosePollConfirmation": "Vuoi chiudere questo sondaggio?",
  "DeletePollConfirmation": "Vuoi eliminare questo sondaggio?",
  "Participation": "Partecipazione del {0}%",
  "BarPercentage": "{0}%",
  "ParticipationIndicatorSingular": "{0} persone su {1} hanno risposto",
  "ParticipationIndicatorPlural": "{0} persone su {1} hanno risposto",
  "Responders": "Risponditori",
  "NonResponders": "Ancora nessuna risposta",
  "NotResponded": "Non hai risposto",
  "YourResponse": "La tua risposta: {0}",
  "VisibilityCreatorOnlyLabel": "I risultati sono visibili solo al mittente di questo sondaggio",
  "Cancel": "Annulla",
  "Change": "Modifica",
  "Confirm": "Conferma",
  "dueBy": "In scadenza entro",
  "dueByDate": "In scadenza entro {0}",
  "multipleResponses": "Consenti risposte multiple",
  "responseOptions": "Opzioni di risposta",
  "resultsVisibleTo": "Risultati visibili a",
  "resultsVisibleToAll": "Tutti",
  "resultsVisibleToSender": "Solo io",
  "datePickerPlaceholder": "Seleziona una data...",
  "timePickerPlaceholder": "Seleziona un'ora...",
  "PollResult": "Risultato del sondaggio - {0}",
  "UnknownMember": "Membro sconosciuto",
  "AddChoice": "Aggiungi scelta",
  "DeleteChoice": "Elimina scelta",
  "GotIt": "OK",
  "ChatLieErrorText": "Invia un messaggio per avviare questa conversazione, poi torna a Sondaggio",
  "DismissMenu": "Chiudi menu",
  "MoreOptions": "Altre opzioni",
  "PollOptions": "Opzioni del sondaggio",
  "GenericError": "Si è verificato un problema durante il raggiungimento dell'app. Riprovare tra qualche minuto.",
  "PollDeletedError": "Questa votazione è stata eliminata.",
  "PollDeletedErrorDescription": "Questa votazione non è più pertinente ed è stata eliminata dall'autore.",
  "Close": "Chiudi",
  "ResponderAccessibilityLabel": "{0} ha risposto {1} il {2}",
  "OptionResponseAccessibility": "{0}, {1} risponditori, {2}",
  "Next": "Avanti",
  "DeleteChoiceX": "Elimina la scelta {0}",
  "ChangeDueBy": "Modifica In scadenza entro",
  "DialogTalkback": "Finestra di dialogo {0}. {1}",
  "NotRespondedLabel": "Non hai risposto",
  "NotRespondedLabel.comment": "Messaggio per i non autori di sondaggi quando la visibilità del risultato è impostata su solo autore e il sondaggio è chiuso o scaduto e l'utente non ha risposto",
  "PollDeleted": "Questo sondaggio è stato eliminato",
  "PollClosed": "Votazione chiusa",
  "PollExpired": "Il sondaggio è scaduto",
  "ResultEveryone": "Le risposte sono visibili a tutti",
  "ResultCreator": "Le risposte sono visibili solo all'autore",
  "Submit": "Invia voto",
  "Results": "Visualizza risultato",
  "BeTheFirstOneToRespond": "Rispondi al sondaggio prima degli altri",
  "OneResponded": "{0} ha risposto",
  "TwoResponded": "{0} e {1} hanno risposto",
  "ThreeResponded": "{0}, {1} e {2} hanno risposto",
  "ThreeAndOneOtherResponded": "{0}, {1}, {2} e 1 altra persona hanno risposto",
  "ThreeAndOthersResponded": "{0}, {1}, {2} e altre {3} persone hanno risposto",
  "CreateNewPoll": "Crea un nuovo sondaggio",
  "ResultsTitle": "Visualizzazione risultato",
  "$manifest.name": "Sondaggio",
  "$manifest.views.LaunchView.header": "Crea sondaggio",
  "$manifest.description": "Fai una domanda e ottieni l'opinione delle persone",
  "$manifest.msTeamsProps.name.short": "Sondaggio",
  "$manifest.msTeamsProps.name.full": "Sondaggio",
  "$manifest.msTeamsProps.description.short": "Fai una domanda e ottieni l'opinione delle persone",
  "$manifest.msTeamsProps.description.full": "Crea un sondaggio in una chat o in un canale per ricevere le opinioni del team.​ Trova l'app in \"…\" nella casella di composizione del messaggio​ Inserisci la domanda, le relative scelte e continua. Rimani aggiornato sul livello di partecipazione tenendo traccia delle risposte. Scarica i risultati del sondaggio per condividerli con i colleghi."
}