{
  "Choice": "पसंद {0}",
  "ResultsVisibilitySettingsSummaryEveryone": "परिणाम सभी के लिए दृश्यमान",
  "ResultsVisibilitySettingsSummarySenderOnly": "केवल मेरे लिए दृश्यमान परिणाम",
  "DueInYears": "{0} वर्ष शेष",
  "DueInYear": "{0} वर्ष शेष",
  "DueInMonths": "{0} माह शेष",
  "DueInMonth": "{0} माह शेष",
  "DueInWeeks": "{0} सप्ताह शेष",
  "DueInWeek": "{0} सप्ताह शेष",
  "DueInDays": "{0} दिनों में देय",
  "DueInDay": "{0} दिन में देय",
  "DueInHoursAndMinutes": "{0} घंटे, {1} मिनट शेष",
  "DueInHourAndMinutes": "{0} घंटे, {1} मिनट शेष",
  "DueInHoursAndMinute": "{0} घंटे, {1} मिनट शेष",
  "DueInHourAndMinute": "{0} घंटे, {1} मिनट शेष",
  "DueInHours": "{0} घंटे शेष",
  "DueInHour": "{0} घंटे शेष",
  "DueInMinutes": "{0} मिनट शेष",
  "DueInMinute": "{0} मिनट शेष",
  "Send": "पोल भेजें",
  "TitleBlankError": "शीर्षक रिक्त नहीं छोड़ा जा सकता",
  "PollTitlePlaceholder": "पोल प्रश्न दर्ज करें",
  "Settings": "सेटिंग्स",
  "BlankChoiceError": "पसंद को रिक्त नहीं छोड़ा जा सकता",
  "You": "आप",
  "YetToRespond": "{0} लोगों का प्रतिसाद देना अभी शेष है",
  "ResponseFetchError": "प्रतिसाद प्राप्त करना विफल रहा. पुनः प्रयास करें.",
  "Back": "वापस जाएँ",
  "ViewResponses": "प्रतिसाद देखें",
  "Download": "डाउनलोड करें",
  "DownloadResponses": "CSV डाउनलोड करें",
  "DownloadYourResponses": "आपका प्रतिसाद डाउनलोड करें",
  "DownloadImage": "छवि डाउनलोड करें",
  "ClosedOn": "{0} पर बंद किया गया",
  "ExpiredOn": "{0} पर समाप्त हो गया",
  "FeatureNotAvailable": "वर्तमान में यह सुविधा उपलब्ध नहीं है",
  "OK": "ठीक",
  "SelectADate": "दिनांक का चयन करें...",
  "SelectATime": "समय का चयन करें...",
  "SomethingWentWrong": "कुछ गलत हुआ",
  "ChangeDueDate": "नियत दिनांक परिवर्तित करें",
  "ChangeDate": "दिनांक परिवर्तित करें",
  "ClosePoll": "पोल बंद करें",
  "DeletePoll": "पोल हटाएँ",
  "ClosePollConfirmation": "क्या आप वाकई इस पोल को बंद करना चाहते हैं?",
  "DeletePollConfirmation": "क्या आप वाकई इस पोल को हटाना चाहते हैं?",
  "Participation": "भागीदारी {0}%",
  "BarPercentage": "{0}%",
  "ParticipationIndicatorSingular": "{1} में से {0} लोगों ने प्रतिसाद दिया",
  "ParticipationIndicatorPlural": "{1} में से {0} लोगों ने प्रतिसाद दिया",
  "Responders": "प्रतिसाद देने वाले",
  "NonResponders": "अभी तक प्रतिसाद देना बाकी है",
  "NotResponded": "आपने प्रतिसाद नहीं दिया",
  "YourResponse": "आपकी प्रतिक्रिया: {0}",
  "VisibilityCreatorOnlyLabel": "परिणाम केवल इस पोल के प्रेषक के लिए दृश्यमान है",
  "Cancel": "रद्द करें",
  "Change": "परिवर्तित करें",
  "Confirm": "पुष्टि करें",
  "dueBy": "तक देय",
  "dueByDate": "{0} तक देय",
  "multipleResponses": "एकाधिक प्रतिसाद की अनुमति दें",
  "responseOptions": "प्रतिसाद विकल्प",
  "resultsVisibleTo": "के लिए परिणाम दृश्यमान है",
  "resultsVisibleToAll": "सब",
  "resultsVisibleToSender": "केवल मैं",
  "datePickerPlaceholder": "दिनांक का चयन करें...",
  "timePickerPlaceholder": "समय का चयन करें...",
  "PollResult": "पोल परिणाम-{0}",
  "UnknownMember": "अज्ञात सदस्य",
  "AddChoice": "पसंद जोड़ें",
  "DeleteChoice": "पसंद हटाएँ",
  "GotIt": "समझ गए",
  "ChatLieErrorText": "इस वार्तालाप को प्रारंभ करने के लिए एक संदेश भेजें, और फिर पोल पर वापस आएँ",
  "DismissMenu": "मेनू ख़ारिज करें",
  "MoreOptions": "अधिक विकल्प",
  "PollOptions": "पोल विकल्प",
  "GenericError": "इस अनुप्रयोग तक पहुँचने में कोई समस्या थी. कृपया कुछ समय बाद प्रयास करें.",
  "PollDeletedError": "इस पोल को हटा दिया गया है.",
  "PollDeletedErrorDescription": "यह पोल अब और प्रासंगिक नहीं है और निर्माता द्वारा हटा दिया गया है.",
  "Close": "बंद करें",
  "ResponderAccessibilityLabel": "{0} ने {2} पर {1} प्रतिसाद दिया",
  "OptionResponseAccessibility": "{0}, {1} प्रतिसाद देने वाले, {2}",
  "Next": "अगला",
  "DeleteChoiceX": "{0} पसंद हटाएँ",
  "ChangeDueBy": "इसके द्वारा नियत परिवर्तन",
  "DialogTalkback": "{0} संवाद. {1}",
  "NotRespondedLabel": "आपने प्रतिसाद नहीं दिया",
  "NotRespondedLabel.comment": "पोल के गैर-रचनाकारों के लिए संदेश जब परिणाम दृश्यता केवल निर्माता पर सेट हो, पोल बंद या समाप्त हो गया हो और उपयोगकर्ता ने प्रतिसाद न दिया हो",
  "PollDeleted": "इस पोल को हटा दिया गया है",
  "PollClosed": "पोल बंद कर दिया",
  "PollExpired": "पोल की समय सीमा समाप्त",
  "ResultEveryone": "प्रतिसाद सब के लिए दृश्यमान हैं",
  "ResultCreator": "प्रतिसाद केवल निर्माता के लिए दृश्यमान हैं",
  "Submit": "वोट सबमिट करें",
  "Results": "परिणाम देखें",
  "BeTheFirstOneToRespond": "पोल पूरा करने वाले पहले व्यक्ति बनें",
  "OneResponded": "{0} ने प्रतिसाद दिया",
  "TwoResponded": "{0} और {1} ने प्रतिसाद दिया",
  "ThreeResponded": "{0}, {1} और {2} ने प्रतिसाद दिया",
  "ThreeAndOneOtherResponded": "{0}, {1}, {2} और 1 अन्य ने प्रतिसाद दिया",
  "ThreeAndOthersResponded": "{0}, {1}, {2} और {3} अन्य ने प्रतिसाद दिए",
  "CreateNewPoll": "कोई नया पोल बनाएँ",
  "ResultsTitle": "परिणाम दृश्य",
  "$manifest.name": "पोल",
  "$manifest.views.LaunchView.header": "पोल बनाएँ",
  "$manifest.description": "कोई प्रश्न पूछें और लोगों की राय प्राप्त करें",
  "$manifest.msTeamsProps.name.short": "पोल",
  "$manifest.msTeamsProps.name.full": "सर्वेक्षण",
  "$manifest.msTeamsProps.description.short": "कोई प्रश्न पूछें और लोगों की राय प्राप्त करें",
  "$manifest.msTeamsProps.description.full": "किसी चैट या चैनल में पोल बनाकर अपनी टीम की राय प्राप्त करें.​ संदेश लिखें बॉक्स के अंतर्गत \"…\" में ऐप ढूँढे.​ अपना प्रश्न और अपने विकल्प दर्ज करें और आप आगे बढ़ने के लिए तैयार हैं. प्रतिसादों को ट्रैक करके सहभागिता में सबसे आगे रहें. अपने सहकर्मियों के साथ साझा करने के लिए पोल के परिणाम डाउनलोड करें."
}