{"name.short":"Sondeo","name.full":"Sondeo","composeExtensions[0].commands[0].title":"Crear sondeo","description.short":"Formule una pregunta y reciba la opinión de los usuarios.","description.full":"Reciba la opinión de su equipo creando una encuesta en un chat o un canal.​ Encuentre la aplicación en '…' debajo del cuadro de redacción del mensaje​. Escriba la pregunta y las opciones y ya está listo para empezar. Manténgase informado de la participación haciendo un seguimiento de las respuestas. Descargue los resultados de la encuesta y compártalos con sus compañeros de trabajo."}