{"name.short":"Küsitlus","name.full":"Küsitlus","composeExtensions[0].commands[0].title":"Küsitluse loomine","description.short":"Esitage küsimus ja vaadake, mida inimesed arvavad","description.full":"Töörühma liikmete arvamuste teadasaamiseks saate tekstvestluses või kanalis luua küsitluse.​ Otsige rakendus üles sõnumi koostamise välja all asuva ikooni „…“ kaudu​. Sisestage küsimus ja vastusevariandid ja võibki alustada. Vastuste jälgimine aitab osalusel silma peal hoida. Töökaaslastega jagamiseks saab küsitluse tulemused alla laadida."}