{"name.short":"Hlasování","name.full":"Hlasování","composeExtensions[0].commands[0].title":"Vytvořit hlasování","description.short":"Můžete se ostatních na něco zeptat a získat jejich názor.","description.full":"Zjistěte názor týmu vytvořením hlasování v chatu nebo kanálu.​ Najděte aplikaci v nabídce „…“ pod polem pro psaní zpráv​. Zadejte otázku a volby a je to. Můžete sledovat odpovědi, a mít tak přehled o účasti. Výsledky hlasování si můžete stáhnout a podělit se o ně se spolupracovníky."}