{
  "Choice": "{0} ಅನ್ನು ಆಯ್ಕೆಮಾಡಿ",
  "ResultsVisibilitySettingsSummaryEveryone": "ಫಲಿತಾಂಶಗಳು ಎಲ್ಲರಿಗೂ ಗೋಚರಿಸುತ್ತವೆ",
  "ResultsVisibilitySettingsSummarySenderOnly": "ಫಲಿತಾಂಶಗಳು ನನಗೆ ಮಾತ್ರ ಗೋಚರಿಸುತ್ತವೆ",
  "DueInYears": "{0} ವರ್ಷಗಳಲ್ಲಿ ಬಾಕಿಯಿದೆ",
  "DueInYear": "{0} ವರ್ಷದಲ್ಲಿ ಬಾಕಿಯಿದೆ",
  "DueInMonths": "{0} ತಿಂಗಳುಗಳಲ್ಲಿ ಬಾಕಿಯಿದೆ",
  "DueInMonth": "{0} ತಿಂಗಳಲ್ಲಿ ಬಾಕಿಯಿದೆ",
  "DueInWeeks": "{0} ವಾರಗಳಲ್ಲಿ ಬಾಕಿಯಿದೆ",
  "DueInWeek": "{0} ವಾರದಲ್ಲಿ ಬಾಕಿಯಿದೆ",
  "DueInDays": "{0} ದಿನಗಳಲ್ಲಿ ಬಾಕಿಯಿದೆ",
  "DueInDay": "{0} ದಿನದಲ್ಲಿ ಬಾಕಿಯಿದೆ",
  "DueInHoursAndMinutes": "{0} ಗಂಟೆಗಳು, {1} ನಿಮಿಷಗಳಲ್ಲಿ ಬಾಕಿಯಿದೆ",
  "DueInHourAndMinutes": "{0} ಗಂಟೆ, {1} ನಿಮಿಷಗಳಲ್ಲಿ ಬಾಕಿಯಿದೆ",
  "DueInHoursAndMinute": "{0} ಗಂಟೆಗಳು, {1} ನಿಮಿಷದಲ್ಲಿ ಬಾಕಿಯಿದೆ",
  "DueInHourAndMinute": "{0} ಗಂಟೆ, {1} ನಿಮಿಷದಲ್ಲಿ ಬಾಕಿಯಿದೆ",
  "DueInHours": "{0} ಗಂಟೆಗಳಲ್ಲಿ ಬಾಕಿಯಿದೆ",
  "DueInHour": "{0} ಗಂಟೆಯಲ್ಲಿ ಬಾಕಿಯಿದೆ",
  "DueInMinutes": "{0} ನಿಮಿಷಗಳಲ್ಲಿ ಬಾಕಿಯಿದೆ",
  "DueInMinute": "{0} ನಿಮಿಷದಲ್ಲಿ ಬಾಕಿಯಿದೆ",
  "Send": "ಸಮೀಕ್ಷೆ ಕಳುಹಿಸು",
  "TitleBlankError": "ಶೀರ್ಷಿಕೆಯನ್ನು ಖಾಲಿ ಬಿಡುವಂತಿಲ್ಲ",
  "PollTitlePlaceholder": "ಸಮೀಕ್ಷೆ ಪ್ರಶ್ನೆಯನ್ನು ನಮೂದಿಸಿ",
  "Settings": "ಸೆಟ್ಟಿಂಗ್‌ಗಳು",
  "BlankChoiceError": "ಆಯ್ಕೆ ಖಾಲಿ ಬಿಡುವಂತಿಲ್ಲ",
  "You": "ನೀವು",
  "YetToRespond": "{0} ಇನ್ನು ಪ್ರತಿಕ್ರಿಯಿಸಬೇಕಾಗಿದೆ",
  "ResponseFetchError": "ಪ್ರತಿಕ್ರಿಯೆ ಪಡೆಯುವುದು ವಿಫಲವಾಗಿದೆ. ಮತ್ತೆ ಪ್ರಯತ್ನಿಸಿ.",
  "Back": "ಹಿಂದೆ",
  "ViewResponses": "ಪ್ರತಿಕ್ರಿಯೆಗಳನ್ನು ವೀಕ್ಷಿಸಿ",
  "Download": "ಡೌನ್‌ಲೋಡ್ ಮಾಡಿ",
  "DownloadResponses": "CSV ಡೌನ್‌ಲೋಡ್ ಮಾಡಿ",
  "DownloadYourResponses": "ನಿಮ್ಮ ಪ್ರತಿಕ್ರಿಯೆಯನ್ನು ಆಯ್ಕೆಮಾಡಿ",
  "DownloadImage": "ಇಮೇಜ್ ಡೌನ್‌ಲೋಡ್ ಮಾಡಿ",
  "ClosedOn": "{0} ರಂದು ಮುಚ್ಚಲಾಗಿದೆ",
  "ExpiredOn": "{0} ರಂದು ಅವಧಿ ಮುಗಿದಿದೆ",
  "FeatureNotAvailable": "ಈ ವೈಶಿಷ್ಟ್ಯವು ಪ್ರಸ್ತುತ ಲಭ್ಯವಿಲ್ಲ",
  "OK": "ಸರಿ",
  "SelectADate": "ದಿನಾಂಕವನ್ನು ಆಯ್ಕೆಮಾಡಿ...",
  "SelectATime": "ಸಮಯವನ್ನು ಆಯ್ಕೆಮಾಡಿ...",
  "SomethingWentWrong": "ಏನೋ ತಪ್ಪು ಸಂಭವಿಸಿದೆ",
  "ChangeDueDate": "ಅಂತಿಮ ದಿನಾಂಕವನ್ನು ಬದಲಿಸಿ",
  "ChangeDate": "ದಿನಾಂಕ ಬದಲಿಸು",
  "ClosePoll": "ಪೋಲ್ ಮುಕ್ತಾಯಗೊಳಿಸಿ",
  "DeletePoll": "ಪೋಲ್ ಅನ್ನು ಅಳಿಸು",
  "ClosePollConfirmation": "ಈ ಸಮೀಕ್ಷೆಯನ್ನು ಮುಚ್ಚಲು ನೀವು ಖಚಿತವಾಗಿ ಬಯಸುವಿರಾ?",
  "DeletePollConfirmation": "ಈ ಸಮೀಕ್ಷೆಯನ್ನು ಅಳಿಸಲು ನೀವು ಖಚಿತವಾಗಿ ಬಯಸುವಿರಾ?",
  "Participation": "{0}% ರಷ್ಟು ಭಾಗವಹಿಸುವವರು",
  "BarPercentage": "{0}%",
  "ParticipationIndicatorSingular": "{1} ರಲ್ಲಿ {0} ಪ್ರತಿಕ್ರಿಯಿಸಿದ್ದಾರೆ",
  "ParticipationIndicatorPlural": "{1} ರಲ್ಲಿ {0} ಪ್ರತಿಕ್ರಿಯಿಸಿದ್ದಾರೆ",
  "Responders": "ಪ್ರತಿಕ್ರಿಯೆದಾರರು",
  "NonResponders": "ಇನ್ನೂ ಪ್ರತಿಕ್ರಿಯಿಸಬೇಕಿದೆ",
  "NotResponded": "ನೀವು ಪ್ರತಿಕ್ರಿಯೆ ನೀಡಿಲ್ಲ",
  "YourResponse": "ನಿಮ್ಮ ಪ್ರತಿಕ್ರಿಯೆ: {0}",
  "VisibilityCreatorOnlyLabel": "ಈ ಸಮೀಕ್ಷೆ ಫಲಿತಾಂಶಗಳು ರಚಿಸಿದವರಿಗೆ ಮಾತ್ರ ಗೋಚರಿಸುತ್ತವೆ",
  "Cancel": "ರದ್ದುಗೊಳಿಸು",
  "Change": "ಬದಲಿಸು",
  "Confirm": "ದೃಢಪಡಿಸು",
  "dueBy": "ದಿನಾಂಕದಂದು ಬಾಕಿಯಿದೆ",
  "dueByDate": "{0} ರಂದು ಬಾಕಿಯಿದೆ",
  "multipleResponses": "ಬಹು ಪ್ರತಿಕ್ರಿಯೆಗಳಿಗೆ ಅನುಮತಿಸಿ",
  "responseOptions": "ಪ್ರತಿಕ್ರಿಯೆ ಆಯ್ಕೆಗಳು",
  "resultsVisibleTo": "ಫಲಿತಾಂಶಗಳು ಇಲ್ಲಿ ಕಂಡುಬರುತ್ತವೆ",
  "resultsVisibleToAll": "ಪ್ರತಿಯೊಬ್ಬರೂ",
  "resultsVisibleToSender": "ಕೇವಲ ನಾನು",
  "datePickerPlaceholder": "ದಿನಾಂಕವನ್ನು ಆಯ್ಕೆಮಾಡಿ...",
  "timePickerPlaceholder": "ಸಮಯವನ್ನು ಆಯ್ಕೆಮಾಡಿ...",
  "PollResult": "ಚುನಾವಣೆ ಫಲಿತಾಂಶ - {0}",
  "UnknownMember": "ಅಜ್ಞಾತ ಸದಸ್ಯ",
  "AddChoice": "ಆಯ್ಕೆ ಸೇರಿಸಿ",
  "DeleteChoice": "ಆಯ್ಕೆಯನ್ನು ಅಳಿಸಿ",
  "GotIt": "ಅರ್ಥವಾಯಿತು",
  "ChatLieErrorText": "ಈ ಸಂಭಾಷಣೆಯನ್ನು ಪ್ರಾರಂಭಿಸಲು ಸಂದೇಶವನ್ನು ಕಳುಹಿಸಿ, ತದನಂತರ ಪೋಲ್‌ಗೆ ಮರಳಿ ಬನ್ನಿ",
  "DismissMenu": "ಮೆನು ವಜಾಗೊಳಿಸು",
  "MoreOptions": "ಇನ್ನಷ್ಟು ಆಯ್ಕೆಗಳು",
  "PollOptions": "ಪೋಲ್ ಆಯ್ಕೆಗಳು",
  "GenericError": "ಈ ಅಪ್ಲಿಯನ್ನು ಸಂಪರ್ಕಿಸುವಲ್ಲಿ ಸಮಸ್ಯೆ ಇತ್ತು. ದಯವಿಟ್ಟು ಸ್ವಲ್ಪ ಸಮಯದ ನಂತರ ಪ್ರಯತ್ನಿಸಿ.",
  "PollDeletedError": "ಈ ಪೋಲ್ ಅನ್ನು ಅಳಿಸಲಾಗಿದೆ.",
  "PollDeletedErrorDescription": "ಈ ಪೋಲ್ ಹೆಚ್ಚು ಪ್ರಸ್ತುತವಲ್ಲ ಮತ್ತು ರಚಿಸಿದವರಿಂದ ಅಳಿಸಲ್ಪಟ್ಟಿದೆ.",
  "Close": "ಮುಚ್ಚು",
  "ResponderAccessibilityLabel": "{0} ಅವರು {1} ಅನ್ನು {2} ರಂದು ಪ್ರತಿಕ್ರಿಯಿಸಿದ್ದಾರೆ",
  "OptionResponseAccessibility": "{0}, {1} ಪ್ರತಿಕ್ರಿಯಿಸುವವರು, {2}",
  "Next": "ಮುಂದೆ",
  "DeleteChoiceX": "ಆಯ್ಕೆ ಅಳಿಸಿ {0}",
  "ChangeDueBy": "ಬದಲಾವಣೆ ಬಾಕಿ",
  "DialogTalkback": "{0} ಸಂವಾದ. {1}",
  "NotRespondedLabel": "ನೀವು ಪ್ರತಿಕ್ರಿಯಿಸಲಿಲ್ಲ",
  "NotRespondedLabel.comment": "ಫಲಿತಾಂಶದ ಗೋಚರತೆಯನ್ನು ಸೃಷ್ಟಿಸಿದವರಿಗೆ ಮಾತ್ರ ಸೆಟ್ ಮಾಡಿದಾಗ ಮತ್ತು ಮತದಾನವು ಮುಕ್ತಾಯಗೊಂಡಾಗ ಅಥವಾ ಅವಧಿ ಮುಗಿದಾಗ ಮತ್ತು ಬಳಕೆದಾರ ಪ್ರತಿಕ್ರಿಯಿಸದೇ ಇದ್ದಾಗ ಮತದಾನವನ್ನು ಸೃಷ್ಟಿಸದೇ ಇರುವವರಿಗೆ ಸಂದೇಶಗಳು",
  "PollDeleted": "ಈ ಸಮೀಕ್ಷೆಯನ್ನು ಅಳಿಸಲಾಗಿದೆ",
  "PollClosed": "ಸಮೀಕ್ಷೆಯನ್ನು ಮುಚ್ಚಲಾಗಿದೆ",
  "PollExpired": "ಪೋಲ್ ಅವಧಿ ಮುಗಿದಿದೆ",
  "ResultEveryone": "ಪ್ರತಿಕ್ರಿಯೆಗಳು ಪ್ರತಿಯೊಬ್ಬರಿಗೂ ಗೋಚರಿಸುತ್ತವೆ",
  "ResultCreator": "ಪ್ರತಿಕ್ರಿಯೆಗಳು ರಚಿಸಿದವರಿಗೆ ಮಾತ್ರ ಗೋಚರಿಸುತ್ತವೆ",
  "Submit": "ಮತ ಸಲ್ಲಿಸಿ",
  "Results": "ಫಲಿತಾಂಶವನ್ನು ವೀಕ್ಷಿಸಿ",
  "BeTheFirstOneToRespond": "ಪೋಲ್ ಅನ್ನು ತೆಗೆದುಕೊಳ್ಳುವವರಲ್ಲಿ ಮೊದಲಿಗರಾಗಿರಿ",
  "OneResponded": "{0} ಜನರು ಪ್ರತಿಕ್ರಿಯಿಸಿದ್ದಾರೆ",
  "TwoResponded": "{0} ಮತ್ತು {1} ಪ್ರತಿಕ್ರಿಯಿಸಿದ್ದಾರೆ",
  "ThreeResponded": "{0}, {1} ಮತ್ತು {2} ಪ್ರತಿಕ್ರಿಯಿಸಿದ್ದಾರೆ",
  "ThreeAndOneOtherResponded": "{0}, {1}, {2} ಮತ್ತು 1 ಇತರರು ಪ್ರತಿಕ್ರಿಯಿಸಿದ್ದಾರೆ",
  "ThreeAndOthersResponded": "{0}, {1}, {2} ಮತ್ತು {3} ಇತರರು ಪ್ರತಿಕ್ರಿಯಿಸಿದ್ದಾರೆ",
  "CreateNewPoll": "ಹೊಸ ಪೋಲ್ ರಚಿಸಿ",
  "ResultsTitle": "ಫಲಿತಾಂಶ ವೀಕ್ಷಣೆ",
  "$manifest.name": "ಪೋಲ್",
  "$manifest.views.LaunchView.header": "ಪೋಲ್ ರಚಿಸಿ",
  "$manifest.description": "ಪ್ರಶ್ನೆಯನ್ನು ಕೇಳಿ ಮತ್ತು ಜನರ ಅಭಿಪ್ರಾಯವನ್ನು ಪಡೆಯಿರಿ",
  "$manifest.msTeamsProps.name.short": "ಪೋಲ್",
  "$manifest.msTeamsProps.name.full": "ಮತದಾನ",
  "$manifest.msTeamsProps.description.short": "ಪ್ರಶ್ನೆಯನ್ನು ಕೇಳಿ ಮತ್ತು ಜನರ ಅಭಿಪ್ರಾಯವನ್ನು ಪಡೆಯಿರಿ",
  "$manifest.msTeamsProps.description.full": "ಚಾಟ್ ಅಥವಾ ಚಾನಲ್‍ನಲ್ಲಿ ಮತದಾನ ಸೃಷ್ಟಿಸುವ ಮೂಲಕ ನಿಮ್ಮ ತಂಡದ ಅಭಿಪ್ರಾಯವನ್ನು ಪಡೆಯಿರಿ.•​ ಮೆಸೇಜ್ ಕಂಪೋಸ್ ಬಾಕ್ಸ್ ​ ಅಡಿಯಲ್ಲಿ \"…\" ನಲ್ಲಿ ಆಪ್ ಅನ್ನು ಕಂಡುಹಿಡಿಯಿರಿ • ನಿಮ್ಮ ಪ್ರಶ್ನೆ ಮತ್ತು ಆಯ್ಕೆಗಳನ್ನು ನಮೂದಿಸಿ ಮತ್ತು ನೀವು ಆರಂಭಿಸಲು ಸಿದ್ಧವಾಗಿರುವಿರಿ • ಪ್ರತಿಕ್ರಿಯೆಗಳನ್ನು ಟ್ರಾಕ್ ಮಾಡುವ ಮೂಲಕ ಭಾಗವಹಿಸುವಿಕೆಯ ಉನ್ನತ ಮಟ್ಟದಲ್ಲಿರಿ. ನಿಮ್ಮ ಸಹ ಕೆಲಸಗಾರರೊಂದಿಗೆ ಹಂಚಿಕೊಳ್ಳಲು ಮತದಾನದ ಫಲಿತಾಂಶವನ್ನು ಡೌನ್‌ಲೋಡ್ ಮಾಡಿ."
}