{"name.short":"გამოკითხვა","name.full":"გამოკითხვა","composeExtensions[0].commands[0].title":"გამოკითხვის შექმნა","description.short":"დასვით შეკითხვა და გაიგეთ ხალხის აზრი","description.full":"გაიგეთ თქვენი გუნდის აზრი, ჩატში ან არხზე გამოკითხვის შექმნით.​ იპოვეთ აპი „…“-ში, შეტყობინების შექმნის უჯრის ქვეშ​. შეიყვანეთ თქვენი შეკითხვა და ვარიანტები და შეგიძლიათ დაიწყოთ. აკონტროლეთ მონაწილეობა პასუხებზე თვალყურის დევნებით. ჩამოტვირთეთ გამოკითხვის შედეგი და გაუზიარეთ ის თანამშრომლებს."}