{
  "Choice": "არჩევანი {0}",
  "ResultsVisibilitySettingsSummaryEveryone": "პასუხები ხილულია ყველასთვის",
  "ResultsVisibilitySettingsSummarySenderOnly": "პასუხები ხილულია მხოლოდ ჩემთვის",
  "DueInYears": "სავალდებულოა {0} წელიწადში",
  "DueInYear": "სავალდებულოა {0} წელიწადში",
  "DueInMonths": "სავალდებულოა {0} თვეში",
  "DueInMonth": "სავალდებულოა {0} თვეში",
  "DueInWeeks": "სავალდებულოა {0} კვირაში",
  "DueInWeek": "სავალდებულოა {0} კვირაში",
  "DueInDays": "სავალდებულოა {0} დღეში",
  "DueInDay": "სავალდებულოა {0} დღეში",
  "DueInHoursAndMinutes": "სავალდებულოა {0} საათში, {1} წუთში",
  "DueInHourAndMinutes": "სავალდებულოა {0} საათში, {1} წუთში",
  "DueInHoursAndMinute": "სავალდებულოა {0} საათში, {1} წუთში",
  "DueInHourAndMinute": "სავალდებულოა {0} საათში, {1} წუთში",
  "DueInHours": "სავალდებულოა {0} საათში",
  "DueInHour": "სავალდებულოა {0} საათში",
  "DueInMinutes": "სავალდებულოა {0} წუთში",
  "DueInMinute": "სავალდებულოა {0} წუთში",
  "Send": "გამოკითხვის გაგზავნა",
  "TitleBlankError": "სათაური ცარიელი არ უნდა დარჩეს",
  "PollTitlePlaceholder": "შეიყვანეთ გამოკითხვის შეკითხვა",
  "Settings": "პარამეტრები",
  "BlankChoiceError": "ვარიანტი ცარიელი არ უნდა დარჩეს",
  "You": "თქვენ",
  "YetToRespond": "{0} უკვე უნდა უპასუხოთ",
  "ResponseFetchError": "პასუხის ამოკრეფა ვერ განხორციელდა. ხელახლა სცადეთ.",
  "Back": "უკან",
  "ViewResponses": "იხილეთ პასუხები",
  "Download": "ჩამოტვირთვა",
  "DownloadResponses": "ჩამოტვირთეთ CSV",
  "DownloadYourResponses": "თქვენი პასუხის ჩამოტვირთვა",
  "DownloadImage": "ჩამოტვირთეთ გამოსახულება",
  "ClosedOn": "დახურვის თარიღი {0}",
  "ExpiredOn": "ამოწურვის თარიღი {0}",
  "FeatureNotAvailable": "ეს ფუნქცია ამჟამად ხელმისაწვდომი არ არის",
  "OK": "OK",
  "SelectADate": "აირჩიეთ თარიღი...",
  "SelectATime": "აირჩიეთ დრო...",
  "SomethingWentWrong": "დაფიქსირდა შეცდომა",
  "ChangeDueDate": "სავალდებულო თარიღის შეცვლა",
  "ChangeDate": "თარიღის შეცვლა",
  "ClosePoll": "გამოკითხვის დახურვა",
  "DeletePoll": "გამოკითხვის წაშლა",
  "ClosePollConfirmation": "ნამდვილად გსურთ ამ გამოკითხვის დახურვა?",
  "DeletePollConfirmation": "ნამდვილად გსურთ ამ გამოკითხვის წაშლა?",
  "Participation": "მონაწილეობა {0}%",
  "BarPercentage": "{0}%",
  "ParticipationIndicatorSingular": "ნაპაუხებია {0} {1}-დან",
  "ParticipationIndicatorPlural": "ნაპაუხებია {0} {1}-დან",
  "Responders": "მოპასუხეები",
  "NonResponders": "უკვე უნდა უპასუხოთ",
  "NotResponded": "თქვენ არ გიპასუხიათ",
  "YourResponse": "თქვენი პასუხი: {0}",
  "VisibilityCreatorOnlyLabel": "შედეგები ხილულია მხოლოდ ამ გამოკითხვის გამომგზავნისთვის",
  "Cancel": "გაუქმება",
  "Change": "შეცვლა",
  "Confirm": "დადასტურება",
  "dueBy": "სავალდებულოა -თვის",
  "dueByDate": "სავალდებულოა {0}-თვის",
  "multipleResponses": "მრავალჯერადი პასუხების დაშვება",
  "responseOptions": "პასუხის ვარიანტები",
  "resultsVisibleTo": "შედეგები ხილულია -თვის",
  "resultsVisibleToAll": "ყველა",
  "resultsVisibleToSender": "მხოლოდ მე",
  "datePickerPlaceholder": "აირჩიეთ თარიღი...",
  "timePickerPlaceholder": "აირჩიეთ დრო...",
  "PollResult": "გამოკითხვის შედეგი - {0}",
  "UnknownMember": "უცნობი წევრი",
  "AddChoice": "არჩევანის დამატება",
  "DeleteChoice": "წაშალეთ ვარიანტი",
  "GotIt": "გასაგებია",
  "ChatLieErrorText": "გაგზავნეთ შეტყობინება, რომ დაიწყოთ ეს საუბარი, შემდეგ დაუბრუნდით გამოკითხვას",
  "DismissMenu": "მენიუს დახურვა",
  "MoreOptions": "სხვა ვარიანტები",
  "PollOptions": "გამოკითხვის პარამეტრები",
  "GenericError": "პრობლემა შეიქმნა ამ აპის მიღებასთან დაკავშირებით. გთხოვთ სცადოთ გარკვეული დროის შემდეგ.",
  "PollDeletedError": "გამოკითხვა წაიშალა.",
  "PollDeletedErrorDescription": "ეს გამოკითხვა აღარ არის აქტუალური და წაშლილია შემქმნელის მიერ.",
  "Close": "დახურვა",
  "ResponderAccessibilityLabel": "{0} ნაპასუხებია {1} {2}-ზე",
  "OptionResponseAccessibility": "{0}, {1} მოპასუხეები, {2}",
  "Next": "შემდეგი",
  "DeleteChoiceX": "პასუხის წაშლა {0}",
  "ChangeDueBy": "ცვლილება აუცილებელია -თვის",
  "DialogTalkback": "{0} დიალოგი. {1}",
  "NotRespondedLabel": "თქვენ არ გიპასუხიათ",
  "NotRespondedLabel.comment": "შეტყობინება არა გამოკითხვის შემქმნელთათვის, როცა შედეგის ხილვადობა მითითებულია მხოლოდ შემქმნელისთვის და გამოკითხვა დახურულია ან ამოწურულია და მომხმარებელს არ უპასუხია",
  "PollDeleted": "გამოკითხვა წაიშალა",
  "PollClosed": "გამოკითხვა დახურულია",
  "PollExpired": "გამოკითხვა ამოიწურა",
  "ResultEveryone": "პასუხები ხილულია ყველასთვის",
  "ResultCreator": "პასუხები ხილულია მხოლოდ შემქმნელისთვის",
  "Submit": "ხმის გაგზავნა",
  "Results": "იხილეთ შედეგები",
  "BeTheFirstOneToRespond": "პირველმა მიიღეთ მონაწილეობა გამოკითხვაში",
  "OneResponded": "{0} ნაპასუხებია",
  "TwoResponded": "{0} და {1} გასცა პასუხი",
  "ThreeResponded": "ნაპასუხებია {0}, {1} და {2}",
  "ThreeAndOneOtherResponded": "ნაპასუხებია {0}, {1}, {2} და 1 სხვა",
  "ThreeAndOthersResponded": "ნაპასუხებია {0}, {1}, {2} და {3} სხვა",
  "CreateNewPoll": "ახალი გამოკითხვის შექმნა",
  "ResultsTitle": "შედეგის ნახვა",
  "$manifest.name": "გამოკითხვა",
  "$manifest.views.LaunchView.header": "გამოკითხვის შექმნა",
  "$manifest.description": "დასვით შეკითხვა და გაიგეთ ხალხის აზრი",
  "$manifest.msTeamsProps.name.short": "გამოკითხვა",
  "$manifest.msTeamsProps.name.full": "გამოკითხვა",
  "$manifest.msTeamsProps.description.short": "დასვით შეკითხვა და გაიგეთ ხალხის აზრი",
  "$manifest.msTeamsProps.description.full": "გაიგეთ თქვენი გუნდის აზრი, ჩატში ან არხზე გამოკითხვის შექმნით.​ იპოვეთ აპი „…“-ში, შეტყობინების შექმნის უჯრის ქვეშ​. შეიყვანეთ თქვენი შეკითხვა და ვარიანტები და შეგიძლიათ დაიწყოთ. აკონტროლეთ მონაწილეობა პასუხებზე თვალყურის დევნებით. ჩამოტვირთეთ გამოკითხვის შედეგი და გაუზიარეთ ის თანამშრომლებს."
}