{
  "Choice": "ตัวเลือก {0}",
  "ResultsVisibilitySettingsSummaryEveryone": "ผลลัพธ์ที่ทุกคนมองเห็น",
  "ResultsVisibilitySettingsSummarySenderOnly": "ผลลัพธ์ที่มองเห็นได้โดยฉันเท่านั้น",
  "DueInYears": "ครบกำหนดใน {0} ปี",
  "DueInYear": "ครบกำหนดใน {0} ปี",
  "DueInMonths": "ครบกำหนดใน {0} เดือน",
  "DueInMonth": "ครบกำหนดใน {0} เดือน",
  "DueInWeeks": "ครบกำหนดใน {0} สัปดาห์",
  "DueInWeek": "ครบกำหนดใน {0} สัปดาห์",
  "DueInDays": "ครบกำหนดใน {0} วัน",
  "DueInDay": "ครบกำหนดใน {0} วัน",
  "DueInHoursAndMinutes": "ครบกำหนดใน {0} ชั่วโมง {1} นาที",
  "DueInHourAndMinutes": "ครบกำหนดใน {0} ชั่วโมง {1} นาที",
  "DueInHoursAndMinute": "ครบกำหนดใน {0} ชั่วโมง {1} นาที",
  "DueInHourAndMinute": "ครบกำหนดใน {0} ชั่วโมง {1} นาที",
  "DueInHours": "ครบกำหนดใน {0} ชั่วโมง",
  "DueInHour": "ครบกำหนดใน {0} ชั่วโมง",
  "DueInMinutes": "ครบกำหนดใน {0} นาที",
  "DueInMinute": "ครบกำหนดใน {0} นาที",
  "Send": "ส่งโพล",
  "TitleBlankError": "ชื่อเรื่องต้องไม่ว่างเปล่า",
  "PollTitlePlaceholder": "ใส่คำถามโพล",
  "Settings": "การตั้งค่า",
  "BlankChoiceError": "ตัวเลือกต้องไม่ว่างเปล่า",
  "You": "คุณ",
  "YetToRespond": "{0} คนยังไม่ได้ตอบกลับ",
  "ResponseFetchError": "การดึงข้อมูลการตอบกลับล้มเหลว ลองอีกครั้ง",
  "Back": "ย้อนกลับ",
  "ViewResponses": "ดูการตอบกลับ",
  "Download": "ดาวน์โหลด",
  "DownloadResponses": "ดาวน์โหลด CSV",
  "DownloadYourResponses": "ดาวน์โหลดการตอบกลับของคุณ",
  "DownloadImage": "ดาวน์โหลดรูป",
  "ClosedOn": "ปิดเมื่อ {0}",
  "ExpiredOn": "หมดอายุเมื่อ {0}",
  "FeatureNotAvailable": "ฟีเจอร์นี้ไม่พร้อมใช้งานในขณะนี้",
  "OK": "ตกลง",
  "SelectADate": "เลือกวันที่...",
  "SelectATime": "เลือกเวลา...",
  "SomethingWentWrong": "มีบางอย่างผิดพลาด",
  "ChangeDueDate": "เปลี่ยนวันครบกำหนด",
  "ChangeDate": "เปลี่ยนแปลงวันที่",
  "ClosePoll": "ปิดโพล",
  "DeletePoll": "ลบโพล",
  "ClosePollConfirmation": "คุณแน่ใจหรือไม่ว่าต้องการปิดโพลนี้",
  "DeletePollConfirmation": "คุณแน่ใจหรือไม่ว่าต้องการลบโพลนี้",
  "Participation": "การเข้าร่วม {0}%",
  "BarPercentage": "{0}%",
  "ParticipationIndicatorSingular": "{0} จาก {1} คนตอบกลับแล้ว",
  "ParticipationIndicatorPlural": "{0} จาก {1} คนตอบกลับแล้ว",
  "Responders": "ผู้ตอบ",
  "NonResponders": "ยังไม่ตอบกลับ",
  "NotResponded": "คุณยังไม่ได้ตอบกลับ",
  "YourResponse": "การตอบกลับของคุณ: {0}",
  "VisibilityCreatorOnlyLabel": "เฉพาะผู้ส่งโพลนี้เท่านั้นที่มองเห็นผลลัพธ์ได้",
  "Cancel": "ยกเลิก",
  "Change": "เปลี่ยนแปลง",
  "Confirm": "ยืนยัน",
  "dueBy": "ครบกำหนดเมื่อ",
  "dueByDate": "ครบกำหนดเมื่อ {0}",
  "multipleResponses": "อนุญาตให้มีการตอบกลับหลายรายการ",
  "responseOptions": "ตัวเลือกการตอบกลับ",
  "resultsVisibleTo": "ผลลัพธ์ที่มองเห็นได้โดย",
  "resultsVisibleToAll": "ทุกคน",
  "resultsVisibleToSender": "เฉพาะฉัน",
  "datePickerPlaceholder": "เลือกวันที่...",
  "timePickerPlaceholder": "เลือกเวลา...",
  "PollResult": "ผลลัพธ์โพล - {0}",
  "UnknownMember": "สมาชิกที่ไม่รู้จัก",
  "AddChoice": "เพิ่มตัวเลือก",
  "DeleteChoice": "ลบตัวเลือก",
  "GotIt": "เข้าใจแล้ว",
  "ChatLieErrorText": "ส่งข้อความเพื่อเริ่มต้นการสนทนานี้ จากนั้นให้กลับมาที่โพล",
  "DismissMenu": "ปิดเมนู",
  "MoreOptions": "ตัวเลือกเพิ่มเติม",
  "PollOptions": "ตัวเลือกโพล",
  "GenericError": "มีปัญหาเกิดขึ้นในการเข้าถึงแอปนี้ โปรดลองอีกครั้งในอีกสักครู่",
  "PollDeletedError": "โพลนี้ถูกลบแล้ว",
  "PollDeletedErrorDescription": "โพลนี้จะไม่เกี่ยวข้องอีกต่อไปและถูกลบโดยผู้จัดทำ",
  "Close": "ปิด",
  "ResponderAccessibilityLabel": "{0} ตอบกลับ {1} เมื่อ {2}",
  "OptionResponseAccessibility": "{0} ผู้ตอบ {1} คน {2}",
  "Next": "ถัดไป",
  "DeleteChoiceX": "ลบตัวเลือก {0}",
  "ChangeDueBy": "เปลี่ยนวันครบกำหนดเป็น",
  "DialogTalkback": "กล่องโต้ตอบ {0} {1}",
  "NotRespondedLabel": "คุณไม่ตอบกลับ",
  "NotRespondedLabel.comment": "ข้อความสำหรับผู้ที่ไม่ได้สร้างโพลเมื่อตั้งค่าการแสดงผลลัพธ์เป็นผู้สร้างเท่านั้น โพลปิดแล้วหรือหมดอายุ และผู้ใช้ไม่ตอบกลับ",
  "PollDeleted": "โพลนี้ถูกลบแล้ว",
  "PollClosed": "ปิดโพลแล้ว",
  "PollExpired": "โพลหมดอายุแล้ว",
  "ResultEveryone": "ทุกคนสามารถมองเห็นการตอบกลับได้",
  "ResultCreator": "ผู้สร้างเท่านั้นที่สามารถมองเห็นการตอบกลับได้",
  "Submit": "ส่งคะแนนโหวต",
  "Results": "ดูผลลัพธ์",
  "BeTheFirstOneToRespond": "เป็นคนแรกที่ทำโพลนี้",
  "OneResponded": "{0} ตอบกลับแล้ว",
  "TwoResponded": "{0} และ {1} ตอบกลับแล้ว",
  "ThreeResponded": "{0}, {1} และ {2} ตอบกลับแล้ว",
  "ThreeAndOneOtherResponded": "{0}, {1}, {2} และอีก 1 คนตอบกลับแล้ว",
  "ThreeAndOthersResponded": "{0}, {1}, {2} และอีก {3} คนตอบกลับแล้ว",
  "CreateNewPoll": "สร้างโพลใหม่",
  "ResultsTitle": "มุมมองผลลัพธ์",
  "$manifest.name": "โพล",
  "$manifest.views.LaunchView.header": "สร้างโพล",
  "$manifest.description": "ถามคำถามและรับความคิดเห็นของผู้อื่น",
  "$manifest.msTeamsProps.name.short": "โพล",
  "$manifest.msTeamsProps.name.full": "โพล",
  "$manifest.msTeamsProps.description.short": "ถามคำถามและรับความคิดเห็นของผู้อื่น",
  "$manifest.msTeamsProps.description.full": "รับความคิดเห็นของทีมของคุณโดยสร้างโพลในการแชทหรือแชนเนล​ ค้นหาแอปใน \"…\" ใต้กล่องเขียนข้อความ​ ป้อนคำถามและตัวเลือกของคุณ เท่านี้ก็เป็นอันเรียบร้อย ทันการมีส่วนร่วมอยู่เสมอโดยการติดตามการตอบสนอง ดาวน์โหลดผลโพลเพื่อแชร์กับเพื่อนร่วมงานของคุณ"
}