{"name.short":"Anketa","name.full":"Anketa","composeExtensions[0].commands[0].title":"Izradi anketu","description.short":"Postavite pitanje i doznajte mišljenje korisnika","description.full":"Doznajte mišljenje svog tima tako da stvorite anketu u čavrljanju ili kanalu.​ Pronađite aplikaciju u '…' ispod okvira za sastavljanje poruke​. Unesite pitanje i mogućnosti i spremni ste za početak. Budite u toku sa sudjelovanjem tako što ćete pratiti odgovore. Preuzmite rezultate ankete za zajedničko korištenje sa suradnicima."}