{"name.short":"Thăm dò ý kiến","name.full":"Thăm dò ý kiến","composeExtensions[0].commands[0].title":"Tạo cuộc thăm dò ý kiến","description.short":"Đặt câu hỏi và thu thập ý kiến của mọi người","description.full":"Thu thập ý kiến nhóm của bạn bằng cách tạo thăm dò ý kiến trong cuộc trò chuyện hoặc kênh.​ Tìm ứng dụng trong “…” bên dưới hộp soạn thảo thư​. Nhập câu hỏi cùng các lựa chọn và bạn đã hoàn tất. Luôn cập nhật tình hình tham gia khảo sát bằng cách theo dõi phản hồi. Tải xuống kết quả thăm dò ý kiến để chia sẻ với các đồng nghiệp của bạn."}