{
  "Choice": "{0}-нұсқа",
  "ResultsVisibilitySettingsSummaryEveryone": "Нәтижелер барлық пайдаланушыға көрінеді",
  "ResultsVisibilitySettingsSummarySenderOnly": "Нәтижелер тек маған көрінеді",
  "DueInYears": "Мерзімі {0} жылдан кейін аяқталады",
  "DueInYear": "Мерзімі {0} жылдан кейін аяқталады",
  "DueInMonths": "Мерзімі {0} айдан кейін аяқталады",
  "DueInMonth": "Мерзімі {0} айдан кейін аяқталады",
  "DueInWeeks": "Мерзімі {0} аптадан кейін аяқталады",
  "DueInWeek": "Мерзімі {0} аптадан кейін аяқталады",
  "DueInDays": "Мерзімі {0} күннен кейін аяқталады",
  "DueInDay": "Мерзімі {0} күннен кейін аяқталады",
  "DueInHoursAndMinutes": "Мерзімі {0} сағат {1} минуттан кейін аяқталады",
  "DueInHourAndMinutes": "Мерзімі {0} сағат {1} минуттан кейін аяқталады",
  "DueInHoursAndMinute": "Мерзімі {0} сағат {1} минуттан кейін аяқталады",
  "DueInHourAndMinute": "Мерзімі {0} сағат {1} минуттан кейін аяқталады",
  "DueInHours": "Мерзімі {0} сағаттан кейін аяқталады",
  "DueInHour": "Мерзімі {0} сағаттан кейін аяқталады",
  "DueInMinutes": "Мерзімі {0} минуттан кейін аяқталады",
  "DueInMinute": "Мерзімі {0} минуттан кейін аяқталады",
  "Send": "Сауалнама жіберу",
  "TitleBlankError": "Тақырып бос болмауы керек",
  "PollTitlePlaceholder": "Сауалнама сұрағын енгізіңіз",
  "Settings": "Параметрлер",
  "BlankChoiceError": "Таңдалған нұсқа бос болмауы керек",
  "You": "Сіз",
  "YetToRespond": "{0} адам әлі жауап бермеді",
  "ResponseFetchError": "Жауапты алу сәтсіз аяқталды. Әрекетті қайталап көріңіз.",
  "Back": "Артқа",
  "ViewResponses": "Жауаптарды қарау",
  "Download": "Жүктеп алу",
  "DownloadResponses": "CSV файлын жүктеп алу",
  "DownloadYourResponses": "Жауабыңызды жүктеп алу",
  "DownloadImage": "Кескінді жүктеп алу",
  "ClosedOn": "Жабылған күні: {0}",
  "ExpiredOn": "Жарамдылық мерзімі өткен күн: {0}",
  "FeatureNotAvailable": "Бұл мүмкіндік қазір қолжетімді емес",
  "OK": "OK",
  "SelectADate": "Күнді таңдаңыз...",
  "SelectATime": "Уақытты таңдаңыз...",
  "SomethingWentWrong": "Белгісіз қате пайда болды",
  "ChangeDueDate": "Мерзімін өзгерту",
  "ChangeDate": "Күнді өзгерту",
  "ClosePoll": "Сауалнаманы жабу",
  "DeletePoll": "Сауалнаманы жою",
  "ClosePollConfirmation": "Осы сауалнаманы жабу керектігіне сенімдісіз бе?",
  "DeletePollConfirmation": "Осы сауалнаманы жою керектігіне сенімдісіз бе?",
  "Participation": "Қатысу {0}%",
  "BarPercentage": "{0}%",
  "ParticipationIndicatorSingular": "{0} / {1} қатысушы жауап берді",
  "ParticipationIndicatorPlural": "{0} / {1} қатысушы жауап берді",
  "Responders": "Жауап берді",
  "NonResponders": "Әлі жауап берілмеді",
  "NotResponded": "Сіз жауап бермедіңіз",
  "YourResponse": "Сіздің жауабыңыз: {0}",
  "VisibilityCreatorOnlyLabel": "Нәтижелер тек осы сауалнаманы жіберушілерге көрінеді",
  "Cancel": "Бас тарту",
  "Change": "Өзгерту",
  "Confirm": "Растау",
  "dueBy": "Мерзімі",
  "dueByDate": "Мерзімі: {0}",
  "multipleResponses": "Бірнеше рет жауап беруге рұқсат ету",
  "responseOptions": "Жауап беру параметрлері",
  "resultsVisibleTo": "Нәтижелердің көрінуі",
  "resultsVisibleToAll": "Барлығы",
  "resultsVisibleToSender": "Тек мен",
  "datePickerPlaceholder": "Күнді таңдаңыз...",
  "timePickerPlaceholder": "Уақытты таңдаңыз...",
  "PollResult": "Сауалнама нәтижесі - {0}",
  "UnknownMember": "Белгісіз қатысушы",
  "AddChoice": "Нұсқаны қосу",
  "DeleteChoice": "Нұсқаны жою",
  "GotIt": "Түсінікті",
  "ChatLieErrorText": "Сөйлесуді бастау үшін хабар жіберіңіз, содан соң \"Сауалнама\" бөліміне қайта оралыңыз",
  "DismissMenu": "Мәзірді жабу",
  "MoreOptions": "Қосымша параметрлер",
  "PollOptions": "Сауалнама параметрлері",
  "GenericError": "Бұл бағдарламаға қатынасу кезінде ақау туындады. Әрекетті біраз уақыттан кейін қайталап көріңіз.",
  "PollDeletedError": "Бұл сауалнама жойылған.",
  "PollDeletedErrorDescription": "Бұл сауалнама енді өзекті емес және оны автор жойған.",
  "Close": "Жабу",
  "ResponderAccessibilityLabel": "{0} атты пайдаланушы {2} күні \"{1}\" деп жауап берді",
  "OptionResponseAccessibility": "\"{0}\" нұсқасы, {1} респондент, {2}",
  "Next": "Келесі",
  "DeleteChoiceX": "{0}-нұсқаны жою",
  "ChangeDueBy": "Орындау мерзімін өзгерту",
  "DialogTalkback": "\"{0}\" диалогтық терезесі. {1}",
  "NotRespondedLabel": "Сіз жауап бермедіңіз",
  "NotRespondedLabel.comment": "Нәтиже тек сауалнама авторына көрсетілетіндей етіп орнатылғанда және пайдаланушы жауап бермей, сауалнама жабылғанда немесе мерзімі аяқталғанда сауалнама авторы емес пайдаланушыларға көрсетілетін хабар",
  "PollDeleted": "Бұл сауалнама жойылды",
  "PollClosed": "Сауалнама жабылды",
  "PollExpired": "Сауалнаманың мерзімі аяқталды",
  "ResultEveryone": "Жауаптар барлық пайдаланушыға көрінеді",
  "ResultCreator": "Жауаптар тек авторға көрінеді",
  "Submit": "Дауысты жіберу",
  "Results": "Нәтижені қарау",
  "BeTheFirstOneToRespond": "Сауалнамаға бірінші болып қатысыңыз",
  "OneResponded": "{0} жауап берді",
  "TwoResponded": "{0} және {1} жауап берді",
  "ThreeResponded": "{0}, {1} және {2} жауап берді",
  "ThreeAndOneOtherResponded": "{0}, {1}, {2} және тағы 1 адам жауап берді",
  "ThreeAndOthersResponded": "{0}, {1}, {2} және тағы {3} адам жауап берді",
  "CreateNewPoll": "Жаңа сауалнама жасау",
  "ResultsTitle": "Нәтижені қарау",
  "$manifest.name": "Сауалнама",
  "$manifest.views.LaunchView.header": "Сауалнама жасау",
  "$manifest.description": "Сұрақ қойып, адамдардың пікірін біліңіз",
  "$manifest.msTeamsProps.name.short": "Сауалнама",
  "$manifest.msTeamsProps.name.full": "Сауалнама",
  "$manifest.msTeamsProps.description.short": "Сұрақ қойып, адамдардың пікірін біліңіз",
  "$manifest.msTeamsProps.description.full": "Чатта немесе арнада сауалнама жасау арқылы тобыңыздың пікірін біліңіз.​Хабар жазу терезесіндегі '…' ішінен бағдарламаны табыңыз​. Сұрағыңыз бен таңдауларды енгізіңіз, енді жалғастыруға болады. Жауаптарды бақылау арқылы қатысу туралы хабардар болыңыз. Сауалнама нәтижесін жүктеп алып, әріптестеріңізбен бөлісіңіз."
}