{"name.short":"Анкета","name.full":"Анкета","composeExtensions[0].commands[0].title":"Създаване на анкета","description.short":"Задайте въпрос и разберете мнението на хората","description.full":"Разберете мнението на екипа си, като създадете анкета в чат или канал.​ Намерете приложението в \"…\" под полето за съставяне на съобщение​. Въведете въпроса си и избора си, и сте готови. Контролирайте участието, като проследявате отговорите. Изтеглете резултата от анкетата, за да го споделите със своите колеги."}