{
  "Choice": "Escolha {0}",
  "ResultsVisibilitySettingsSummaryEveryone": "Resultados visíveis para todos",
  "ResultsVisibilitySettingsSummarySenderOnly": "Resultados visíveis somente para mim",
  "DueInYears": "Vence em {0} anos",
  "DueInYear": "Vence em {0} ano",
  "DueInMonths": "Vence em {0} meses",
  "DueInMonth": "Vence em {0} mês",
  "DueInWeeks": "Vence em {0} semanas",
  "DueInWeek": "Vence em {0} semana",
  "DueInDays": "Vence em {0} dias",
  "DueInDay": "Vence em {0} dia",
  "DueInHoursAndMinutes": "Vence em {0} horas, {1} minutos",
  "DueInHourAndMinutes": "Vence em {0} hora, {1} minutos",
  "DueInHoursAndMinute": "Vence em {0} horas, {1} minuto",
  "DueInHourAndMinute": "Vence em {0} hora, {1} minuto",
  "DueInHours": "Vence em {0} horas",
  "DueInHour": "Vence em {0} hora",
  "DueInMinutes": "Vence em {0} minutos",
  "DueInMinute": "Vence em {0} minuto",
  "Send": "Enviar Votação",
  "TitleBlankError": "O título não pode ser deixado em branco",
  "PollTitlePlaceholder": "Inserir a pergunta da votação",
  "Settings": "Configurações",
  "BlankChoiceError": "A escolha não pode ser deixada em branco",
  "You": "Você",
  "YetToRespond": "{0} Com Resposta Pendente",
  "ResponseFetchError": "Falha ao Buscar Resposta. Tente novamente.",
  "Back": "Voltar",
  "ViewResponses": "Exibir Respostas",
  "Download": "Baixar",
  "DownloadResponses": "Baixar CSV",
  "DownloadYourResponses": "Baixar Sua Resposta",
  "DownloadImage": "Baixar Imagem",
  "ClosedOn": "Fechado em {0}",
  "ExpiredOn": "Expirado em {0}",
  "FeatureNotAvailable": "Este recurso não está disponível no momento",
  "OK": "OK",
  "SelectADate": "Selecionar uma Data...",
  "SelectATime": "Selecionar uma Hora...",
  "SomethingWentWrong": "Algo deu errado",
  "ChangeDueDate": "Alterar data de conclusão",
  "ChangeDate": "Alterar Data",
  "ClosePoll": "Fechar Votação",
  "DeletePoll": "Excluir Votação",
  "ClosePollConfirmation": "Quer mesmo fechar esta votação?",
  "DeletePollConfirmation": "Quer mesmo excluir esta votação?",
  "Participation": "{0}% de participação",
  "BarPercentage": "{0}%",
  "ParticipationIndicatorSingular": "{0} de {1} respondeu",
  "ParticipationIndicatorPlural": "{0} de {1} responderam",
  "Responders": "Respondentes",
  "NonResponders": "Ainda não respondeu",
  "NotResponded": "Você não respondeu",
  "YourResponse": "Sua resposta: {0}",
  "VisibilityCreatorOnlyLabel": "Resultados visíveis somente para o remetente desta votação",
  "Cancel": "Cancelar",
  "Change": "Alterar",
  "Confirm": "Confirmar",
  "dueBy": "Data de conclusão",
  "dueByDate": "Data de conclusão {0}",
  "multipleResponses": "Permitir várias respostas",
  "responseOptions": "Opções de Resposta",
  "resultsVisibleTo": "Resultados visíveis para",
  "resultsVisibleToAll": "Todos",
  "resultsVisibleToSender": "Somente Eu",
  "datePickerPlaceholder": "Selecionar uma Data...",
  "timePickerPlaceholder": "Selecionar uma Hora...",
  "PollResult": "Resultados da Votação – {0}",
  "UnknownMember": "Membro desconhecido",
  "AddChoice": "Adicionar Escolha",
  "DeleteChoice": "Excluir Opção",
  "GotIt": "OK",
  "ChatLieErrorText": "Enviar uma mensagem para iniciar a conversa e retornar à Votação",
  "DismissMenu": "Ignorar Menu",
  "MoreOptions": "Mais Opções",
  "PollOptions": "Opções de Votação",
  "GenericError": "Houve um problema ao acessar este aplicativo. Tente após algum tempo.",
  "PollDeletedError": "Esta votação foi excluída.",
  "PollDeletedErrorDescription": "Esta votação não é mais relevante e excluída pelo criador.",
  "Close": "Fechar",
  "ResponderAccessibilityLabel": "{0} respondeu {1} em {2}",
  "OptionResponseAccessibility": "{0}, {1} respondentes, {2}",
  "Next": "Avançar",
  "DeleteChoiceX": "Excluir Opção {0}",
  "ChangeDueBy": "Alteração Concluída em",
  "DialogTalkback": "Caixa de diálogo {0}. {1}",
  "NotRespondedLabel": "Você não respondeu",
  "NotRespondedLabel.comment": "Mensagem para não criadores da votação quando a visibilidade do resultado estiver definida como somente criador e a votação estiver fechada ou expirou e o usuário não tiver respondido",
  "PollDeleted": "Esta votação foi excluída",
  "PollClosed": "Votação Fechada",
  "PollExpired": "Votação Expirada",
  "ResultEveryone": "As respostas são visíveis para todos",
  "ResultCreator": "As respostas são visíveis somente para o criador",
  "Submit": "Enviar Voto",
  "Results": "Exibir Resultado",
  "BeTheFirstOneToRespond": "Seja o primeiro a responder a votação",
  "OneResponded": "{0} respondeu",
  "TwoResponded": "{0} e {1} responderam",
  "ThreeResponded": "{0}, {1} e {2} responderam",
  "ThreeAndOneOtherResponded": "{0}, {1}, {2} e mais uma pessoa responderam",
  "ThreeAndOthersResponded": "{0}, {1}, {2} e mais {3} pessoas responderam",
  "CreateNewPoll": "Criar uma nova votação",
  "ResultsTitle": "Modo de exibição de resultado",
  "$manifest.name": "Votação",
  "$manifest.views.LaunchView.header": "Criar Votações",
  "$manifest.description": "Faça uma pergunta e obtenha a opinião das pessoas",
  "$manifest.msTeamsProps.name.short": "Votação",
  "$manifest.msTeamsProps.name.full": "Votações",
  "$manifest.msTeamsProps.description.short": "Faça uma pergunta e obtenha a opinião das pessoas",
  "$manifest.msTeamsProps.description.full": "Obtenha a opinião da sua equipe, criando uma votação em um chat ou canal.​ Encontre o aplicativo em '…'  na caixa de texto de redação de mensagem​. Insira sua pergunta e opções e tudo pronto. Mantenha-se informado sobre a participação rastreando as respostas. Baixe o resultado da votação para compartilhar com seus colegas de trabalho."
}