{
  "Choice": "Výber: {0}",
  "ResultsVisibilitySettingsSummaryEveryone": "Výsledky viditeľné pre každého",
  "ResultsVisibilitySettingsSummarySenderOnly": "Výsledky viem zobraziť len ja",
  "DueInYears": "Termín o {0} roky/rokov",
  "DueInYear": "Termín o {0} rok",
  "DueInMonths": "Termín o {0} mes.",
  "DueInMonth": "Termín o {0} mesiac",
  "DueInWeeks": "Termín o {0} týž.",
  "DueInWeek": "Termín o {0} týždeň",
  "DueInDays": "Termín o {0} dni/dní",
  "DueInDay": "Termín o {0}",
  "DueInHoursAndMinutes": "Termín o {0} hod., {1} min.",
  "DueInHourAndMinutes": "Termín o {0} hodinu, {1} min.",
  "DueInHoursAndMinute": "Termín o {0} hod., {1} minútu",
  "DueInHourAndMinute": "Termín o {0} hod. a {1} min.",
  "DueInHours": "Termín o {0} hod.",
  "DueInHour": "Termín o {0} hodinu",
  "DueInMinutes": "Termín o {0} min.",
  "DueInMinute": "Termín o {0} minútu",
  "Send": "Odoslať anketu",
  "TitleBlankError": "Nadpis nemôže zostať prázdny",
  "PollTitlePlaceholder": "Zadajte otázku ankety",
  "Settings": "Nastavenia",
  "BlankChoiceError": "Výber nemôže zostať prázdny",
  "You": "Vy",
  "YetToRespond": "{0} musí/musia ešte odpovedať",
  "ResponseFetchError": "Načítanie odpovede zlyhalo. Skúste to znova.",
  "Back": "Späť",
  "ViewResponses": "Zobraziť odpovede",
  "Download": "Stiahnuť",
  "DownloadResponses": "Stiahnuť súbor CSV",
  "DownloadYourResponses": "Stiahnite odpoveď",
  "DownloadImage": "Stiahnuť obrázok",
  "ClosedOn": "Zavreté {0}",
  "ExpiredOn": "Platnosť uplynula {0}",
  "FeatureNotAvailable": "Táto funkcia nie je momentálne k dispozícii",
  "OK": "OK",
  "SelectADate": "Vybrať dátum...",
  "SelectATime": "Vybrať čas...",
  "SomethingWentWrong": "Vyskytla sa chyba",
  "ChangeDueDate": "Zmeniť dátum splatnosti",
  "ChangeDate": "Zmeniť dátum",
  "ClosePoll": "Zavrieť anketu",
  "DeletePoll": "Odstrániť anketu",
  "ClosePollConfirmation": "Naozaj chcete zatvoriť túto anketu?",
  "DeletePollConfirmation": "Naozaj chcete odstrániť túto anketu?",
  "Participation": "Účasť {0} %",
  "BarPercentage": "{0} %",
  "ParticipationIndicatorSingular": "Odpovedali: {0} z {1}",
  "ParticipationIndicatorPlural": "Odpovedali: {0} z {1}",
  "Responders": "Respondenti",
  "NonResponders": "Ešte treba odpovedať",
  "NotResponded": "Neodpovedali ste",
  "YourResponse": "Vaša odpoveď: {0}",
  "VisibilityCreatorOnlyLabel": "Výsledky viditeľné len pre odosielateľa tejto ankety",
  "Cancel": "Zrušiť",
  "Change": "Zmeniť",
  "Confirm": "Potvrdiť",
  "dueBy": "Termín dokončenia",
  "dueByDate": "Termín: {0}",
  "multipleResponses": "Povoliť viac odpovedí",
  "responseOptions": "Možnosti odpovedí",
  "resultsVisibleTo": "Kto môže zobraziť výsledky:",
  "resultsVisibleToAll": "Všetci",
  "resultsVisibleToSender": "Len ja",
  "datePickerPlaceholder": "Vybrať dátum...",
  "timePickerPlaceholder": "Vybrať čas...",
  "PollResult": "Výsledok ankety – {0}",
  "UnknownMember": "Neznámy člen",
  "AddChoice": "Pridať výber",
  "DeleteChoice": "Odstrániť výber",
  "GotIt": "Rozumiem",
  "ChatLieErrorText": "Odoslaním správy začnite túto konverzáciu a potom sa vráťte späť na anketu.",
  "DismissMenu": "Zrušiť ponuku",
  "MoreOptions": "Ďalšie možnosti",
  "PollOptions": "Možnosti ankety",
  "GenericError": "Vyskytol sa problém s vyhľadaním tejto aplikácie. Skúste to znova.",
  "PollDeletedError": "Táto anketa bola odstránená.",
  "PollDeletedErrorDescription": "Táto anketa už nie je relevantná a autor ju odstránil.",
  "Close": "Zavrieť",
  "ResponderAccessibilityLabel": "{0} odpovedal/-a {1} dňa {2}",
  "OptionResponseAccessibility": "{0}, respondenti ({1}), {2}",
  "Next": "Ďalej",
  "DeleteChoiceX": "Odstrániť výber {0}",
  "ChangeDueBy": "Zmena pripadá na deň",
  "DialogTalkback": "Dialógové okno {0}. {1}",
  "NotRespondedLabel": "Neodpovedali ste",
  "NotRespondedLabel.comment": "Správa pre používateľov, ktorí nie sú tvorcami ankety, keď je viditeľnosť výsledkov nastavená na možnosť Iba tvorca a anketa je uzavretá alebo skončená a používateľ neodpovedal",
  "PollDeleted": "Táto anketa bola odstránená.",
  "PollClosed": "Anketa zatvorená",
  "PollExpired": "Platnosť ankety uplynula",
  "ResultEveryone": "Odpovede sú viditeľné pre každého",
  "ResultCreator": "Odpovede sú viditeľné iba pre tvorcov",
  "Submit": "Odoslať hlas",
  "Results": "Zobraziť výsledok",
  "BeTheFirstOneToRespond": "Absolvujte túto anketu ako prví",
  "OneResponded": "Odpovedali: {0}",
  "TwoResponded": "{0} a {1} odpovedali",
  "ThreeResponded": "{0}, {1} a {2} odpovedali",
  "ThreeAndOneOtherResponded": "{0}, {1}, {2} a 1 ďalší odpovedali",
  "ThreeAndOthersResponded": "{0}, {1}, {2} a {3} ďalší odpovedali",
  "CreateNewPoll": "Vytvoriť novú anketu",
  "ResultsTitle": "Zobrazenie výsledkov",
  "$manifest.name": "Anketa",
  "$manifest.views.LaunchView.header": "Vytvoriť anketu",
  "$manifest.description": "Položte ostatným otázku a zistite ich názor",
  "$manifest.msTeamsProps.name.short": "Anketa",
  "$manifest.msTeamsProps.name.full": "Anketa",
  "$manifest.msTeamsProps.description.short": "Položte ostatným otázku a zistite ich názor",
  "$manifest.msTeamsProps.description.full": "Získajte názor tímu vytvorením ankety v chate alebo kanáli.​ Vyhľadajte aplikáciu v ponuke „…“ pod poľom na písanie správ​. Zadajte otázku a možnosti a môžete ísť na to. Majte prehľad o účasti sledovaním odpovedí. Stiahnite si výsledky ankety a zdieľajte ich s kolegami"
}