{
  "Choice": "{0} lựa chọn",
  "ResultsVisibilitySettingsSummaryEveryone": "Hiển thị kết quả cho tất cả mọi người",
  "ResultsVisibilitySettingsSummarySenderOnly": "Chỉ hiển thị kết quả cho tôi",
  "DueInYears": "Đến hạn trong {0} năm nữa",
  "DueInYear": "Đến hạn trong {0} năm nữa",
  "DueInMonths": "Đến hạn trong {0} tháng nữa",
  "DueInMonth": "Đến hạn trong {0} tháng nữa",
  "DueInWeeks": "Đến hạn trong {0} tuần nữa",
  "DueInWeek": "Đến hạn trong {0} tuần nữa",
  "DueInDays": "Đến hạn trong {0} ngày nữa",
  "DueInDay": "Đến hạn trong {0} ngày nữa",
  "DueInHoursAndMinutes": "Đến hạn trong {0} giờ, {1} phút nữa",
  "DueInHourAndMinutes": "Đến hạn trong {0} giờ, {1} phút nữa",
  "DueInHoursAndMinute": "Đến hạn trong {0} giờ, {1} phút nữa",
  "DueInHourAndMinute": "Đến hạn trong {0} giờ, {1} phút nữa",
  "DueInHours": "Đến hạn trong {0} giờ nữa",
  "DueInHour": "Đến hạn trong {0} giờ nữa",
  "DueInMinutes": "Đến hạn trong {0} phút nữa",
  "DueInMinute": "Đến hạn trong {0} phút nữa",
  "Send": "Gửi cuộc thăm dò ý kiến",
  "TitleBlankError": "Không thể để trống tiêu đề",
  "PollTitlePlaceholder": "Nhập câu hỏi thăm dò ý kiến",
  "Settings": "Cài đặt",
  "BlankChoiceError": "Không thể để trống lựa chọn",
  "You": "Bạn",
  "YetToRespond": "{0} chưa phản hồi",
  "ResponseFetchError": "Không tải được phản hồi. Thử lại.",
  "Back": "Quay trở lại",
  "ViewResponses": "Xem phản hồi",
  "Download": "Tải xuống",
  "DownloadResponses": "Tải xuống CSV",
  "DownloadYourResponses": "Tải xuống phản hồi của bạn",
  "DownloadImage": "Tải xuống ảnh",
  "ClosedOn": "Đã đóng vào {0}",
  "ExpiredOn": "Đã hết hạn vào {0}",
  "FeatureNotAvailable": "Hiện tính năng này không có sẵn",
  "OK": "OK",
  "SelectADate": "Chọn một ngày...",
  "SelectATime": "Chọn thời gian...",
  "SomethingWentWrong": "Đã xảy ra lỗi",
  "ChangeDueDate": "Thay đổi ngày đến hạn",
  "ChangeDate": "Thay đổi ngày",
  "ClosePoll": "Đóng cuộc thăm dò ý kiến",
  "DeletePoll": "Xóa cuộc thăm dò ý kiến",
  "ClosePollConfirmation": "Bạn có chắc chắn muốn đóng cuộc thăm dò ý kiến này không?",
  "DeletePollConfirmation": "Bạn có chắc chắn muốn xóa cuộc thăm dò ý kiến này không?",
  "Participation": "Tham gia {0}%",
  "BarPercentage": "{0}%",
  "ParticipationIndicatorSingular": "{0} trên {1} người đã phản hồi",
  "ParticipationIndicatorPlural": "{0} trên {1} người đã phản hồi",
  "Responders": "Người phản hồi",
  "NonResponders": "Chưa phản hồi",
  "NotResponded": "Bạn chưa phản hồi",
  "YourResponse": "Phản hồi của bạn: {0}",
  "VisibilityCreatorOnlyLabel": "Chỉ hiển thị kết quả với người gửi cuộc thăm dò ý kiến này",
  "Cancel": "Hủy bỏ",
  "Change": "Thay đổi",
  "Confirm": "Xác nhận",
  "dueBy": "Đến hạn vào",
  "dueByDate": "Đến hạn vào {0}",
  "multipleResponses": "Cho phép nhiều phản hồi",
  "responseOptions": "Tùy chọn phản hồi",
  "resultsVisibleTo": "Kết quả hiển thị với",
  "resultsVisibleToAll": "Mọi người",
  "resultsVisibleToSender": "Chỉ tôi",
  "datePickerPlaceholder": "Chọn một ngày...",
  "timePickerPlaceholder": "Chọn thời gian...",
  "PollResult": "Kết quả thăm dò ý kiến - {0}",
  "UnknownMember": "Thành viên không xác định",
  "AddChoice": "Thêm lựa chọn",
  "DeleteChoice": "Xóa lựa chọn",
  "GotIt": "Đã hiểu",
  "ChatLieErrorText": "Gửi tin nhắn để bắt đầu cuộc hội thoại này, rồi quay lại Cuộc thăm dò ý kiến",
  "DismissMenu": "Bỏ qua menu",
  "MoreOptions": "Xem thêm tùy chọn",
  "PollOptions": "Tùy chọn thăm dò ý kiến",
  "GenericError": "Đã xảy ra sự cố khi truy nhập ứng dụng này. Vui lòng thử lại sau.",
  "PollDeletedError": "Cuộc thăm dò ý kiến này đã bị xóa.",
  "PollDeletedErrorDescription": "Cuộc thăm dò này không còn phù hợp và bị xóa bởi người tạo.",
  "Close": "Đóng",
  "ResponderAccessibilityLabel": "{0} đã phản hồi {1} vào {2}",
  "OptionResponseAccessibility": "{0}, {1} người phản hồi, {2}",
  "Next": "Tiếp theo",
  "DeleteChoiceX": "Xóa lựa chọn {0}",
  "ChangeDueBy": "Thay đổi ngày đến hạn",
  "DialogTalkback": "Hộp thoại {0}. {1}",
  "NotRespondedLabel": "Bạn không phản hồi",
  "NotRespondedLabel.comment": "Thông báo cho những người không phải là người tạo cuộc thăm dò khi khả năng hiển thị kết quả được đặt thành chỉ dành cho người tạo và cuộc thăm dò bị đóng hoặc hết hạn và người dùng chưa phản hồi",
  "PollDeleted": "Cuộc thăm dò ý kiến này đã bị xóa",
  "PollClosed": "Cuộc thăm dò ý kiến đã đóng",
  "PollExpired": "Cuộc thăm dò ý kiến đã hết hạn",
  "ResultEveryone": "Phản hồi hiển thị với tất cả mọi người",
  "ResultCreator": "Chỉ hiển thị phản hồi với người tạo",
  "Submit": "Gửi bình chọn",
  "Results": "Xem kết quả",
  "BeTheFirstOneToRespond": "Hãy là người đầu tiên thực hiện cuộc thăm dò ý kiến này",
  "OneResponded": "{0} đã phản hồi",
  "TwoResponded": "{0} và {1} đã phản hồi",
  "ThreeResponded": "{0}, {1} và {2} đã phản hồi",
  "ThreeAndOneOtherResponded": "{0}, {1}, {2} và 1 người khác đã phản hồi",
  "ThreeAndOthersResponded": "{0}, {1}, {2} và {3} người khác đã phản hồi",
  "CreateNewPoll": "Tạo cuộc thăm dò ý kiến mới",
  "ResultsTitle": "Dạng xem kết quả",
  "$manifest.name": "Thăm dò ý kiến",
  "$manifest.views.LaunchView.header": "Tạo cuộc thăm dò ý kiến",
  "$manifest.description": "Đặt câu hỏi và thu thập ý kiến của mọi người",
  "$manifest.msTeamsProps.name.short": "Thăm dò ý kiến",
  "$manifest.msTeamsProps.name.full": "Thăm dò ý kiến",
  "$manifest.msTeamsProps.description.short": "Đặt câu hỏi và thu thập ý kiến của mọi người",
  "$manifest.msTeamsProps.description.full": "Thu thập ý kiến nhóm của bạn bằng cách tạo thăm dò ý kiến trong cuộc trò chuyện hoặc kênh.​ Tìm ứng dụng trong “…” bên dưới hộp soạn thảo thư​. Nhập câu hỏi cùng các lựa chọn và bạn đã hoàn tất. Luôn cập nhật tình hình tham gia khảo sát bằng cách theo dõi phản hồi. Tải xuống kết quả thăm dò ý kiến để chia sẻ với các đồng nghiệp của bạn."
}