{
  "Choice": "Alternativ {0}",
  "ResultsVisibilitySettingsSummaryEveryone": "Resultatet visas för alla",
  "ResultsVisibilitySettingsSummarySenderOnly": "Resultatet visas bara för mig",
  "DueInYears": "Förfaller om {0} år",
  "DueInYear": "Förfaller om {0} år",
  "DueInMonths": "Förfaller om {0} månader",
  "DueInMonth": "Förfaller om {0} månad",
  "DueInWeeks": "Förfaller om {0} veckor",
  "DueInWeek": "Förfaller om {0} vecka",
  "DueInDays": "Förfaller om {0} dagar",
  "DueInDay": "Förfaller om {0} dag",
  "DueInHoursAndMinutes": "Förfaller om {0} timmar, {1} minuter",
  "DueInHourAndMinutes": "Förfaller om {0} timme, {1} minuter",
  "DueInHoursAndMinute": "Förfaller om {0} timmar, {1} minut",
  "DueInHourAndMinute": "Förfaller om {0} timme, {1} minut",
  "DueInHours": "Förfaller om {0} timmar",
  "DueInHour": "Förfaller om {0} timme",
  "DueInMinutes": "Förfaller om {0} minuter",
  "DueInMinute": "Förfaller om {0} minut",
  "Send": "Skicka omröstning",
  "TitleBlankError": "Rubriken får inte lämnas tom",
  "PollTitlePlaceholder": "Ange omröstningsfråga",
  "Settings": "Inställningar",
  "BlankChoiceError": "Alternativet får inte lämnas tomt",
  "You": "Du",
  "YetToRespond": "{0} har inte svarat än",
  "ResponseFetchError": "Det gick inte att hämta svaret. Försök igen.",
  "Back": "Tillbaka",
  "ViewResponses": "Visa svar",
  "Download": "Ladda ned",
  "DownloadResponses": "Ladda ned CSV",
  "DownloadYourResponses": "Ladda ned ditt svar",
  "DownloadImage": "Ladda ned bild",
  "ClosedOn": "Stängt {0}",
  "ExpiredOn": "Upphörde {0}",
  "FeatureNotAvailable": "Den här funktionen är inte tillgänglig för närvarande",
  "OK": "OK",
  "SelectADate": "Välj ett datum...",
  "SelectATime": "Välj en tid...",
  "SomethingWentWrong": "Något gick fel",
  "ChangeDueDate": "Ändra förfallodatum",
  "ChangeDate": "Ändra datum",
  "ClosePoll": "Stäng omröstning",
  "DeletePoll": "Ta bort omröstning",
  "ClosePollConfirmation": "Vill du stänga omröstningen?",
  "DeletePollConfirmation": "Vill du ta bort den här omröstningen?",
  "Participation": "Deltagande {0} %",
  "BarPercentage": "{0} %",
  "ParticipationIndicatorSingular": "{0} av {1} svarade",
  "ParticipationIndicatorPlural": "{0} av {1} svarade",
  "Responders": "Svarande",
  "NonResponders": "Har ännu inte svarat",
  "NotResponded": "Du har inte svarat",
  "YourResponse": "Ditt svar: {0}",
  "VisibilityCreatorOnlyLabel": "Resultat som endast är synligt för avsändaren av denna omröstning",
  "Cancel": "Avbryt",
  "Change": "Ändra",
  "Confirm": "Bekräfta",
  "dueBy": "Förfaller den",
  "dueByDate": "Förfaller {0}",
  "multipleResponses": "Tillåt flera svar",
  "responseOptions": "Svarsalternativ",
  "resultsVisibleTo": "Resultaten visas för",
  "resultsVisibleToAll": "Alla",
  "resultsVisibleToSender": "Bara jag",
  "datePickerPlaceholder": "Välj ett datum...",
  "timePickerPlaceholder": "Välj en tid...",
  "PollResult": "Omröstningsresultat av omröstning – {0}",
  "UnknownMember": "Okänd medlem",
  "AddChoice": "Lägg till alternativ",
  "DeleteChoice": "Ta bort alternativ",
  "GotIt": "Jag förstår",
  "ChatLieErrorText": "Skicka ett meddelande för att få igång konversationen och kom sedan tillbaka till Omröstning",
  "DismissMenu": "Stäng menyn",
  "MoreOptions": "Fler alternativ",
  "PollOptions": "Omröstningsalternativ",
  "GenericError": "Det gick inte att nå den här appen. Försök igen om en stund.",
  "PollDeletedError": "Omröstningen har tagits bort.",
  "PollDeletedErrorDescription": "Den här omröstningen är inte längre relevant och togs bort av skaparen.",
  "Close": "Avsluta",
  "ResponderAccessibilityLabel": "{0} svarade {1} på {2}",
  "OptionResponseAccessibility": "{0}, {1} svarande, {2}",
  "Next": "Nästa",
  "DeleteChoiceX": "Ta bort alternativ {0}",
  "ChangeDueBy": "Ändra förfallodatum",
  "DialogTalkback": "Dialogrutan {0}. {1}",
  "NotRespondedLabel": "Du har inte svarat",
  "NotRespondedLabel.comment": "Meddelande för icke-skapare av omröstning när resultatsynlighet är inställd på endast skapare och omröstning är stängt eller upphört och användaren inte har svarat",
  "PollDeleted": "Omröstningen har tagits bort",
  "PollClosed": "Omröstningen stängd",
  "PollExpired": "Omröstningen har gått ut",
  "ResultEveryone": "Svaren är synliga för alla",
  "ResultCreator": "Svaren är endast synliga för den som skapade omröstningen",
  "Submit": "Skicka röst",
  "Results": "Visa resultat",
  "BeTheFirstOneToRespond": "Bli den första som deltar i omröstningen",
  "OneResponded": "{0} svarade",
  "TwoResponded": "{0} och {1} svarade",
  "ThreeResponded": "{0}, {1} och {2} svarade",
  "ThreeAndOneOtherResponded": "{0}, {1}, {2} och 1 andra svarade",
  "ThreeAndOthersResponded": "{0}, {1}, {2} och {3} andra svarade",
  "CreateNewPoll": "Skapa en ny omröstning",
  "ResultsTitle": "Resultatvy",
  "$manifest.name": "Omröstning",
  "$manifest.views.LaunchView.header": "Skapa omröstning",
  "$manifest.description": "Ställ en fråga och få reda på vad människor tycker",
  "$manifest.msTeamsProps.name.short": "Omröstning",
  "$manifest.msTeamsProps.name.full": "Omröstning",
  "$manifest.msTeamsProps.description.short": "Ställ en fråga och få reda på vad människor tycker",
  "$manifest.msTeamsProps.description.full": "Ta reda på teamets åsikter genom att skapa en omröstning i en chatt eller kanal.​Hitta appen i \"…\" under skrivrutan för meddelanden​. Skriv din fråga och ange alternativen, och sedan är det färdigt. Håll koll på deltagandet genom att spåra svar. Ladda ned omröstningsresultatet och dela det med kollegorna."
}