{"name.short":"โพล","name.full":"โพล","composeExtensions[0].commands[0].title":"สร้างโพล","description.short":"ถามคำถามและรับความคิดเห็นของผู้อื่น","description.full":"รับความคิดเห็นของทีมของคุณโดยสร้างโพลในการแชทหรือแชนเนล​ ค้นหาแอปใน \"…\" ใต้กล่องเขียนข้อความ​ ป้อนคำถามและตัวเลือกของคุณ เท่านี้ก็เป็นอันเรียบร้อย ทันการมีส่วนร่วมอยู่เสมอโดยการติดตามการตอบสนอง ดาวน์โหลดผลโพลเพื่อแชร์กับเพื่อนร่วมงานของคุณ"}