{"name.short":"Avstemming","name.full":"Avstemming","composeExtensions[0].commands[0].title":"Opprett ei undersøking","description.short":"Still eit spørsmål og få andre si meining","description.full":"Få meiningane til teamet ved å opprette ei undersøking i ein chat eller kanal.​ Finn appen i «…» under boksen for meldingsskriving​. Skriv inn spørsmålet og svaralternativa for å kome i gang. Hald oversikt over deltakinga ved å spore svara. Last ned undersøkingsresultata for å dele dei med kollegaene."}