{"name.short":"משאל","name.full":"משאל","composeExtensions[0].commands[0].title":"צור משאל","description.short":"שאל שאלה וקבל חוות דעת של אנשים","description.full":"קבל את חוות דעתו של הצוות שלך על-ידי יצירת תשאול בצ'אט או בערוץ.​ חפש את היישום ב- ‘…‘ תחת התיבה של כתיבת הודעה​. הזן את השאלה והאפשרויות שלך ואתה מוכן לצאת לדרך. הישאר בשליטה על ההשתתפות על-ידי מעקב אחר תגובות. הורד את תוצאת התשאול כדי לשתף עם העמיתים שלך."}