{"name.short":"Sondeig","name.full":"Sondeig","composeExtensions[0].commands[0].title":"Creació d'una enquesta","description.short":"Feu una pregunta i rebeu l'opinió dels usuaris","description.full":"Obteniu l'opinió del vostre equip creant una enquesta en un xat o canal.​ Cerqueu l'aplicació a \"…\" sota el quadre de redacció de missatges​. Introduïu la pregunta i les opcions, i ja haureu acabat. Manteniu-vos al dia de la participació fent un seguiment de les respostes. Baixeu els resultats de l'enquesta per compartir-los amb els companys de feina."}