{
  "Choice": "{0} 个选项",
  "ResultsVisibilitySettingsSummaryEveryone": "结果对所有人可见",
  "ResultsVisibilitySettingsSummarySenderOnly": "结果仅对我可见",
  "DueInYears": "{0} 年后到期",
  "DueInYear": "{0} 年后到期",
  "DueInMonths": "{0} 个月后到期",
  "DueInMonth": "{0} 个月后到期",
  "DueInWeeks": "{0} 个月后到期",
  "DueInWeek": "{0} 个月后到期",
  "DueInDays": "{0} 天后到期",
  "DueInDay": "{0} 天后到期",
  "DueInHoursAndMinutes": "{0} 小时 {1} 分钟后到期",
  "DueInHourAndMinutes": "{0} 小时 {1} 分钟后到期",
  "DueInHoursAndMinute": "{0} 小时 {1} 分钟后到期",
  "DueInHourAndMinute": "{0} 小时 {1} 分钟后到期",
  "DueInHours": "{0} 小时后到期",
  "DueInHour": "{0} 小时后到期",
  "DueInMinutes": "{0} 分钟后到期",
  "DueInMinute": "{0} 分钟后到期",
  "Send": "发送投票",
  "TitleBlankError": "标题不能留空",
  "PollTitlePlaceholder": "输入投票问题",
  "Settings": "设置",
  "BlankChoiceError": "选项不能留空",
  "You": "你",
  "YetToRespond": "{0} 尚待答复",
  "ResponseFetchError": "答复提取失败，请重试。",
  "Back": "返回",
  "ViewResponses": "查看答复",
  "Download": "下载",
  "DownloadResponses": "下载 CSV",
  "DownloadYourResponses": "下载你的回复",
  "DownloadImage": "下载图像",
  "ClosedOn": "关闭时间: {0}",
  "ExpiredOn": "过期时间: {0}",
  "FeatureNotAvailable": "此功能当前不可用",
  "OK": "确定",
  "SelectADate": "选择日期...",
  "SelectATime": "选择时间...",
  "SomethingWentWrong": "出错了",
  "ChangeDueDate": "更改截止日期",
  "ChangeDate": "更改日期",
  "ClosePoll": "关闭投票",
  "DeletePoll": "删除投票",
  "ClosePollConfirmation": "是否确定要删除此投票?",
  "DeletePollConfirmation": "是否确定要删除此投票?",
  "Participation": "参与 {0}%",
  "BarPercentage": "{0}%",
  "ParticipationIndicatorSingular": "{0} 人已答复(共 {1} 人)",
  "ParticipationIndicatorPlural": "{0} 人已答复(共 {1} 人)",
  "Responders": "答复者",
  "NonResponders": "待回复",
  "NotResponded": "你尚未答复",
  "YourResponse": "你的答复: {0}",
  "VisibilityCreatorOnlyLabel": "结果仅对此投票的发件人可见",
  "Cancel": "取消",
  "Change": "更改",
  "Confirm": "确认",
  "dueBy": "截止日期",
  "dueByDate": "截止日期: {0}",
  "multipleResponses": "允许多个答复",
  "responseOptions": "答复选项",
  "resultsVisibleTo": "结果可见于",
  "resultsVisibleToAll": "所有人",
  "resultsVisibleToSender": "仅限我",
  "datePickerPlaceholder": "选择日期...",
  "timePickerPlaceholder": "选择时间...",
  "PollResult": "投票结果 - {0}",
  "UnknownMember": "未知成员",
  "AddChoice": "添加选项",
  "DeleteChoice": "删除选项",
  "GotIt": "知道了",
  "ChatLieErrorText": "发送一条消息以开始此对话，然后返回到“投票”",
  "DismissMenu": "关闭菜单",
  "MoreOptions": "更多选项",
  "PollOptions": "投票选项",
  "GenericError": "访问此应用时出现问题。请稍后再试。",
  "PollDeletedError": "此投票已被删除。",
  "PollDeletedErrorDescription": "此投票不再相关，创建者已将其删除。",
  "Close": "关闭",
  "ResponderAccessibilityLabel": "{0} 已于 {2} 答复了 {1}",
  "OptionResponseAccessibility": "{0}，{1} 名答复者，{2}",
  "Next": "下一个",
  "DeleteChoiceX": "删除选项 {0}",
  "ChangeDueBy": "更改截止时间",
  "DialogTalkback": "{0} 对话框。{1}",
  "NotRespondedLabel": "你未响应",
  "NotRespondedLabel.comment": "当结果可见性设置为仅限创建者且投票已关闭或已过期，同时用户未响应时，非投票的非创建者消息",
  "PollDeleted": "此投票已被删除",
  "PollClosed": "投票已关闭",
  "PollExpired": "投票已过期",
  "ResultEveryone": "答复对所有人均可见",
  "ResultCreator": "答复仅对创建者可见",
  "Submit": "提交投票",
  "Results": "查看结果",
  "BeTheFirstOneToRespond": "成为参与投票的第一人",
  "OneResponded": "{0} 已答复",
  "TwoResponded": "{0} 和 {1} 已答复",
  "ThreeResponded": "{0}、{1} 和 {2} 已答复",
  "ThreeAndOneOtherResponded": "{0}、{1}、{2} 和其他 1 人已答复",
  "ThreeAndOthersResponded": "{0}、{1}、{2} 和其他 {3} 人已答复",
  "CreateNewPoll": "新建投票",
  "ResultsTitle": "结果视图",
  "$manifest.name": "投票",
  "$manifest.views.LaunchView.header": "创建投票",
  "$manifest.description": "进行提问并听取大家的意见",
  "$manifest.msTeamsProps.name.short": "投票",
  "$manifest.msTeamsProps.name.full": "投票",
  "$manifest.msTeamsProps.description.short": "进行提问并听取大家的意见",
  "$manifest.msTeamsProps.description.full": "通过在聊天或频道中创建投票，收集团队的意见。​在消息撰写框下的“…”中找到应用。​输入问题和选项即可。通过跟踪答复掌握参与情况。下载投票结果与同事共享。"
}