{"name.short":"Sondaggio","name.full":"Sondaggio","composeExtensions[0].commands[0].title":"Crea sondaggio","description.short":"Fai una domanda e ottieni l'opinione delle persone","description.full":"Crea un sondaggio in una chat o in un canale per ricevere le opinioni del team.​ Trova l'app in \"…\" nella casella di composizione del messaggio​ Inserisci la domanda, le relative scelte e continua. Rimani aggiornato sul livello di partecipazione tenendo traccia delle risposte. Scarica i risultati del sondaggio per condividerli con i colleghi."}